"Reef.Number","OldReefName","Year","Coral.Cover","Method","Lat","Long","Mean","CoverLower_estimate","CoverUpper_estimate","Range"
1,"U/N Reef (10-330)",2014,29.72676,"Reefmod",NA,NA,56.3902820975679,46.598821117615,65.0422569693917,18.4434358517767
2,"Harrington Shoal (10-331)",2014,28.80647,"Reefmod",NA,NA,55.4079942811849,45.952880642619,64.3664640588224,18.4135834162035
3,"U/N Reef (10-332)",2014,17.0333,"Reefmod",NA,NA,49.9957368928336,44.4266357319357,58.5202445996746,14.0936088677389
4,"U/N Reef (10-333)",2014,16.83148,"Reefmod",NA,NA,51.2995646636223,39.8291289693599,62.8255913380329,22.996462368673
5,"Four Fathom Patches (10-334)",2014,17.76398,"Reefmod",NA,NA,58.1781012537761,51.9440140987935,65.6662537872356,13.7222396884421
6,"Harrington Reef (10-335)",2014,35.92157,"Reefmod",NA,NA,60.6464450525152,52.7754827908049,69.4357962775728,16.6603134867679
7,"Wyborn Reef (10-336)",2014,36.0091,"Reefmod",NA,NA,48.9628856190755,39.4811832618467,61.3310736871904,21.8498904253437
8,"U/N Reef (10-337)",2014,36.3586,"Reefmod",NA,NA,46.4708224322351,34.2671141099404,59.7742496117228,25.5071355017824
9,"Womer Reef",2020,6,"Census",-10.7999,142.9836,27.4839350393647,17.5032847198174,35.3489877265151,17.8457030066977
10,"Brewis Reef (10-339)",2014,29.46378,"Reefmod",NA,NA,55.9461778204107,40.3532165546218,66.1412663928881,25.7880498382663
11,"Turtle Island Reef (10-340)",2014,30.09497,"Reefmod",NA,NA,55.8891089520019,44.1843726999572,63.2943541181246,19.1099814181674
12,"Shortland Reef (10-341)",2014,31.80236,"Reefmod",NA,NA,54.5957841982857,38.5737658021173,64.9622803871766,26.3885145850593
13,"Trochus Reef (10-342)",2014,22.62492,"Reefmod",NA,NA,56.4561516725118,45.075742262863,67.0879943857414,22.0122521228784
14,"U/N Reef (10-299)",2023,25.4,"RJFMP",NA,NA,28.1094583174549,18.093973179833,37.1272073724922,19.0332341926592
15,"Tree Reef (10-316)",2014,32.91887,"Reefmod",NA,NA,62.5722013522062,57.0207473509706,69.9152283084815,12.8944809575109
16,"Brush Islet Reef (10-317)",2014,33.68499,"Reefmod",NA,NA,55.4424123295711,44.071022188178,63.4762834256928,19.4052612375148
17,"Albany Island Reef (No 1) (10-318a)",2014,33.27626,"Reefmod",NA,NA,56.3184749849919,44.2835292788786,65.7582535270609,21.4747242481823
18,"Albany Island Reef (No 2) (10-318b)",2014,32.50617,"Reefmod",NA,NA,44.7752082347167,32.0164807908455,57.8995537588386,25.8830729679931
19,"Albany Island Reef (No 3) (10-318c)",2014,29.4207,"Reefmod",NA,NA,57.7180756514363,45.9723611740139,68.145464504907,22.1731033308931
20,"Albany Island Reef (No 4) (10-318d)",2014,27.24586,"Reefmod",NA,NA,52.4227068273803,43.3978312846076,62.5699513575417,19.172120072934
21,"Mai Reef (10-320)",2014,33.81494,"Reefmod",NA,NA,54.332385387717,33.8056513283615,69.1728562184652,35.3672048901037
22,"Albany Rock Reef (10-321)",2014,22.06604,"Reefmod",NA,NA,52.0541152519572,37.8099343275771,62.6810947349908,24.8711604074137
23,"North Brother Reef (10-322)",2014,25.98786,"Reefmod",NA,NA,54.369591041527,41.8064886768442,65.7401365861928,23.9336479093486
24,"Middle Brother Reef (10-323)",2014,39.4824,"Reefmod",NA,NA,56.4325621689539,49.7311735571881,62.409376091423,12.6782025342349
25,"South Brother Reef (10-324)",2014,30.34249,"Reefmod",NA,NA,52.0172455521394,40.5775647688563,61.3016878172473,20.724123048391
26,"North Ledge (10-325)",2014,37.81261,"Reefmod",NA,NA,46.1063945363734,36.1259625010963,62.2060155543278,26.0800530532315
27,"Meggi-Damun Reef (10-326)",2014,35.78353,"Reefmod",NA,NA,58.0559844880297,45.7908500347898,68.2768141585442,22.4859641237544
28,"South Ledge (10-327)",2024,13.6,"COTS",NA,NA,19.2565494982713,18.5407511234445,20.7803894374083,2.23963831396382
29,"Ulfa Reef (10-328)",2014,27.95297,"Reefmod",NA,NA,52.5416923595836,39.3110151733746,64.4343652368318,25.1233500634572
30,"Ariel Bank (10-329)",2014,27.97187,"Reefmod",NA,NA,52.67651401617,35.8367241307947,65.6321380311087,29.795413900314
31,"U/N Reef (10-401)",2014,30.90764,"Reefmod",NA,NA,55.4522785115958,51.6794967855042,62.8596882219609,11.1801914364567
32,"U/N Reef (10-402)",2014,29.919,"Reefmod",NA,NA,54.9193206082933,45.5925828551657,63.1152979821424,17.5227151269768
33,"U/N Reef (10-403)",2024,30.9,"RJFMP",NA,NA,32.8636101717808,23.1500772427204,42.7981870913568,19.6481098486364
34,"U/N Reef (10-404)",2014,35.83186,"Reefmod",NA,NA,55.6931687535287,41.6067562444525,64.3080682201398,22.7013119756874
35,"U/N Reef (10-405)",2014,27.59276,"Reefmod",NA,NA,55.580707220401,46.8666033644114,64.5505272128066,17.6839238483953
36,"U/N Reef (10-406)",2024,29.1,"RJFMP",NA,NA,28.8423842646324,21.5411934502432,36.2137243269976,14.6725308767544
37,"U/N Reef (10-407a)",2014,29.20347,"Reefmod",NA,NA,56.9147689481737,47.6289808865425,65.2490750009348,17.6200941143923
38,"Turtle Head Island Reef (No 1) (10-343a)",2014,25.6999,"Reefmod",NA,NA,55.9983225958011,52.0366292548961,63.5918983192716,11.5552690643755
39,"Turtle Head Island Reef (No 2) (10-343b)",2014,25.48282,"Reefmod",NA,NA,56.9208587627831,45.3880122324722,68.6168387977209,23.2288265652488
40,"Tern Reef (10-344)",2014,16.06711,"Reefmod",NA,NA,57.0824543748857,46.1340832106624,66.4191503294974,20.285067118835
41,"U/N Reef (10-348)",2014,28.02139,"Reefmod",NA,NA,44.7607599623307,38.1598428443044,52.2311348672966,14.0712920229922
42,"U/N Reef (10-349)",2024,9.6,"RJFMP",NA,NA,9.02304663895096,4.51480403748931,11.7501916259106,7.23538758842128
43,"U/N Reef (10-350)",2014,37.54985,"Reefmod",NA,NA,42.8488236784089,30.22305105405,56.980985151077,26.7579340970269
44,"U/N Reef (10-351)",2023,31,"RJFMP",NA,NA,25.3994489504751,18.0012479276676,34.9551670948831,16.9539191672155
45,"U/N Reef (10-352)",2024,18.8,"RJFMP",NA,NA,17.246699840055,12.3515432485664,22.6662928731474,10.314749624581
46,"U/N Reef (10-353)",2023,43,"RJFMP",NA,NA,38.8329099160465,25.9441167270864,48.751280272503,22.8071635454166
47,"U/N Reef (10-354)",2014,34.74005,"Reefmod",NA,NA,40.0707533900276,25.9054332016616,51.4771365701883,25.5717033685267
48,"U/N Reef (10-355)",2014,36.17918,"Reefmod",NA,NA,34.2351126301624,24.5337300254131,47.1332728697629,22.5995428443498
49,"U/N Reef (10-356)",2014,40.61406,"Reefmod",NA,NA,39.4042964783983,23.5373787286728,48.4712086545806,24.9338299259077
50,"U/N Reef (10-357)",2014,38.12568,"Reefmod",NA,NA,46.3126206767186,37.1938555716075,54.3183049382095,17.1244493666019
51,"U/N Reef (10-358)",2023,24.5,"RJFMP",NA,NA,28.6111082496653,16.3623345684034,37.5093428574864,21.147008289083
52,"U/N Reef (10-359)",2014,37.37766,"Reefmod",NA,NA,40.2199228426042,29.5333812214699,51.6870171011708,22.1536358797009
53,"U/N Reef (10-360)",2014,45.35982,"Reefmod",NA,NA,44.4431141588905,35.3919517503963,56.1029771927021,20.7110254423057
54,"U/N Reef (10-361)",2014,40.39833,"Reefmod",NA,NA,38.1508321246204,28.4178405124737,48.3636717764673,19.9458312639936
55,"U/N Reef (10-362)",2014,44.57717,"Reefmod",NA,NA,40.2469187529944,36.4487684654752,43.7175339571889,7.26876549171372
56,"U/N Reef (10-363)",2014,36.43669,"Reefmod",NA,NA,35.9542596711196,24.893313043682,45.7984546655101,20.9051416218281
57,"U/N Reef",2022,7,"Census",-10.8976,143.21,14.2321023240556,12.0271239884726,18.0853823041388,6.0582583156662
58,"Linda Reef",2022,0,"Census",-10.9066,143.1778,5.0807774990974,3.23958016424291,7.25045852582007,4.01087836157717
59,"U/N Reef (10-366)",2014,31.30142,"Reefmod",NA,NA,38.8573006935784,27.8955134407265,47.3853325390646,19.4898190983381
60,"U/N Reef (10-367)",2024,1.3,"RJFMP",NA,NA,3.61492881525774,2.79287326255441,4.62665029124729,1.83377702869288
61,"U/N Reef (10-368)",2024,14.7,"RJFMP",NA,NA,13.9709680756907,9.99271808462046,17.8636291782237,7.87091109360325
62,"U/N Reef (10-369)",2024,11.6,"RJFMP",NA,NA,12.2246047672274,8.73252400379993,15.4454886484403,6.71296464464033
63,"U/N Reef (10-370)",2014,39.92822,"Reefmod",NA,NA,46.4036128708464,37.592752635321,57.0031168898983,19.4103642545773
64,"U/N Reef (10-371)",2024,34.7,"RJFMP",NA,NA,25.7458513009122,15.4346049293081,31.9248959426661,16.490291013358
65,"10-372",2024,19.86474394,"Census",-10.9503,143.1571,16.2292835436224,11.6953146688671,21.6447546424935,9.94943997362635
66,"U/N Reef (10-373)",2024,16.9,"COTS",NA,NA,14.9462152658192,9.15151603929329,20.2159916900116,11.0644756507183
67,"U/N Reef (10-374)",2014,36.29762,"Reefmod",NA,NA,38.9153056648688,29.6181248775193,47.845661208049,18.2275363305296
68,"U/N Reef (10-375a)",2014,38.29218,"Reefmod",NA,NA,42.3209672843534,28.2164025246281,54.3957474027767,26.1793448781486
69,"U/N Reef (10-375b)",2014,38.68303,"Reefmod",NA,NA,32.8539666657543,25.5037664617129,36.4701290470689,10.9663625853559
70,"U/N Reef (10-376)",2014,47.19075,"Reefmod",NA,NA,46.1280597435358,31.4363622894232,58.6677550623341,27.2313927729109
71,"U/N Reef (10-378)",2014,37.94965,"Reefmod",NA,NA,45.2807053683157,35.7398108247342,53.6499103678352,17.910099543101
72,"U/N Reef (10-381)",2025,23.6,"COTS",NA,NA,23.6,23.6,23.6,0
73,"U/N Reef (10-382)",2024,30,"RJFMP",NA,NA,34.0953360023747,28.9115151883927,41.0154122666782,12.1038970782855
74,"U/N Reef (10-384)",2024,27.1,"RJFMP",NA,NA,29.4429145798023,25.4552422170779,33.7589565278632,8.3037143107853
75,"U/N Reef (10-385)",2025,12.6,"COTS",NA,NA,12.6,12.6,12.6,0
76,"U/N Reef (10-386)",2025,16.4,"COTS",NA,NA,16.4,16.4,16.4,0
77,"U/N Reef (10-387)",2024,27.5,"RJFMP",NA,NA,15.559219291645,9.39251299496847,22.5589030203847,13.1663900254162
78,"U/N Reef (10-389)",2014,29.68608,"Reefmod",NA,NA,53.5294890070189,45.5038483795069,67.1886842938962,21.6848359143893
79,"U/N Reef (10-390)",2014,32.97036,"Reefmod",NA,NA,60.72180133431,53.8471064791107,66.8622218176653,13.0151153385545
80,"Triangle Reef",2021,6,"Census",-10.7554,143.9823,29.5488162769004,18.1427631447054,38.9935086984597,20.8507455537543
81,"U/N Reef (10-392)",2014,30.60706,"Reefmod",NA,NA,45.0766392942513,34.1621141405461,55.1905959868181,21.028481846272
82,"U/N Reef (10-393)",2014,19.45315,"Reefmod",NA,NA,56.6173580733396,44.6844996840433,67.0903420515982,22.4058423675549
83,"U/N Reef (10-394)",2024,16.7,"RJFMP",NA,NA,14.86681174747,11.2503554642218,18.7462272495126,7.49587178529076
84,"U/N Reef (10-395)",2014,33.13242,"Reefmod",NA,NA,53.2139469669362,41.5221460788041,64.3722510578745,22.8501049790704
85,"U/N Reef (10-396)",2014,30.09915,"Reefmod",NA,NA,51.9147216296472,43.0692239917816,67.4309850014004,24.3617610096188
86,"U/N Reef (10-397)",2014,24.5673,"Reefmod",NA,NA,62.7149803890119,61.6294504316399,67.6945700766931,6.06511964505323
87,"U/N Reef (10-398)",2024,33.4,"RJFMP",NA,NA,35.3104242529621,23.3397313340993,41.4658045614302,18.1260732273309
88,"U/N Reef (10-399)",2014,31.82002,"Reefmod",NA,NA,60.5509939247853,53.31457168813,66.2354434801584,12.9208717920283
89,"U/N Reef (10-400)",2024,40.7,"RJFMP",NA,NA,40.7931927308285,35.8320464245105,46.7177000705681,10.8856536460577
90,"U/N Reef",2021,8,"Census",-10.9508,144.0145,30.2732460156906,25.3284407317053,36.5173539859945,11.1889132542892
91,"U/N Reef (10-427)",2014,37.05688,"Reefmod",NA,NA,37.8220606357297,22.6569589157195,48.7944756372359,26.1375167215164
92,"U/N Reef (10-428a)",2014,28.10969,"Reefmod",NA,NA,55.6178355991903,47.2886603444327,66.9655518986247,19.676891554192
93,"U/N Reef (10-428b)",2014,28.0751,"Reefmod",NA,NA,54.5035766545747,43.456658748211,64.3526671376363,20.8960083894252
94,"U/N Reef (10-430)",2014,31.9968,"Reefmod",NA,NA,55.2947243268074,45.9661219755591,63.6229538262171,17.656831850658
95,"U/N Reef (10-431)",2014,28.05336,"Reefmod",NA,NA,54.4885604161388,44.0393106470886,62.7341418387494,18.6948311916607
96,"U/N Reef (10-432)",2014,27.63007,"Reefmod",NA,NA,49.3143189531902,36.8244339879577,62.8781230516157,26.053689063658
97,"U/N Reef (10-434)",2014,29.27836,"Reefmod",NA,NA,54.2383637397789,47.826193848854,65.5537244605341,17.7275306116802
98,"U/N Reef (10-436)",2023,0,"RJFMP",NA,NA,4.91762126589846,3.91626640851088,6.18789148330688,2.27162507479601
99,"U/N Reef (10-437)",2014,47.22684,"Reefmod",NA,NA,32.3820483998278,19.8502217170469,48.7720028898143,28.9217811727674
100,"U/N Reef (10-438)",2014,42.37214,"Reefmod",NA,NA,44.4567005217023,32.8391903759758,59.0716203313216,26.2324299553458
101,"U/N Reef (10-439)",2014,36.62524,"Reefmod",NA,NA,46.1733535468474,31.7467660194782,57.1325826832405,25.3858166637623
102,"U/N Reef (10-440)",2014,33.27106,"Reefmod",NA,NA,51.75080531444,27.2089296616502,67.9994815040333,40.7905518423831
103,"U/N Reef (10-441)",2014,17.04999,"Reefmod",NA,NA,52.3912017596762,33.4858795523029,68.0263243320188,34.5404447797159
104,"U/N Reef (10-442)",2014,28.32404,"Reefmod",NA,NA,55.7396882632697,44.897305054409,64.5079074139038,19.6106023594947
105,"U/N Reef (10-443)",2014,26.07016,"Reefmod",NA,NA,58.639212498723,42.7107256348349,68.8156474924017,26.1049218575668
106,"U/N Reef (10-444)",2014,37.90727,"Reefmod",NA,NA,53.2422439927852,43.6066838809646,62.6935979774144,19.0869140964498
107,"U/N Reef (10-445)",2014,31.48959,"Reefmod",NA,NA,50.5945706638714,40.1384250550166,60.0962746818706,19.9578496268539
108,"U/N Reef (10-800)",2014,34.83055,"Reefmod",NA,NA,45.722589711023,33.9577008533317,53.8068887553828,19.8491879020511
109,"U/N Reef (10-801)",2014,25.69562,"Reefmod",NA,NA,57.9266475268724,49.8747310000967,65.1187275470106,15.2439965469139
110,"U/N Reef (10-807)",2014,29.99491,"Reefmod",NA,NA,54.9625902240188,43.4652680315548,66.966485493734,23.5012174621792
111,"U/N Reef (10-407b)",2014,30.22725,"Reefmod",NA,NA,61.7392469089374,50.4648586500119,72.9836781419894,22.5188194919775
112,"U/N Reef (10-408)",2014,37.15524,"Reefmod",NA,NA,49.5272594559946,39.1058645664691,63.6828130785775,24.5769485121084
113,"U/N Reef (10-409)",2014,37.83034,"Reefmod",NA,NA,53.6697712111477,41.6894113467133,66.3942780406632,24.7048666939499
114,"U/N Reef (10-410)",2014,37.04451,"Reefmod",NA,NA,61.641664279551,58.1195841714241,68.8513313184432,10.7317471470191
115,"U/N Reef (10-411)",2014,37.66006,"Reefmod",NA,NA,42.5991578909544,27.2551902559747,54.9242462562319,27.6690560002572
116,"U/N Reef (10-411b)",2014,33.59789,"Reefmod",NA,NA,42.4877726812389,28.4344064118706,52.3413029829917,23.906896571121
117,"U/N Reef (10-412)",2014,27.84248,"Reefmod",NA,NA,54.7701544429753,45.1437770538598,63.0183050038927,17.8745279500329
118,"U/N Reef (10-413)",2014,36.34611,"Reefmod",NA,NA,39.0131697436674,25.1399812345613,52.6144162940481,27.4744350594868
119,"U/N Reef (10-414)",2024,21.4,"RJFMP",NA,NA,24.8871095839879,21.2148847509769,28.1442347842647,6.92935003328778
120,"U/N Reef (10-415)",2014,37.47691,"Reefmod",NA,NA,36.3682087562454,24.4007247220585,47.906805253923,23.5060805318646
121,"U/N Reef",2021,1,"Census",-10.9639,144.0152,18.2036010918114,8.90840184676648,23.0357003937774,14.1272985470109
122,"U/N Reef",2021,4,"Census",-10.9659,144.0322,22.7398293587798,17.6459002839215,30.1972319651823,12.5513316812608
123,"U/N Reef (10-417)",2014,44.15594,"Reefmod",NA,NA,43.6641669067708,27.9220229370309,58.4204476732941,30.4984247362632
124,"U/N Reef (10-418a)",2014,28.79659,"Reefmod",NA,NA,48.8500675716694,37.2669901825781,60.4059719171379,23.1389817345598
125,"U/N Reef",2021,17,"Census",-10.9861,144.0181,40.8810932107607,29.5641981434616,50.8539215086759,21.2897233652143
126,"U/N Reef (10-419a)",2024,35.2,"RJFMP",NA,NA,40.358105528189,35.2112697653378,46.6590740053891,11.4478042400513
127,"U/N Reef",2021,0,"Census",-11.0179,144.0131,15.6649199201409,6.52836214378998,24.0945237595327,17.5661616157427
128,"U/N Reef",2021,3,"Census",-11.0178,143.995,21.8428608665988,13.5050492154434,27.3164825349524,13.8114333195089
129,"U/N Reef (10-421)",2014,33.98165,"Reefmod",NA,NA,42.3596922748292,34.2119815651654,51.9295438691053,17.7175623039398
130,"U/N Reef (10-422)",2014,38.57074,"Reefmod",NA,NA,37.3459226180073,21.5421131686586,53.2816839836657,31.7395708150071
131,"U/N Reef (10-423)",2014,38.37269,"Reefmod",NA,NA,51.5832135553501,43.6918510996623,59.0964722712335,15.4046211715712
132,"U/N Reef (10-424)",2014,27.40801,"Reefmod",NA,NA,52.6510701591442,40.8949495916927,60.523076628929,19.6281270372363
133,"U/N Reef (10-425)",2014,35.53899,"Reefmod",NA,NA,37.1949559255827,26.5072755269639,51.2203629057396,24.7130873787758
134,"U/N Reef",2022,18,"Census",-11.1761,143.1012,24.1336658603305,19.7833149146527,29.522950717086,9.73963580243335
135,"Arnold Reef (11-001)",2014,30.91488,"Reefmod",NA,NA,55.3211307678535,44.5584251015377,63.4706907103648,18.9122656088271
136,"Thomson Islet Reef (11-002)",2014,25.84106,"Reefmod",NA,NA,50.4719870544368,39.3466009664225,61.7672350949334,22.4206341285108
137,"U/N Reef (11-003)",2014,29.22984,"Reefmod",NA,NA,55.2336467525537,45.1376895715004,61.9948913218839,16.8572017503835
138,"Gilmore Bank (11-004)",2014,18.15015,"Reefmod",NA,NA,61.3668510184838,58.3718499171748,66.1602621181379,7.78841220096311
139,"U/N Reef (11-005)",2014,20.70406,"Reefmod",NA,NA,50.8834071705413,40.990128649359,62.7417899498143,21.7516613004553
140,"U/N Reef (11-006)",2014,23.80831,"Reefmod",NA,NA,50.7953179117058,34.0269232120846,63.4084706565886,29.3815474445039
141,"U/N Reef (11-007)",2014,19.30049,"Reefmod",NA,NA,54.2002880323732,44.1588125386736,62.9563086029143,18.7974960642407
142,"U/N Reef (11-008)",2014,26.61238,"Reefmod",NA,NA,46.0576339720272,37.5632702647194,54.6187815351828,17.0555112704634
143,"Bushy Island Reef (11-009)",2014,37.31733,"Reefmod",NA,NA,61.9411604534265,57.9266001296397,68.1659838439675,10.2393837143278
144,"Cairncross Islets Reef (11-010)",2014,35.5656,"Reefmod",NA,NA,48.2609998629276,37.2676310050075,58.7328332145994,21.4652022095919
145,"U/N Reef (11-011a)",2014,20.19467,"Reefmod",NA,NA,54.1080401079671,34.3359601013149,65.9570273883937,31.6210672870788
146,"U/N Reef (11-011b)",2014,19.72894,"Reefmod",NA,NA,54.1765454454176,42.8895275253643,65.4585509233825,22.5690233980182
147,"U/N Reef (11-012)",2014,27.33781,"Reefmod",NA,NA,50.8469577316868,45.9463937129301,58.4874676873867,12.5410739744566
148,"Halfway Islet Reef (11-013)",2014,37.80479,"Reefmod",NA,NA,54.1697368037958,44.0995163324278,61.0290935744736,16.9295772420458
149,"Pearn Reef (11-014)",2014,23.2071,"Reefmod",NA,NA,53.4803802015149,41.9059396392715,62.1948593956031,20.2889197563316
150,"U/N Reef (11-015)",2014,31.85198,"Reefmod",NA,NA,50.8827361752985,43.5688466878171,60.0043103207226,16.4354636329056
151,"McSweeney Reef (11-016)",2023,13.654,"Manta",NA,NA,17.6616106373855,14.5376580300531,22.0031012114086,7.46544318135558
152,"U/N Reef (11-017)",2014,40.2343,"Reefmod",NA,NA,42.838348110739,32.9661440071286,53.1063162053145,20.1401721981859
153,"U/N Reef (11-018)",2014,34.27249,"Reefmod",NA,NA,45.7724069363896,39.7005728327197,53.4342018568093,13.7336290240897
154,"U/N Reef (11-019)",2014,42.19172,"Reefmod",NA,NA,38.7336782013207,32.5901449090279,46.2633418223904,13.6731969133625
155,"U/N Reef (11-020)",2014,36.1987,"Reefmod",NA,NA,39.7822342743808,31.2304179567539,46.9359743861407,15.7055564293868
156,"U/N Reef (11-021)",2014,37.60365,"Reefmod",NA,NA,45.1565576143775,26.3909612488512,56.0515237374366,29.6605624885854
157,"U/N Reef (11-022)",2014,37.4267,"Reefmod",NA,NA,37.5160120633117,27.3851562034916,49.1150812594264,21.7299250559348
158,"U/N Reef (11-023)",2014,38.773,"Reefmod",NA,NA,46.4536184370582,31.3138809122431,57.976410226203,26.6625293139599
159,"U/N Reef (11-024)",2014,31.94427,"Reefmod",NA,NA,42.080899258584,38.1733390742976,49.0884517055913,10.9151126312937
160,"U/N Reef",2022,7,"Census",-11.07,143.0908,12.8084899153663,9.30819369213964,16.1017633848492,6.7935696927096
161,"Sinclair Reef",2022,2,"Census",-11.1166,143.0285,8.58526493795216,7.18482044182718,10.0394785608184,2.85465811899118
162,"U/N Reef (11-027)",2014,15.06621,"Reefmod",NA,NA,48.1468719955524,32.9547491936856,61.062710528485,28.1079613347994
163,"U/N Reef (11-028)",2014,37.58022,"Reefmod",NA,NA,37.2298280067393,24.5056526766459,51.4907919266399,26.9851392499941
164,"Monsoon Reef (11-029)",2022,15.98,"AIMS Transect",NA,NA,16.7569097812964,13.0842522038356,23.0139459160913,9.92969371225572
165,"U/N Reef (11-030)",2014,35.08893,"Reefmod",NA,NA,38.4044502451682,25.8958012260967,47.3282069872992,21.4324057612024
166,"U/N Reef (11-031)",2014,27.61413,"Reefmod",NA,NA,41.1524605219361,34.3365232380248,50.3815396340823,16.0450163960574
167,"U/N Reef (11-032)",2014,39.81353,"Reefmod",NA,NA,43.1517069224654,23.7490418536843,58.3116399572497,34.5625981035653
168,"U/N Reef (11-033a)",2014,33.77763,"Reefmod",NA,NA,47.7710455332497,33.4309972867722,59.4657530639228,26.0347557771506
169,"U/N Reef (11-033b)",2014,41.36831,"Reefmod",NA,NA,46.4944995862718,36.0967735710375,61.1147377240271,25.0179641529897
170,"Turning Point Patches (No 2) (11-048b)",2014,36.70102,"Reefmod",NA,NA,46.1741893115214,31.1289861967835,59.6499189633527,28.5209327665692
171,"U/N Reef (11-049)",2023,18.672,"Manta",NA,NA,32.0106501043341,25.9965235601078,36.3772275819647,10.3807040218568
172,"U/N Reef (11-050)",2014,30.95971,"Reefmod",NA,NA,51.207723621879,34.8987053086083,63.5468507845054,28.6481454758971
173,"U/N Reef (11-051)",2014,21.30408,"Reefmod",NA,NA,50.9238802901158,44.3148669409214,58.7511430909911,14.4362761500697
174,"Cholmondeley Reef (11-052)",2014,36.05987,"Reefmod",NA,NA,64.9231076778391,61.0539548044543,70.2411960228955,9.18724121844118
175,"Jardine Reef (11-053)",2014,39.40333,"Reefmod",NA,NA,53.6771576170831,40.7071722764447,67.0989007245891,26.3917284481445
176,"U/N Reef (11-054)",2014,29.87069,"Reefmod",NA,NA,57.2051797813338,53.1103390352229,64.3433892760624,11.2330502408395
177,"Wallace Islet Reef (11-055)",2014,35.61068,"Reefmod",NA,NA,55.2859841554187,45.808228983821,64.2745043806236,18.4662753968026
178,"Milman-Aplin Reef (11-035)",2014,33.68694,"Reefmod",NA,NA,55.4456112682342,46.2758340768306,65.0928479716188,18.8170138947882
179,"Parsons Reef",2022,2,"Census",-11.1844,143.1976,5.66794451097492,3.11953713522665,8.98545534949561,5.86591821426896
180,"Collette Reef (11-037)",2024,18.5,"RJFMP",NA,NA,15.5338720174339,11.3197378101851,19.3145478855125,7.9948100753274
181,"Douglas Islet Reef (11-038)",2014,33.91109,"Reefmod",NA,NA,58.2749085219225,51.520295000562,67.9812497178592,16.4609547172972
182,"U/N Reef (11-039)",2024,17.9,"RJFMP",NA,NA,22.3116877520195,16.2114725950129,27.4473662306985,11.2358936356855
183,"U/N Reef (11-040)",2014,31.15689,"Reefmod",NA,NA,35.9085330697565,24.2646565304529,49.9542145835437,25.6895580530908
184,"U/N Reef (11-041a)",2014,28.25283,"Reefmod",NA,NA,52.1453528565438,37.9087346777258,69.9491702678229,32.0404355900971
185,"U/N Reef (11-041b)",2014,26.5676,"Reefmod",NA,NA,63.6477348629985,60.385686766511,68.4688329752033,8.08314620869227
186,"U/N Reef",2022,5,"Census",-11.295,143.1963,13.6871173585672,11.1580061806961,15.5554015646353,4.39739538393916
187,"Onslow Reef (11-043)",2014,36.08304,"Reefmod",NA,NA,57.5142095771131,45.0317234638597,66.9836384843243,21.9519150204646
188,"Wilds Shoal (11-044)",2014,37.31681,"Reefmod",NA,NA,34.5710114591281,17.4429338950044,49.4628541727602,32.0199202777558
189,"U/N Reef (11-045)",2014,35.774,"Reefmod",NA,NA,46.5396996570795,32.296735712922,57.3555966136056,25.0588609006836
190,"U/N Reef",2022,6,"Census",-11.3191,143.1263,16.2968877400412,13.1236136499606,19.6917317885478,6.56811813858719
191,"U/N Reef (11-047)",2014,32.40268,"Reefmod",NA,NA,60.3315267545136,53.1913118490911,69.986975765094,16.7956639160029
192,"Turning Point Patches (No 1)",2022,11,"Census",-11.3292,143.4056,18.7176733550366,14.467151351512,23.3087685232668,8.84161717175474
193,"U/N Reef (11-071)",2014,33.39691,"Reefmod",NA,NA,39.0265402912863,22.6228731699156,54.1710414037902,31.5481682338746
194,"U/N Reef (11-072)",2014,36.73286,"Reefmod",NA,NA,55.9814755875457,50.8842747593944,61.8858513722398,11.0015766128454
195,"U/N Reef (11-073)",2014,38.89609,"Reefmod",NA,NA,57.2606873340318,49.6250888723148,62.6362929262843,13.0112040539695
196,"U/N Reef (11-074)",2014,33.64105,"Reefmod",NA,NA,56.5682437562277,45.4240881987495,65.9285267576821,20.5044385589325
197,"U/N Reef (11-075)",2014,28.90402,"Reefmod",NA,NA,55.7426014128329,43.6342044351881,66.7829370673349,23.1487326321468
198,"U/N Reef (11-076)",2014,28.24569,"Reefmod",NA,NA,47.7547222543016,40.0962498319404,55.9388904593525,15.8426406274122
199,"U/N Reef (11-056a)",2014,41.03728,"Reefmod",NA,NA,57.9666327782516,45.6666571665013,66.4081685161499,20.7415113496486
200,"U/N Reef",2022,7,"Census",-11.4618,143.2701,15.690025163322,11.8123053152691,19.6070968950486,7.79479157977942
201,"U/N Reef",2022,10,"Census",-11.3969,143.3099,18.4539339822644,13.5193710479814,23.2939008065608,9.77452975857938
202,"U/N Reef (11-056d)",2014,37.38239,"Reefmod",NA,NA,54.52986993007,47.4384021304435,66.550471895613,19.1120697651695
203,"Cochin Reef (11-057)",2014,36.81809,"Reefmod",NA,NA,59.4470102469297,52.014517849249,66.4439093100443,14.4293914607952
204,"Parkinson Reef (11-058)",2014,35.98194,"Reefmod",NA,NA,54.2347351624755,36.8805562728834,65.6597519763212,28.7791957034378
205,"Monkman Reef (11-059)",2014,29.4835,"Reefmod",NA,NA,58.7424293527279,54.7637940827298,63.9800282873559,9.21623420462606
206,"U/N Reef (11-060)",2014,33.4909,"Reefmod",NA,NA,54.7038127078016,47.2351594129132,64.967960013229,17.7328006003158
207,"Little Boydong Reef (11-061)",2014,33.28793,"Reefmod",NA,NA,57.4991042591044,50.6866188277109,65.5344550752935,14.8478362475825
208,"Boydong Island Reef (11-062)",2014,34.20742,"Reefmod",NA,NA,53.534881158599,43.2180429912705,60.4271811619016,17.209138170631
209,"U/N Reef (11-063a)",2014,38.25749,"Reefmod",NA,NA,39.6131887059436,29.0229842941515,50.3070897448593,21.2841054507078
210,"U/N Reef (11-063b)",2014,39.5458,"Reefmod",NA,NA,48.2825153542056,40.4885985379473,57.6139994020943,17.125400864147
211,"U/N Reef (11-064)",2014,27.78786,"Reefmod",NA,NA,46.4226995717814,34.6497490633275,59.2671969113793,24.6174478480519
212,"U/N Reef (11-065)",2014,38.48021,"Reefmod",NA,NA,35.8626866605635,19.2549035041369,45.4493783381216,26.1944748339846
213,"U/N Reef (11-066)",2014,42.45342,"Reefmod",NA,NA,40.5288564447345,32.525753133671,46.9103097436791,14.3845566100081
214,"U/N Reef (11-067)",2014,39.32648,"Reefmod",NA,NA,36.1905984776953,26.7400548503756,48.8522281393846,22.112173289009
215,"U/N Reef (11-068)",2014,38.83773,"Reefmod",NA,NA,38.0335632092408,29.9790634700446,44.706657736316,14.7275942662714
216,"U/N Reef (11-069)",2014,26.7048,"Reefmod",NA,NA,56.0609737745011,48.5926944053311,64.363652181121,15.7709577757899
217,"Maclennan Reef (No 1)",2020,13,"Census",-11.3149,143.7982,27.4683025022049,17.7450786738557,40.5213189319876,22.7762402581319
218,"Maclennan Reef (No 2) (11-070b)",2014,33.37543,"Reefmod",NA,NA,43.6718914967951,38.0162087218626,52.1797065794428,14.1634978575802
219,"Maclennan Reef (No 3) (11-070c)",2014,14.2259,"Reefmod",NA,NA,54.0701941517873,49.1954280204213,62.2497683314874,13.054340311066
220,"Indefatigable Reef (11-103)",2014,38.29085,"Reefmod",NA,NA,55.458023749846,54.2335411762162,63.0314602040993,8.79791902788305
221,"U/N Reef (11-104)",2014,29.2092,"Reefmod",NA,NA,45.3904748497492,37.6803110152997,51.3432754819934,13.6629644666936
222,"U/N Reef (11-105)",2014,27.09513,"Reefmod",NA,NA,61.5577706735607,52.7310379280077,67.8039421816937,15.072904253686
223,"U/N Reef (11-107)",2014,26.23797,"Reefmod",NA,NA,54.7338406270998,43.9301620985243,61.4106898777688,17.4805277792445
224,"U/N Reef (11-108)",2014,26.09644,"Reefmod",NA,NA,55.62939166786,40.8320001005696,66.3256495379897,25.4936494374202
225,"U/N Reef (11-109a)",2014,29.95333,"Reefmod",NA,NA,58.5103882408079,53.3162354895832,64.6852045547875,11.3689690652043
226,"U/N Reef (11-109b)",2014,29.07578,"Reefmod",NA,NA,53.6083879431085,40.9602988914511,62.3132174670448,21.3529185755936
227,"U/N Reef (11-110)",2014,38.23281,"Reefmod",NA,NA,54.8575847045232,45.1165991644712,66.8600669655894,21.7434678011183
228,"U/N Reef (11-111)",2014,37.98799,"Reefmod",NA,NA,52.7280796603524,43.1781547148575,61.801293065245,18.6231383503875
229,"U/N Reef",2021,4,"Census",-11.0307,143.9979,23.0950187496655,15.6785486284755,31.6431782836654,15.9646296551899
230,"U/N Reef",2021,2,"Census",-11.0393,144.0173,26.843183257645,18.648666319862,32.8732601206098,14.2245938007478
231,"U/N Reef",2021,14,"Census",-11.049,144.0224,39.7354186987404,33.5139406340496,47.5327211166607,14.0187804826111
232,"U/N Reef (11-115)",2014,25.7406,"Reefmod",NA,NA,54.2824246539795,42.0056282175948,65.8839834634716,23.8783552458768
233,"U/N Reef (11-116)",2014,30.16813,"Reefmod",NA,NA,46.0029655724403,32.4719956624014,58.587410922151,26.1154152597496
234,"U/N Reef (11-117)",2014,28.83386,"Reefmod",NA,NA,48.3225270623579,37.6044754530421,61.3733507346427,23.7688752816006
235,"U/N Reef",2021,7,"Census",-11.1316,144.0333,25.6812719482303,19.2826103158687,33.0545570049778,13.7719466891092
236,"U/N Reef (11-118b)",2014,28.36922,"Reefmod",NA,NA,54.238164662697,51.0898011959956,60.3997141582495,9.30991296225386
237,"11-119",2025,16.5668853,"Census",-11.146,144.0584,16.5668853,16.5668853,16.5668853,0
238,"U/N Reef (11-077)",2014,30.85165,"Reefmod",NA,NA,57.5908728641643,49.2416159081938,65.5075635186876,16.2659476104938
239,"U/N Reef (11-078)",2014,31.88104,"Reefmod",NA,NA,55.6605650684058,38.0396904318156,72.857649552691,34.8179591208754
240,"U/N Reef (11-079)",2014,48.03569,"Reefmod",NA,NA,46.0977627468025,34.9039360062768,55.0946506714726,20.1907146651958
241,"U/N Reef (11-080)",2014,15.00918,"Reefmod",NA,NA,39.8298645774813,30.5786576763122,46.0557015225219,15.4770438462096
242,"U/N Reef (11-081)",2014,32.20035,"Reefmod",NA,NA,51.7285735176869,39.5560509471317,61.8293924702515,22.2733415231197
243,"U/N Reef (11-082)",2014,33.0486,"Reefmod",NA,NA,48.4513705537806,34.3832317341308,62.8252307954748,28.441999061344
244,"U/N Reef (11-083)",2014,32.07624,"Reefmod",NA,NA,54.1395480243886,48.4316582878015,68.8510227140633,20.4193644262618
245,"U/N Reef (11-084)",2014,27.37192,"Reefmod",NA,NA,54.7544189551483,45.8955642771872,66.7346837296865,20.8391194524993
246,"U/N Reef (11-085)",2014,31.52693,"Reefmod",NA,NA,50.3274462980992,36.6414269819685,66.2153779725015,29.5739509905329
247,"U/N Reef",2020,12,"Census",-11.3724,143.9444,44.995348958729,39.0557657093493,50.4051474997081,11.3493817903588
248,"U/N Reef",2020,17,"Census",-11.3715,143.959,38.0609610967384,32.1707280082902,42.7652852439908,10.5945572357006
249,"U/N Reef (11-088)",2014,34.44379,"Reefmod",NA,NA,49.876570775706,34.6249643650373,64.5083239676048,29.8833596025675
250,"U/N Reef (11-089a)",2014,31.19907,"Reefmod",NA,NA,55.4350267843652,44.1928574727843,63.7386922479862,19.5458347752019
251,"U/N Reef (11-089b)",2014,30.16841,"Reefmod",NA,NA,51.0249354378452,39.4305159139703,68.1791843756205,28.7486684616502
252,"U/N Reef (11-090)",2014,42.34666,"Reefmod",NA,NA,45.0781263187901,35.7272561276692,53.7025028734589,17.9752467457897
253,"U/N Reef (11-091)",2014,28.21518,"Reefmod",NA,NA,51.3990035342851,41.02560151581,63.0725741343266,22.0469726185167
254,"U/N Reef (11-092)",2014,28.26787,"Reefmod",NA,NA,48.7350258882658,39.3673215225636,57.7268085858224,18.3594870632588
255,"U/N Reef (11-093)",2014,39.79269,"Reefmod",NA,NA,36.1366368469422,27.3156270962725,47.4261161454942,20.1104890492218
256,"U/N Reef (11-094)",2014,33.04269,"Reefmod",NA,NA,50.8264613064821,38.7183202252748,62.7268775285268,24.0085573032521
257,"U/N Reef (11-095)",2014,30.43303,"Reefmod",NA,NA,56.8037059162377,51.4936610717596,63.7737285176458,12.2800674458862
258,"U/N Reef (11-096)",2014,35.11232,"Reefmod",NA,NA,54.7738136352921,42.2345074578364,64.1393592649356,21.9048518070992
259,"U/N Reef (11-097)",2014,30.76998,"Reefmod",NA,NA,53.9508494014829,41.5328704401731,63.497294015125,21.9644235749519
260,"Risk Reef (11-098)",2014,37.77605,"Reefmod",NA,NA,43.4433935568397,34.6291092586311,54.1209001808139,19.4917909221828
261,"U/N Reef",2021,1,"Census",-11.4242,143.5423,18.6923510401277,8.39713708340004,26.2888738263026,17.8917367429026
262,"Shadwell Reef (11-100)",2014,35.37223,"Reefmod",NA,NA,58.4304122451003,51.8515575147139,65.4419763663131,13.5904188515992
263,"U/N Reef (11-101)",2014,41.23046,"Reefmod",NA,NA,49.3691602794415,41.1214954720018,58.3029434858377,17.1814480138358
264,"U/N Reef (11-102)",2014,29.92535,"Reefmod",NA,NA,50.8821246956109,36.9449540383503,64.329184943321,27.3842309049707
265,"U/N Reef (11-157)",2014,35.70719,"Reefmod",NA,NA,58.687552462596,51.5850005080523,66.3072615111243,14.722261003072
266,"U/N Reef (11-158)",2014,33.69312,"Reefmod",NA,NA,53.0496517774739,43.9444321103362,63.7559030807854,19.8114709704492
267,"U/N Reef",2021,21,"Census",-11.1852,144.06,42.2301860418644,36.4104268665566,49.1999509781183,12.7895241115617
268,"11-121",2025,17.06808123,"Census",-11.1924,144.0436,17.06808123,17.06808123,17.06808123,0
269,"11-122",2025,13.58321224,"Census",-11.2007,144.0466,13.58321224,13.58321224,13.58321224,0
270,"11-123",2025,11.67234046,"Census",-11.2097,144.051,11.67234046,11.67234046,11.67234046,0
271,"U/N Reef (11-124)",2014,26.52854,"Reefmod",NA,NA,55.4229623840964,49.5575695620617,63.3571500198621,13.7995804578004
272,"Stark Reef (11-125)",2014,32.5796,"Reefmod",NA,NA,52.0400565612414,40.411136933711,66.0967731824338,25.6856362487228
273,"U/N Reef (11-126a)",2014,36.36055,"Reefmod",NA,NA,51.4044913289473,40.6651514801744,60.6241609217074,19.959009441533
274,"U/N Reef (11-126b)",2014,28.53673,"Reefmod",NA,NA,57.6443557931751,48.8525628798446,65.3037027709745,16.4511398911299
275,"U/N Reef (11-127a)",2014,29.93776,"Reefmod",NA,NA,49.6804199986399,43.6049268151251,56.6531385786646,13.0482117635395
276,"U/N Reef (11-127b)",2014,32.55937,"Reefmod",NA,NA,52.5913214740674,38.0978877813452,65.6195372923608,27.5216495110157
277,"U/N Reef (11-128)",2014,35.5134,"Reefmod",NA,NA,47.3705819700789,32.2135984374561,58.6835780055177,26.4699795680616
278,"U/N Reef (11-129)",2014,32.584,"Reefmod",NA,NA,55.5581666198463,46.945981806495,61.3935510818289,14.4475692753339
279,"Moulter Reef",2024,19.92486745,"Census",-11.4248,144.0383,27.0592245589505,21.178793695382,31.7728781578717,10.5940844624897
280,"Saunders Reef",2024,17.90089469,"Census",-11.494,144.0699,21.1422756682294,18.450614901246,23.2782562009032,4.82764129965719
281,"Hunter Reefs (11-132)",2014,21.98813,"Reefmod",NA,NA,58.0190306296895,51.1081510820682,68.4310534202374,17.3229023381692
282,"U/N Reef (11-133)",2014,37.69512,"Reefmod",NA,NA,52.0395456006204,36.0787553905064,65.882923702739,29.8041683122327
283,"Pirie Reef (11-134)",2014,33.81742,"Reefmod",NA,NA,50.0832077692338,44.4437696873879,57.658558451586,13.2147887641981
284,"U/N Reef (11-135)",2014,26.06211,"Reefmod",NA,NA,50.6824005821963,38.4116864080445,63.3547229710345,24.9430365629899
285,"Hannibal Islands Reef (11-136)",2014,42.57458,"Reefmod",NA,NA,52.0846704359945,44.7757978259348,58.8369355150403,14.0611376891055
286,"U/N Reef (11-137)",2014,39.62164,"Reefmod",NA,NA,48.2314954715944,38.1583818650843,60.5596192516798,22.4012373865956
287,"MacArthur Islands Reef (11-138)",2014,35.55552,"Reefmod",NA,NA,56.8395878773817,45.9206364275397,65.4221483954633,19.5015119679235
288,"U/N Reef (11-139)",2014,31.91923,"Reefmod",NA,NA,50.1609608326385,33.7241691728243,65.1267113276493,31.402542154825
289,"U/N Reef (11-140)",2014,33.74602,"Reefmod",NA,NA,55.3209442141307,45.158067471763,64.4316099337224,19.2735424619594
290,"U/N Reef (11-141)",2014,33.02405,"Reefmod",NA,NA,48.208516387269,32.0878493136826,60.8708369796869,28.7829876660042
291,"U/N Reef (11-142)",2014,40.86553,"Reefmod",NA,NA,53.022816506479,40.2086418946653,60.1638669661632,19.9552250714979
292,"U/N Reef (11-143)",2014,24.32968,"Reefmod",NA,NA,53.4344935220168,48.7450774104848,57.8300525650863,9.08497515460142
293,"U/N Reef (11-144)",2014,21.09903,"Reefmod",NA,NA,46.6889034576664,34.8096186165606,57.5744334795409,22.7648148629802
294,"U/N Reef (11-145)",2014,43.70215,"Reefmod",NA,NA,55.6965962355744,47.7692207255256,65.6800313473094,17.9108106217838
295,"Nigger Head Reef (11-146)",2014,21.78642,"Reefmod",NA,NA,52.4638194599352,35.8521850300449,62.7801204870184,26.9279354569735
296,"U/N Reef (11-147)",2014,40.49168,"Reefmod",NA,NA,46.8948428813478,37.7884237175311,63.0759377093977,25.2875139918666
297,"U/N Reef (11-148)",2014,22.4182,"Reefmod",NA,NA,46.6044661397144,36.0100542664066,60.6444755018726,24.6344212354659
298,"U/N Reef (11-149)",2014,41.72929,"Reefmod",NA,NA,47.373356057696,37.3362705851298,54.9880428269065,17.6517722417767
299,"U/N Reef (11-150)",2014,25.58728,"Reefmod",NA,NA,49.4970917985729,36.2160639360985,60.5116281153466,24.2955641792481
300,"U/N Reef (11-151)",2014,22.31294,"Reefmod",NA,NA,59.3224099807168,52.4430749325751,65.6310993332441,13.188024400669
301,"U/N Reef (11-152)",2014,42.65938,"Reefmod",NA,NA,57.9615815301285,49.6616053479135,65.2408017774907,15.5791964295772
302,"U/N Reef (11-153)",2014,22.15131,"Reefmod",NA,NA,48.8393207741485,31.4451151084081,62.7395186029206,31.2944034945126
303,"U/N Reef (11-154)",2014,36.09233,"Reefmod",NA,NA,55.6683409541323,43.3097776024929,68.9064237324219,25.596646129929
304,"U/N Reef",2022,5,"Census",-11.5316,143.1779,15.8926163645368,12.5154981742669,20.1787053921409,7.66320721787396
305,"Wizard Reef (11-156)",2014,34.78642,"Reefmod",NA,NA,52.5189853023729,43.4891125274584,65.5641713984104,22.0750588709519
306,"Bird Islands Reef (South) (11-169)",2014,32.66021,"Reefmod",NA,NA,46.5525352224013,34.3063963039126,53.5176805385939,19.2112842346813
307,"Chimmo Shoal (11-170)",2014,22.17028,"Reefmod",NA,NA,47.4420300385779,37.3784730535223,56.6431358337891,19.2646627802668
308,"Guthray Reef (11-171)",2014,36.99307,"Reefmod",NA,NA,50.6332016190534,39.5756552172502,61.3392415673032,21.763586350053
309,"U/N Reef (11-172)",2014,19.70049,"Reefmod",NA,NA,51.4625590880739,40.696147050964,59.5313467349767,18.8351996840127
310,"Cockburn Reef (11-173)",2014,44.78826,"Reefmod",NA,NA,50.7982816040882,40.6045330947976,64.7599988586409,24.1554657638432
311,"Magra Reef (11-174)",2014,31.13233,"Reefmod",NA,NA,53.740976970412,45.0275870708709,64.1032140077061,19.0756269368351
312,"U/N Reef (11-175)",2014,39.47453,"Reefmod",NA,NA,52.3921791485551,39.5479275025996,64.6122298806225,25.0643023780229
313,"Rodney Reef (11-176)",2014,33.56565,"Reefmod",NA,NA,60.4675060778697,53.5602363648841,68.2911066982872,14.730870333403
314,"U/N Reef (11-177)",2014,31.89953,"Reefmod",NA,NA,54.8996461137435,44.0185395597658,62.6525856129823,18.6340460532165
315,"Cockburn Patch (11-178)",2014,32.84375,"Reefmod",NA,NA,51.6732947824599,40.9815155274665,62.3292401173918,21.3477245899254
316,"Erlangen Patch (11-179)",2014,28.10739,"Reefmod",NA,NA,52.7832230057693,40.9476510425498,63.0544231836371,22.1067721410873
317,"Paluma Shoal (11-180)",2014,22.66306,"Reefmod",NA,NA,56.4800733901775,48.8850316066437,67.350583257763,18.4655516511193
318,"U/N Reef (11-159)",2014,30.66655,"Reefmod",NA,NA,55.9052854032192,51.3964247214195,62.2676582165433,10.8712334951239
319,"U/N Reef (11-160)",2023,6.9,"RJFMP",NA,NA,17.5874676938992,15.8687959277631,19.0291854902081,3.16038956244508
320,"Viking Reef (11-161)",2014,33.42223,"Reefmod",NA,NA,60.2416697782999,50.1554486782146,68.3091067975051,18.1536581192905
321,"U/N Reef (11-162)",2023,22.083,"Manta",NA,NA,32.756154934736,23.2269614573335,39.6105216921754,16.3835602348418
322,"U/N Reef (11-163)",2014,23.66862,"Reefmod",NA,NA,58.9380899067092,51.1168455687123,69.0407032598173,17.923857691105
323,"U/N Reef",2022,6,"Census",-11.6908,143.434,16.6892620368069,14.9065354932677,18.2558842011969,3.34934870792924
324,"Thrush Reef (11-165)",2014,33.1912,"Reefmod",NA,NA,56.288409562127,46.2672809940918,65.8739556169391,19.6066746228473
325,"Forwood Reef",2022,9,"Census",-11.7357,143.2484,16.5480075749665,15.2218760657877,19.3410754217102,4.11919935592252
326,"Bird Islands Reef (North) (11-167)",2014,35.32088,"Reefmod",NA,NA,53.051122418687,40.6853347122625,65.0310052765793,24.3456705643168
327,"Fairway Reef (11-168)",2014,19.79588,"Reefmod",NA,NA,65.4081346141292,59.5512096602814,69.6328138657966,10.0816042055153
328,"Three Reefs",2024,17.36756555,"Census",-11.7693,143.8948,20.6987110615844,15.3893610789792,24.7004450955216,9.31108401654243
329,"U/N Reef (11-224)",2014,38.57291,"Reefmod",NA,NA,49.2154159653925,43.4415058691415,55.2506607108808,11.8091548417393
330,"11-225",2025,18.53041922,"Census",-11.7911,143.8695,18.53041922,18.53041922,18.53041922,0
331,"U/N Reef (11-226)",2014,38.46621,"Reefmod",NA,NA,51.4968168489158,38.1077037262723,63.5686865071105,25.4609827808382
332,"U/N Reef (11-227)",2014,40.50785,"Reefmod",NA,NA,51.4769286048486,41.0890919141422,61.0356429673949,19.9465510532527
333,"Wood Reef",2024,16.58501995,"Census",-11.802,143.9691,22.6445139592523,18.6377174537035,26.1166508990905,7.47893344538704
334,"Sunday Reef (11-181)",2014,34.00007,"Reefmod",NA,NA,49.2435815375641,41.2294597959586,55.9315186586797,14.7020588627211
335,"Bremner Shoal (11-182)",2014,23.45362,"Reefmod",NA,NA,60.8819591674779,57.5389494152449,65.8667406926465,8.32779127740161
336,"Outer Reef (11-183)",2014,19.67284,"Reefmod",NA,NA,58.2440729347574,50.254304596742,65.552572014392,15.29826741765
337,"Queue Reef (11-184a)",2014,48.02414,"Reefmod",NA,NA,54.4823310773842,41.0113886209222,66.3029557431071,25.291567122185
338,"Wreck Reef (11-184b)",2014,49.69406,"Reefmod",NA,NA,55.2941544529664,48.3169626702638,59.1904746696854,10.8735119994216
339,"Sir Charles Hardy Islands Reef",2021,10,"Census",-11.9118,143.4963,40.2973898607993,30.5316743289649,48.4667145715431,17.9350402425782
340,"Nob Reef (11-185)",2014,41.2771,"Reefmod",NA,NA,54.4174005539641,36.2748144244072,68.7404965004353,32.4656820760281
341,"U/N Reef (11-186)",2014,41.83843,"Reefmod",NA,NA,56.7623526836872,40.5420264055882,68.3259386868356,27.7839122812474
342,"Harvey Reef (11-187)",2014,37.24631,"Reefmod",NA,NA,55.7372641328267,45.2689687401783,64.9325402720608,19.6635715318825
343,"Clerke Reef (11-188)",2014,37.68994,"Reefmod",NA,NA,49.3027713387463,36.1520837903977,61.5564332213176,25.4043494309199
344,"Perry Reef (11-189)",2014,39.75434,"Reefmod",NA,NA,49.8696367266033,36.1876790606251,57.9779273020049,21.7902482413798
345,"Cape Grenville Reef (No 1) (11-190a)",2014,29.26153,"Reefmod",NA,NA,49.0833082702186,37.2236880135528,59.565340738,22.3416527244472
346,"Cape Grenville Reef (No 2) (11-190b)",2014,21.80168,"Reefmod",NA,NA,53.3620870444307,43.3655787074028,62.0977980552276,18.7322193478248
347,"Cape Grenville Reef (No 3) (11-190c)",2014,31.05249,"Reefmod",NA,NA,61.6021723793391,58.3984001930027,68.7977155850743,10.3993153920716
348,"Hicks Reef",2021,1,"Census",-11.9841,143.2701,18.7706664042547,11.6163811425287,29.184433852965,17.5680527104363
349,"Middle Reef (11-192)",2014,21.81962,"Reefmod",NA,NA,57.6619632302668,41.408923761128,69.792214957279,28.383291196151
350,"Twin Reefs (North) (11-193a)",2014,26.09005,"Reefmod",NA,NA,55.8863892733576,44.6133433153913,66.070273181533,21.4569298661417
351,"Twin Reefs (South) (11-193b)",2014,21.35798,"Reefmod",NA,NA,59.3494473915074,54.969194185957,66.3910550370239,11.4218608510669
352,"Gore Reef (11-194)",2014,39.28548,"Reefmod",NA,NA,57.1126231023522,49.4069817364214,66.5492765840672,17.1422948476458
353,"South Reef (11-195)",2014,23.45774,"Reefmod",NA,NA,56.4788905493347,35.9959622983318,70.2715311100549,34.2755688117231
354,"U/N Reef (11-196)",2014,33.3105,"Reefmod",NA,NA,55.714110698602,50.4269609108765,62.5628121458425,12.135851234966
355,"U/N Reef (11-197)",2014,28.67209,"Reefmod",NA,NA,54.9575473728068,41.427945777303,65.1759199100429,23.7479741327398
356,"Siddons Reef (11-200)",2014,38.93551,"Reefmod",NA,NA,47.2844454585811,32.0810236594677,61.3227974342351,29.2417737747674
357,"U/N Reef",2021,3,"Census",-11.5308,143.8668,26.360461820052,22.1756793400981,29.0479880135115,6.87230867341344
358,"U/N Reef",2021,3,"Census",-11.5268,143.8783,28.571587964478,22.8729803699646,31.5943721211702,8.72139175120556
359,"U/N Reef",2021,2,"Census",-11.5399,143.856,26.1330740184803,19.7351686033681,33.077349531008,13.3421809276399
360,"U/N Reef",2021,2,"Census",-11.5504,143.865,23.9719109215774,17.3032807672695,28.9478928984012,11.6446121311317
361,"U/N Reef (11-205)",2014,33.27515,"Reefmod",NA,NA,53.1781644165896,40.4755600015371,63.1521112940887,22.6765512925516
362,"U/N Reef (11-206)",2014,27.86784,"Reefmod",NA,NA,49.0959500070606,41.9797611085344,56.4363901767276,14.4566290681931
363,"U/N Reef (11-207)",2014,35.74133,"Reefmod",NA,NA,54.3040346713351,38.9700244598734,63.4836838411085,24.513659381235
364,"11-208a",2025,23.34093911,"Census",-11.5588,143.8618,23.34093911,23.34093911,23.34093911,0
365,"U/N Reef",2021,2,"Census",-11.5642,143.8648,22.2045775859197,15.2268857841342,30.1868181062676,14.9599323221334
366,"U/N Reef",2021,10,"Census",-11.556,143.8825,39.7597961453613,33.2169471831927,45.7254240031124,12.5084768199197
367,"U/N Reef (11-210a)",2014,31.06992,"Reefmod",NA,NA,61.6967111124676,51.1981930939635,72.760537992367,21.5623448984035
368,"U/N Reef",2021,11,"Census",-11.5721,143.8751,46.4898486889139,34.9523349852333,57.0705227263672,22.1181877411338
369,"Pearson Reef (11-211)",2023,20.286,"Manta",NA,NA,31.659740470085,24.2177621883353,39.0650334216559,14.8472712333205
370,"Jukes Reef (11-212)",2014,33.34197,"Reefmod",NA,NA,57.7104721452461,47.1179375483218,67.5396275417883,20.4216899934664
371,"U/N Reef (11-213)",2014,45.02331,"Reefmod",NA,NA,54.4319240356101,39.0334863605664,67.8375996264671,28.8041132659007
372,"Bowles Reef",2022,3,"Census",-11.6233,143.6845,8.19991034079808,7.18780779005029,9.41362296650743,2.22581517645714
373,"U/N Reef (11-215)",2014,38.40192,"Reefmod",NA,NA,49.9007193466857,39.1734360069619,61.8808621662499,22.707426159288
374,"U/N Reef",2022,3,"Census",-11.6594,143.5772,10.4100825250382,8.1133080815617,12.5284839812312,4.41517589966954
375,"U/N Reef (11-263)",2014,33.06457,"Reefmod",NA,NA,38.5267047464741,27.9774282093794,50.1610388687945,22.1836106594151
376,"U/N Reef (11-264)",2014,25.33741,"Reefmod",NA,NA,61.8081319590367,54.3050858520764,67.9534715873104,13.6483857352341
377,"U/N Reef (11-217)",2014,37.36915,"Reefmod",NA,NA,54.618740586777,51.1921045903796,61.3430865620881,10.1509819717085
378,"U/N Reef (11-218)",2014,21.19538,"Reefmod",NA,NA,54.784417419826,45.7283868707943,64.3969495554717,18.6685626846774
379,"U/N Reef (11-219)",2014,16.74329,"Reefmod",NA,NA,53.7091569620904,38.7393021093427,64.9202152259959,26.1809131166532
380,"U/N Reef (11-220)",2014,15.84518,"Reefmod",NA,NA,57.7750652442083,48.7352089761792,64.2900826357295,15.5548736595503
381,"U/N Reef (11-221)",2014,18.49428,"Reefmod",NA,NA,50.0519739260063,36.0787499497776,60.4576447829753,24.3788948331977
382,"Salamander Reef (11-222b)",2014,50.17069,"Reefmod",NA,NA,54.0466512431469,35.2019296252443,67.9534598514354,32.7515302261911
383,"Raine Reef",2021,0,"Census",-11.595,144.0443,19.3353495914052,12.5482421246,24.8268465362579,12.2786044116579
384,"Great Detached Reef (No 1)",2021,5,"Census",-11.6814,144.0183,24.163160099592,20.9087706888039,26.638858331034,5.73008764223006
385,"Great Detached Reef (No 2)",2023,12,"Census",-11.7779,144.0703,16.2169641793452,12.6401665990923,21.1380830513973,8.49791645230496
386,"Great Detached Reef (No 3)",2021,4,"Census",-11.7842,143.9976,23.7580528568523,18.9296487886402,28.3603077149279,9.43065892628766
387,"Great Detached Reef (No 4)",2021,3,"Census",-11.7053,143.973,16.5389997662604,11.3760315644648,22.9423455659188,11.566314001454
388,"U/N Reef",2020,0,"Census",-11.5322,144.0208,22.8882677600812,17.2383535957336,30.4125171328522,13.1741635371186
389,"Passage Reef (11-246)",2014,18.11211,"Reefmod",NA,NA,51.4971104196063,39.4346177807345,63.7374052818055,24.302787501071
390,"U/N Reef (11-247)",2014,17.68134,"Reefmod",NA,NA,56.4612188511017,49.9067361228033,67.0368703165434,17.1301341937401
391,"U/N Reef (11-248)",2014,23.17535,"Reefmod",NA,NA,52.0245818314806,38.6579686557587,68.647363999292,29.9893953435332
392,"U/N Reef (11-249)",2014,35.14671,"Reefmod",NA,NA,54.8880380761386,42.1370600393726,66.1720611648153,24.0350011254427
393,"U/N Reef (11-250)",2014,33.17558,"Reefmod",NA,NA,58.966083591009,52.8094831883242,67.5860652321119,14.7765820437877
394,"U/N Reef (11-251)",2014,42.19202,"Reefmod",NA,NA,49.3945311802487,35.3441515371422,60.0015250905948,24.6573735534526
395,"U/N Reef (11-252)",2014,40.81878,"Reefmod",NA,NA,50.5109061498707,38.3410233967266,62.4331607705388,24.0921373738122
396,"U/N Reef (11-253)",2014,38.94801,"Reefmod",NA,NA,42.7722378145834,34.4000116519096,50.1137252111746,15.713713559265
397,"U/N Reef (11-254)",2014,38.35939,"Reefmod",NA,NA,36.0271784044618,25.514724703844,45.15845720028,19.643732496436
398,"U/N Reef (11-255)",2014,38.4311,"Reefmod",NA,NA,51.560811171538,44.0535317757527,61.2325713526435,17.1790395768908
399,"U/N Reef (11-256)",2014,30.41279,"Reefmod",NA,NA,51.3901571111597,38.8733226752786,62.5800493223577,23.7067266470791
400,"U/N Reef (11-257)",2014,33.80379,"Reefmod",NA,NA,43.2126429172646,34.432956862215,53.9741937365164,19.5412368743015
401,"U/N Reef (11-258)",2014,31.17222,"Reefmod",NA,NA,59.145030786319,49.2690222382984,66.8671460003206,17.5981237620222
402,"U/N Reef (11-259)",2014,32.19576,"Reefmod",NA,NA,53.9382821272156,45.2267800081557,63.9502714315377,18.723491423382
403,"U/N Reef (11-260)",2014,30.54629,"Reefmod",NA,NA,53.8132547699298,43.9913452738824,64.2589769737839,20.2676316999015
404,"U/N Reef (11-261)",2014,25.57103,"Reefmod",NA,NA,57.467614051974,44.6751958676832,66.9462954386448,22.2710995709616
405,"U/N Reef (11-262)",2014,27.37166,"Reefmod",NA,NA,59.5207758909655,57.2062135814287,70.8512696321117,13.645056050683
406,"Devlin Reef (11-229a)",2014,38.05146,"Reefmod",NA,NA,53.6080202714323,52.2401217518177,61.3928742675701,9.1527525157523
407,"11-229b",2024,41.00312564,"Census",-11.8443,143.8427,39.8015326220635,27.7531893276011,49.7894179550289,22.0362286274278
408,"U/N Reef",2021,11,"Census",-11.8544,143.8239,33.8500894550374,26.4827637073504,37.6498377445928,11.1670740372424
409,"U/N Reef",2021,3,"Census",-11.86,143.8295,21.3604993340419,17.4051978736333,26.6912664345224,9.28606856088905
410,"Five Reefs",2024,38.76089678,"Census",-11.8702,143.8382,37.1988986629028,25.7554751771465,46.5116772127993,20.7562020356528
411,"U/N Reef (11-233)",2014,41.0931,"Reefmod",NA,NA,55.6211569773749,43.8023278480524,66.29320531103,22.4908774629776
412,"U/N Reef (11-234)",2014,27.39167,"Reefmod",NA,NA,58.0567575394827,53.2435424320071,65.0162966417899,11.7727542097829
413,"U/N Reef",2021,4,"Census",-11.8832,143.8247,21.6415672921855,12.5920736948102,27.1860521927588,14.5939784979486
414,"U/N Reef (11-236)",2014,38.73291,"Reefmod",NA,NA,51.5033458136256,39.923524199017,59.2967908203428,19.3732666213258
415,"Ashmore Banks (No 1)",2022,29,"Census",-11.8859,143.6294,40.999129261555,31.0119074853014,48.3716910434854,17.359783558184
416,"Ashmore Banks (No 2)",2022,26,"Census",-11.8805,143.7104,38.6702356243763,28.0813805465711,45.8945538210803,17.8131732745092
417,"Ashmore Banks (No 3)",2022,17,"Census",-11.9267,143.688,28.8173985071656,23.2249132069351,33.1386826413908,9.91376943445568
418,"U/N Reef",2021,4,"Census",-11.927,143.853,24.9207838621456,16.9109206231813,30.9637097525224,14.0527891293411
419,"Star Reef",2022,14,"Census",-11.9534,143.8681,29.5181712508423,23.356460935686,37.0122385219322,13.6557775862462
420,"Yule Detached Reef (11-240)",2014,31.31388,"Reefmod",NA,NA,34.4167018028533,25.0287653744177,39.832304731274,14.8035393568563
421,"Job Reef",2022,7,"Census",-11.9797,143.8841,17.5426868653272,13.8980563341881,20.5045362284126,6.60647989422446
422,"U/N Reef",2021,5,"Census",-11.9936,143.9046,21.9996359420661,15.3138488303721,27.0766332395412,11.7627844091691
423,"Nomad Reef",2022,11,"Census",-12.1423,143.3747,23.3651592958392,19.7574260714015,27.6467578629219,7.88933179152048
424,"Tyrrel Reefs (12-008)",2014,34.50818,"Reefmod",NA,NA,52.2120119065203,44.2189248557806,60.7089873071522,16.4900624513716
425,"Pickard Reef (12-009)",2014,42.08411,"Reefmod",NA,NA,51.1210712060541,48.4815517719387,58.3253954106099,9.84384363867117
426,"Kay Reef (12-010)",2017,14.246,"Manta",NA,NA,52.2525635896139,39.2641453910687,62.3012892805111,23.0371438894424
427,"Beesley-Baird Reef (12-011)",2014,39.24194,"Reefmod",NA,NA,54.4504927138737,43.5875361620931,63.9992500548712,20.4117138927781
428,"U/N Reef (11-265)",2014,21.34146,"Reefmod",NA,NA,50.1218166384962,32.3729954687647,63.8808604396373,31.5078649708726
429,"U/N Reef (11-266)",2014,19.21683,"Reefmod",NA,NA,58.5084724507647,52.3991366805814,67.3473982912681,14.9482616106867
430,"U/N Reef (11-267)",2014,15.65893,"Reefmod",NA,NA,53.0318185127135,44.3367462082338,63.2155750030159,18.8788287947821
431,"U/N Reef (11-268)",2014,13.40312,"Reefmod",NA,NA,54.2565114354174,47.1021774892888,62.3672523273675,15.2650748380786
432,"U/N Reef (11-269)",2014,21.40872,"Reefmod",NA,NA,48.9564985633973,43.4691440919739,56.9230040896139,13.4538599976399
433,"U/N Reef (11-270)",2014,35.0953,"Reefmod",NA,NA,43.7029795574694,31.3251432199883,59.060203074074,27.7350598540857
434,"U/N Reef (11-271)",2014,32.60966,"Reefmod",NA,NA,53.9139966371987,47.2641330177385,61.3443253141191,14.0801922963806
435,"U/N Reef",2020,7,"Census",-11.8453,143.8258,37.3835633085673,29.4712512200866,45.3068743984853,15.8356231783987
436,"U/N Reef (11-273)",2014,19.61852,"Reefmod",NA,NA,51.9242285547498,43.9520070476469,60.5980333648506,16.6460263172037
437,"U/N Reef (11-274)",2014,31.40857,"Reefmod",NA,NA,55.3822761444855,43.193953918992,63.8195455791791,20.6255916601871
438,"U/N Reef (11-275)",2014,25.3328,"Reefmod",NA,NA,55.685749768211,50.3797875343553,63.0134304089371,12.6336428745818
439,"U/N Reef (11-276)",2014,14.54711,"Reefmod",NA,NA,51.7777914732285,39.4035081173003,64.0266483904666,24.6231402731663
440,"U/N Reef (11-277)",2014,27.71809,"Reefmod",NA,NA,52.0094226422008,40.6339750542087,60.0023959138782,19.3684208596695
441,"U/N Reef (11-278)",2014,26.53307,"Reefmod",NA,NA,54.2061927606639,44.8562759406156,61.8367317270608,16.9804557864451
442,"U/N Reef (11-279)",2014,16.1381,"Reefmod",NA,NA,54.3338100837269,43.9037168674153,64.1687614975205,20.2650446301052
443,"U/N Reef (11-280)",2014,41.79432,"Reefmod",NA,NA,56.3307410079928,53.5730428538135,62.1761739877738,8.60313113396025
444,"U/N Reef (11-281)",2014,33.14753,"Reefmod",NA,NA,47.4053810275501,32.188020687243,60.6104768853644,28.4224561981214
445,"U/N Reef (11-282)",2014,29.24892,"Reefmod",NA,NA,56.3003077679692,45.0192313521679,67.0232604732631,22.0040291210952
446,"U/N Reef (11-283)",2014,29.54352,"Reefmod",NA,NA,45.4233798445933,33.0597469525713,59.2139025375769,26.1541555850056
447,"U/N Reef (11-284)",2014,27.60403,"Reefmod",NA,NA,56.8254901711866,44.7495300612857,67.7058255431776,22.9562954818918
448,"U/N Reef (11-285)",2014,37.18008,"Reefmod",NA,NA,58.9069815490243,46.7047475066993,70.0210773832785,23.3163298765791
449,"U/N Reef (11-286)",2014,33.68585,"Reefmod",NA,NA,43.2132421086614,36.5650325842322,56.2021476034507,19.6371150192186
450,"U/N Reef (11-287)",2014,19.13012,"Reefmod",NA,NA,49.1064813622779,39.7487522328418,59.589940906759,19.8411886739172
451,"U/N Reef (11-288)",2014,32.36658,"Reefmod",NA,NA,42.5029803200908,29.8808873113142,53.3463115328857,23.4654242215716
452,"U/N Reef (11-289)",2014,35.95803,"Reefmod",NA,NA,48.0174383220311,39.7638236138621,56.7626649306137,16.9988413167517
453,"U/N Reef (11-290)",2014,31.97991,"Reefmod",NA,NA,57.3595191459704,38.1403381512103,70.1953993164707,32.0550611652604
454,"U/N Reef (11-291)",2014,34.26271,"Reefmod",NA,NA,60.849809107326,57.790603180257,64.8032011387081,7.0125979584512
455,"U/N Reef (11-292)",2014,33.70552,"Reefmod",NA,NA,57.6489161934176,51.1196184463313,66.0464721377342,14.926853691403
456,"U/N Reef (11-293)",2014,32.87166,"Reefmod",NA,NA,53.6596669945653,48.6593796022022,59.8769052812386,11.2175256790363
457,"U/N Reef (11-294)",2014,35.89231,"Reefmod",NA,NA,51.7866959266787,40.0256548607946,58.7790251275253,18.7533702667307
458,"U/N Reef (11-295)",2014,33.6311,"Reefmod",NA,NA,57.5016945391587,40.0781144283094,68.8581810031777,28.7800665748683
459,"U/N Reef (11-296)",2014,33.42717,"Reefmod",NA,NA,54.7001391033089,42.0532941665802,63.697644784383,21.6443506178027
460,"U/N Reef (11-297)",2014,34.17134,"Reefmod",NA,NA,54.1062143914646,45.4974375018689,60.2644232235545,14.7669857216856
461,"U/N Reef (11-298)",2014,31.56665,"Reefmod",NA,NA,50.500299180442,37.7401853379121,61.3849475210483,23.6447621831362
462,"U/N Reef (11-299)",2014,31.65069,"Reefmod",NA,NA,56.3263408570032,48.2310126543147,65.1405890874368,16.9095764331221
463,"U/N Reef (11-300)",2014,26.1553,"Reefmod",NA,NA,53.6621953004469,44.6401738902326,61.3379501141545,16.6977762239219
464,"U/N Reef (11-301)",2014,36.66362,"Reefmod",NA,NA,56.7754381677753,50.1501666646761,64.5472880459981,14.3971213813219
465,"U/N Reef (11-302)",2014,34.65375,"Reefmod",NA,NA,55.6434898241645,44.9030287834256,63.9670163495441,19.0639875661185
466,"U/N Reef (11-303)",2014,25.76102,"Reefmod",NA,NA,24.5688463624506,17.5231054389882,30.8963649450402,13.373259506052
467,"U/N Reef (11-304)",2014,16.23298,"Reefmod",NA,NA,54.8145179815811,44.3747767610504,67.6255981522304,23.25082139118
468,"U/N Reef (11-305)",2014,21.76634,"Reefmod",NA,NA,55.2039705278023,44.2153747214746,65.3861550165516,21.170780295077
469,"U/N Reef (11-306)",2014,30.76476,"Reefmod",NA,NA,55.2841683698428,45.1134835308845,64.7728147562347,19.6593312253502
470,"U/N Reef (11-307)",2014,33.21592,"Reefmod",NA,NA,45.8264217793858,37.8133919805215,58.9880760970604,21.1746841165388
471,"U/N Reef (11-308)",2014,16.29247,"Reefmod",NA,NA,46.9549020967026,33.9977136879856,57.9161655385638,23.9184518505782
472,"U/N Reef (11-309)",2014,27.25655,"Reefmod",NA,NA,49.3159955193207,38.3417096530659,66.9005783634742,28.5588687104083
473,"U/N Reef (11-310)",2014,28.59398,"Reefmod",NA,NA,30.0066793077509,22.4562136800751,35.8018050099039,13.3455913298288
474,"U/N Reef (11-311)",2014,25.93927,"Reefmod",NA,NA,29.6470934076721,20.4140351738466,35.6723970449531,15.2583618711065
475,"U/N Reef (11-312)",2014,30.23544,"Reefmod",NA,NA,48.5102339946458,32.311720650479,62.9348489396204,30.6231282891413
476,"U/N Reef (11-313)",2014,31.17393,"Reefmod",NA,NA,53.3765630813485,41.6647770505485,61.1543099492249,19.4895328986765
477,"U/N Reef (11-314)",2014,28.74538,"Reefmod",NA,NA,52.5534110700106,39.9938765539744,66.1779811567974,26.184104602823
478,"U/N Reef (11-315)",2014,41.36034,"Reefmod",NA,NA,49.0862193733026,43.999712024124,57.0728435444408,13.0731315203168
479,"U/N Reef (11-316)",2014,44.56297,"Reefmod",NA,NA,42.2022068305379,36.5124807872646,54.4681589832134,17.9556781959488
480,"U/N Reef (11-317)",2014,42.59092,"Reefmod",NA,NA,48.0340270800427,39.3479089083857,58.7418062108665,19.3938973024808
481,"U/N Reef (11-318)",2014,36.92626,"Reefmod",NA,NA,37.965315410517,26.1704870756563,50.1789076606917,24.0084205850354
482,"U/N Reef (11-319)",2014,40.00883,"Reefmod",NA,NA,31.4494698881401,16.0395042258434,50.0719264185902,34.0324221927468
483,"U/N Reef (11-320)",2014,43.32196,"Reefmod",NA,NA,57.8397303904379,46.3688818135742,63.6950122829989,17.3261304694247
484,"U/N Reef (11-321)",2014,29.91836,"Reefmod",NA,NA,50.910223610671,42.5255206186236,60.7333480625841,18.2078274439605
485,"U/N Reef (11-322)",2014,13.7245,"Reefmod",NA,NA,44.9358605530894,35.8145539977303,54.9106045366411,19.0960505389107
486,"U/N Reef (11-323)",2014,29.88371,"Reefmod",NA,NA,54.1762716443186,44.823375232012,63.7336408118683,18.9102655798563
487,"U/N Reef (11-324)",2014,29.24151,"Reefmod",NA,NA,51.8159172018608,43.9991188062184,61.6224043907636,17.6232855845452
488,"U/N Reef (11-800)",2014,39.65586,"Reefmod",NA,NA,49.8262158404023,41.5593922661114,56.2928768710932,14.7334846049818
489,"Haggerston Reef (12-001)",2014,31.98885,"Reefmod",NA,NA,52.2122099246829,46.7460824540095,63.3138774456779,16.5677949916684
490,"Bannan Reef (12-002)",2014,17.39797,"Reefmod",NA,NA,53.6253578714339,42.4154098643885,63.4765321266152,21.0611222622267
491,"Mason Reef",2022,1,"Census",-12.102,143.4781,7.76897638852242,4.3310255886726,10.5646624355931,6.23363684692046
492,"U/N Reef (12-003b)",2014,41.04233,"Reefmod",NA,NA,59.2043515513035,52.4575788845936,69.7858042897126,17.3282254051189
493,"U/N Reef (12-003c)",2014,41.12748,"Reefmod",NA,NA,54.3625664847181,45.0075169944114,64.2980805140237,19.2905635196122
494,"U/N Reef (12-003d)",2014,30.36425,"Reefmod",NA,NA,61.541858582506,53.2993832488383,68.5910775382775,15.2916942894392
495,"Moody Reef",2022,5,"Census",-12.0993,143.2646,15.7176466768328,11.3637652957794,19.4125867068376,8.04882141105823
496,"Young Reef (12-005)",2014,33.07889,"Reefmod",NA,NA,52.8690530040559,42.0810787381653,62.2983247242391,20.2172459860738
497,"Laurel Reef (12-006)",2014,38.74671,"Reefmod",NA,NA,55.8542545497046,44.4965244614932,63.4354388660031,18.9389144045099
498,"Fison Reefs (12-027c)",2014,39.60645,"Reefmod",NA,NA,67.5902746623502,64.2577033469876,70.4852886133309,6.22758526634327
499,"U/N Reef",2021,4,"Census",-11.9951,143.9075,22.0141855833772,18.8106616227738,25.7790043740105,6.96834275123668
500,"U/N Reef",2021,1,"Census",-11.9964,143.9106,20.2059530195035,13.5207503330447,27.6718240468669,14.1510737138222
501,"U/N Reef (12-030)",2014,20.43849,"Reefmod",NA,NA,56.3784727219466,48.4208281655097,66.3762722379743,17.9554440724646
502,"U/N Reef (12-031)",2014,32.58918,"Reefmod",NA,NA,49.0504361757313,43.5042324065783,56.4908674399666,12.9866350333883
503,"12-032",2023,11,"Census",-12.0221,143.9555,14.4312920347007,10.128158818859,19.3908428312104,9.26268401235139
504,"U/N Reef (12-033)",2014,32.95978,"Reefmod",NA,NA,51.9681825605604,40.6097125008707,60.542135175066,19.9324226741953
505,"U/N Reef (12-034)",2014,32.32153,"Reefmod",NA,NA,46.5503148064345,31.0047232118451,55.6127850468163,24.6080618349712
506,"U/N Reef",2020,25,"Census",-12.0467,143.8966,36.3675638140061,29.6596519715508,41.4885701109875,11.8289181394367
507,"U/N Reef",2020,6,"Census",-12.0417,143.8326,33.6161869139877,27.8459663687647,38.8181858577598,10.9722194889951
508,"Wishbone Reef",2025,12.86367077,"Census",-12.0651,143.9646,12.86367077,12.86367077,12.86367077,0
509,"U/N Reef",2020,9,"Census",-12.0541,143.9092,31.0460447226972,26.2482563026389,36.8163069450071,10.5680506423683
510,"U/N Reef (12-038b)",2014,38.57216,"Reefmod",NA,NA,46.5585543649896,32.5393701242057,56.4695159709616,23.9301458467559
511,"U/N Reef",2020,13,"Census",-12.0515,143.8175,36.0109886440004,29.2097781707289,42.4708046183101,13.2610264475811
512,"U/N Reef",2020,9,"Census",-12.0723,143.8114,38.7004152921465,30.6663610982158,49.4388304735047,18.7724693752889
513,"U/N Reef (12-041)",2014,35.03622,"Reefmod",NA,NA,48.2562891703815,37.705585336888,57.2895386087135,19.5839532718255
514,"U/N Reef",2022,16,"Census",-12.0951,143.8037,29.6583037431524,21.5227519025816,35.6129521554456,14.090200252864
515,"Martha Ridgway Reef (North) (12-043a)",2014,42.2765,"Reefmod",NA,NA,52.9759970999265,39.303338888859,62.797684769506,23.494345880647
516,"Martha Ridgway Reef (South) (12-043b)",2014,39.64789,"Reefmod",NA,NA,50.2711043043736,37.0666745191613,61.7294966503823,24.6628221312209
517,"Piper Reef (12-012)",2014,33.65513,"Reefmod",NA,NA,56.0753635829427,44.5012395990088,67.0813049212713,22.5800653222625
518,"Inset Reef (12-013)",2014,33.59459,"Reefmod",NA,NA,52.2270290509517,40.6037260637842,61.2301643364742,20.62643827269
519,"Hazel Reef (12-014)",2014,37.89273,"Reefmod",NA,NA,53.4983435267235,47.0196198711796,67.0791393901507,20.0595195189711
520,"Ada Reef (12-015)",2014,15.00915,"Reefmod",NA,NA,49.0016032375474,40.2243674636829,56.5107032978717,16.2863358341888
521,"Gallon Reef",2022,9,"Census",-12.309,143.4293,23.5299590855328,21.6421433850879,25.9729515504049,4.33080816531697
522,"Forbes Islands Reef",2021,1,"Census",-12.2968,143.4063,22.7072169479029,15.1977460414935,27.3883481734209,12.1906021319274
523,"U/N Reef",2022,36,"Census",-12.2453,143.5132,53.3207294842585,48.2429522970786,57.6032920678464,9.36033977076784
524,"Lion Reef (12-017)",2014,16.6917,"Reefmod",NA,NA,47.0496539389705,34.6936425074606,60.1642901493293,25.4706476418687
525,"Daniell Reef (12-018)",2014,31.3411,"Reefmod",NA,NA,46.64494940276,34.2975216791242,56.553412412942,22.2558907338178
526,"North Pint Patch (12-019)",2014,25.4505,"Reefmod",NA,NA,55.2341982605497,37.7532158946749,66.6867015411573,28.9334856464825
527,"South Pint Patch (12-020)",2014,19.70215,"Reefmod",NA,NA,52.1174974986567,44.8202717222866,60.7642038449968,15.9439321227102
528,"Andrew Reef (12-021)",2014,17.29595,"Reefmod",NA,NA,50.0058380135038,41.3777944208689,58.8180699685059,17.440275547637
529,"U/N Reef (12-022)",2014,39.41743,"Reefmod",NA,NA,52.8456583453982,37.5711715627506,64.0042242482158,26.4330526854652
530,"Kangaroo Shoals (12-023)",2014,35.61569,"Reefmod",NA,NA,51.9896018917491,41.1093767217608,64.1419604379236,23.0325837161627
531,"U/N Reef (12-024)",2014,44.21291,"Reefmod",NA,NA,62.4851701676183,57.7451931535371,71.7831610400116,14.0379678864746
532,"U/N Reef (12-025)",2014,33.53876,"Reefmod",NA,NA,48.0062374477235,36.7309408532534,55.2773454323428,18.5464045790894
533,"Kemp Rocks Reef (12-026)",2014,24.45039,"Reefmod",NA,NA,56.8764083145453,48.5750244574171,66.3127144633544,17.7376900059373
534,"Quoin Reef (12-027)",2023,26.6,"RJFMP",NA,NA,45.0415877849175,42.0247771440296,52.0057732750522,9.98099613102265
535,"Eel Reef (12-027a)",2014,40.26517,"Reefmod",NA,NA,65.4101012988423,62.2372044377336,67.8061236632741,5.56891922554047
536,"Dolphin Reef (12-096)",2014,39.45322,"Reefmod",NA,NA,59.9079709742105,56.6213989536245,63.6411715020584,7.01977254843385
537,"U/N Reef",2022,3,"Census",-12.5768,143.7855,10.2366510897735,6.52072833904624,13.021924660068,6.50119632102174
538,"Second Small Reef",2022,3,"Census",-12.5821,143.7945,9.84788085944019,7.5302443645075,13.3838651943095,5.853620829802
539,"Southern Small Detached Reef",2024,14.41728549,"Census",-12.5835,143.8663,18.2362175467024,16.0083016051558,20.7285617553728,4.72026015021699
540,"U/N Reef",2021,9,"Census",-12.6143,143.7142,28.1193997388702,24.5336675655475,31.7842739408514,7.25060637530388
541,"U/N Reef (12-101)",2014,33.44095,"Reefmod",NA,NA,48.867221644332,36.7192618800222,59.9236220942193,23.2043602141971
542,"U/N Reef (12-044)",2014,38.7716,"Reefmod",NA,NA,55.9678369190275,46.2327443499324,65.3415042959865,19.1087599460541
543,"U/N Reef (12-045)",2014,40.92239,"Reefmod",NA,NA,52.0821142270276,41.5027564456912,63.0512266949538,21.5484702492625
544,"U/N Reef (12-046)",2014,34.83675,"Reefmod",NA,NA,50.7096101386245,45.6902648525825,58.3017104722828,12.6114456197003
545,"U/N Reef (12-047)",2014,37.88689,"Reefmod",NA,NA,54.2994272461807,42.8774903321073,63.3244029917777,20.4469126596704
546,"U/N Reef (12-048)",2014,44.07841,"Reefmod",NA,NA,60.0582846121594,54.8284799633067,64.0594774271433,9.23099746383657
547,"U/N Reef (12-049)",2014,39.22911,"Reefmod",NA,NA,54.3246002776563,47.3910956565727,62.0261392126637,14.635043556091
548,"U/N Reef (12-050)",2014,41.60818,"Reefmod",NA,NA,51.0416878127161,38.7133911458895,60.0184079154054,21.3050167695159
549,"U/N Reef (12-051)",2014,36.83391,"Reefmod",NA,NA,50.8354132717821,36.95060901099,60.0965884061401,23.1459793951501
550,"William Reef (East) (12-052a)",2014,44.06661,"Reefmod",NA,NA,51.2602152679585,39.9769566685224,59.711875441188,19.7349187726656
551,"William Reef (West) (12-052b)",2014,41.11129,"Reefmod",NA,NA,54.6036793620417,45.2825138189443,60.3031510337548,15.0206372148105
552,"Henry Reef",2020,8,"Census",-12.2226,143.8192,29.6577674479747,25.4878313081524,36.4923570535564,11.004525745404
553,"Lloyds Reef (12-054)",2014,35.80334,"Reefmod",NA,NA,49.6659095915325,36.107100165888,61.5598254287309,25.4527252628429
554,"U/N Reef (12-055a)",2014,41.2933,"Reefmod",NA,NA,47.2747871075982,30.5701635561605,60.156801398608,29.5866378424475
555,"U/N Reef (12-055b)",2014,40.46307,"Reefmod",NA,NA,52.0586738310036,40.6613350798827,62.2339936155661,21.5726585356834
556,"Mantis Reef (12-056)",2022,18.0033333333333,"AIMS Transect",NA,NA,23.8645413594039,18.1845139950605,28.9769373415577,10.7924233464972
557,"U/N Reef (12-057)",2014,29.72534,"Reefmod",NA,NA,63.1570117936822,56.3192393968205,67.8012235832859,11.4819841864654
558,"Ferguson Reef",2022,22,"Census",-12.3404,143.827,31.5266465684609,27.1013258893869,36.3986500882639,9.29732419887698
559,"U/N Reef",2020,6,"Census",-12.3641,143.7912,36.8068404999189,27.4463435110114,45.3645710862166,17.9182275752053
560,"U/N Reef (12-060)",2014,28.02198,"Reefmod",NA,NA,65.2325166764006,56.4608842204458,72.3747231266127,15.913838906167
561,"Lagoon Reef",2022,12,"Census",-12.3844,143.7571,25.4031916828922,20.8899903904031,31.4034249505393,10.5134345601362
562,"U/N Reef (12-062)",2014,38.42865,"Reefmod",NA,NA,57.8709862810203,47.9588293459511,68.9881020250982,21.0292726791471
563,"U/N Reef (12-063)",2014,42.13005,"Reefmod",NA,NA,56.9631560201269,48.994364192206,64.8374862354505,15.8431220432446
564,"U/N Reef (12-064)",2014,34.47286,"Reefmod",NA,NA,64.8956667385625,61.1332670306531,66.5618474786277,5.42858044797457
565,"U/N Reef (12-065)",2014,47.99429,"Reefmod",NA,NA,60.9358949349796,51.9321359395956,69.3646815357688,17.4325455961732
566,"U/N Reef (12-066)",2014,30.11707,"Reefmod",NA,NA,64.3123389300449,59.7987765474138,67.8162310496611,8.01745450224732
567,"Northern Small Detached Reef (12-067)",2014,44.10412,"Reefmod",NA,NA,46.8351500336358,33.9100039670699,57.3113400888298,23.4013361217599
568,"U/N Reef (12-068)",2014,35.30997,"Reefmod",NA,NA,56.6137071894213,45.9336233255488,64.6521960241109,18.7185726985621
569,"U/N Reef (12-069)",2014,31.62781,"Reefmod",NA,NA,52.4841034443754,37.7378287848609,65.8714835823504,28.1336547974896
570,"U/N Reef (12-070)",2014,37.14254,"Reefmod",NA,NA,48.4403740712326,36.6446717757894,57.7435413350384,21.0988695592491
571,"U/N Reef",2022,5,"Census",-12.4888,143.7714,14.3472497712634,10.8996584985256,16.6044664992876,5.70480800076199
572,"Middle Reef (12-072)",2014,47.75672,"Reefmod",NA,NA,52.7407791914996,43.9389359188775,60.4767008892824,16.5377649704049
573,"Pigeon Reef (12-073)",2014,36.91292,"Reefmod",NA,NA,51.6008888564204,37.1411784266302,61.7296101429709,24.5884317163408
574,"U/N Reef (12-075)",2014,45.42225,"Reefmod",NA,NA,52.0655714991614,42.260790689212,60.4706475886099,18.209856899398
575,"Rocky Island Reef",2022,2,"Census",-12.5863,143.3901,8.90782954994589,6.33353166886047,11.2328241033983,4.89929243453779
576,"U/N Reef (12-077)",2014,38.7086,"Reefmod",NA,NA,51.4434955852237,43.7672357264036,60.1489696130756,16.3817338866719
577,"Restoration Island Reef (12-078)",2014,32.74508,"Reefmod",NA,NA,45.433638430565,30.2461958207273,61.9945105698222,31.7483147490949
578,"U/N Reef (12-080)",2014,43.25632,"Reefmod",NA,NA,47.5203474968128,27.6425766564156,61.0872182213666,33.444641564951
579,"Edward Shoal (12-081)",2014,36.59235,"Reefmod",NA,NA,45.1960178805461,34.0509747891254,56.0288835672736,21.9779087781482
580,"U/N Reef (12-082)",2014,18.33859,"Reefmod",NA,NA,49.3611267490302,36.7760071520167,60.0842736963075,23.3082665442908
581,"U/N Reef (12-083)",2014,31.86699,"Reefmod",NA,NA,48.4681962107943,39.3450980322726,58.4729512068743,19.1278531746016
582,"Lloyd Island Reef (12-084)",2014,27.53133,"Reefmod",NA,NA,45.0664624295302,37.3182326953959,50.9721409278712,13.6539082324753
583,"Hazelgrove Reefs (12-085)",2014,21.38228,"Reefmod",NA,NA,46.6923031712051,35.6804814498711,53.2879804990561,17.6074990491849
584,"May Reef (12-086)",2014,44.57392,"Reefmod",NA,NA,46.4343614894335,31.9486901739751,58.2856476775748,26.3369575035996
585,"U/N Reef (12-087)",2014,38.48388,"Reefmod",NA,NA,46.8171779900681,42.1836514688425,52.9758450891127,10.7921936202702
586,"Sunter Reef (12-088)",2014,21.43735,"Reefmod",NA,NA,46.8780444898317,37.5849556751901,54.3093639980806,16.7244083228905
587,"Exit Reef (12-089)",2014,45.52671,"Reefmod",NA,NA,40.7921419112436,34.6550023597258,47.0396540851058,12.38465172538
588,"Waight Bank (12-091)",2014,23.92682,"Reefmod",NA,NA,47.696146011215,42.6287289998382,53.6081043387967,10.9793753389585
589,"U/N Reef (12-092)",2014,41.00542,"Reefmod",NA,NA,53.5987586094441,44.9773833372453,62.7091400705097,17.7317567332644
590,"Bunker Reef (12-093)",2014,43.45016,"Reefmod",NA,NA,69.1831109313339,66.4063000630738,74.3117669579352,7.90546689486139
591,"Long Sandy Reef (12-094)",2014,32.44835,"Reefmod",NA,NA,47.7683904973332,37.9218266303605,61.8441539927734,23.922327362413
592,"U/N Reef (12-095)",2014,30.3077,"Reefmod",NA,NA,47.507109406911,41.0640195587445,53.0083607520644,11.9443411933199
593,"Sunk Reef (12-122)",2014,40.29128,"Reefmod",NA,NA,47.3765627916435,34.5888094067434,61.5839730865307,26.9951636797873
594,"U/N Reef (12-123)",2014,41.33675,"Reefmod",NA,NA,41.7895144628074,27.5707752227843,54.7334213573446,27.1626461345602
595,"U/N Reef (12-124)",2014,47.84038,"Reefmod",NA,NA,47.5249080361354,39.9971131558556,55.928686625733,15.9315734698774
596,"Rocky Island Reef",2022,2,"Census",-12.8864,143.5499,15.9383789246948,10.1169143646788,20.0662018511295,9.94928748645071
597,"Frederick Patches (12-126)",2014,15.71957,"Reefmod",NA,NA,45.8415239284976,35.1496365784219,52.9234701091279,17.7738335307059
598,"U/N Reef (12-127)",2014,36.43946,"Reefmod",NA,NA,46.8079384003088,37.2323214898387,54.749301536759,17.5169800469203
599,"Chapman Reef (12-129)",2014,37.62721,"Reefmod",NA,NA,54.1266316617512,48.4385477302989,59.4194975118411,10.9809497815423
600,"U/N Reef (12-130)",2014,12.25879,"Reefmod",NA,NA,47.0595293936466,31.7043540036065,62.9425051274826,31.2381511238761
601,"U/N Reef (12-131)",2014,46.30797,"Reefmod",NA,NA,40.8140240586443,29.0993426249717,52.4915704082134,23.3922277832417
602,"Allen Reef (12-132)",2014,46.23616,"Reefmod",NA,NA,48.5904753269305,33.6248377981793,62.6547223661556,29.0298845679763
603,"U/N Reef (12-133)",2014,42.42468,"Reefmod",NA,NA,49.669864299894,37.0920810026096,59.8824671325585,22.790386129949
604,"U/N Reef",2021,9,"Census",-12.9337,143.824,36.2545974293967,30.663473351413,41.1918535680627,10.5283802166497
605,"U/N Reef (12-135)",2014,34.02564,"Reefmod",NA,NA,53.8278535178893,40.8335638566499,63.6291176427381,22.7955537860882
606,"Hammond Reef (12-136)",2014,26.68082,"Reefmod",NA,NA,41.1479678562922,28.8626363017358,52.9307315931197,24.0680952913838
607,"U/N Reef (12-137)",2014,36.90656,"Reefmod",NA,NA,49.6502964570697,44.4855006570598,54.7080472340987,10.222546577039
608,"U/N Reef (12-138)",2014,24.93689,"Reefmod",NA,NA,49.4768948244545,38.2060042849326,59.219406308902,21.0134020239694
609,"U/N Reef (12-139)",2014,44.37558,"Reefmod",NA,NA,56.3208983515532,45.4298533692183,67.3720017505416,21.9421483813232
610,"U/N Reef (12-141)",2014,35.37162,"Reefmod",NA,NA,48.0186284020903,38.1669151648358,56.2832950819701,18.1163799171343
611,"Curd Reef (12-102)",2023,26.5,"RJFMP",NA,NA,43.68421866952,39.8879694981675,48.1189401795356,8.23097068136818
612,"U/N Reef (12-103)",2014,36.45468,"Reefmod",NA,NA,51.4819277480641,35.2163947715444,63.1466807509527,27.9302859794083
613,"Log Reef (North)",2021,0,"Census",-12.6345,143.8357,19.7932657907791,10.3582206535339,25.3059385768291,14.9477179232952
614,"Burke Reef (12-105)",2014,48.05241,"Reefmod",NA,NA,64.7381183854934,59.3545295745752,68.6028138777435,9.24828430316825
615,"Tannadice Shoal (12-106)",2014,20.55444,"Reefmod",NA,NA,57.3410246596079,43.5028664614874,65.6573146586335,22.1544481971461
616,"Log Reef (South) (12-107)",2021,26.538,"Manta",NA,NA,49.7728727714543,41.6609488777762,57.3014125167306,15.6404636389544
617,"U/N Reef (12-108)",2014,32.78972,"Reefmod",NA,NA,41.7364859014292,33.6682884931045,49.8988793831023,16.2305908899978
618,"U/N Reef (12-109)",2014,32.4486,"Reefmod",NA,NA,44.1966291561762,33.5367344903838,59.7736974598717,26.2369629694879
619,"U/N Reef",2022,1,"Census",-12.7054,143.8105,7.33785843630787,5.22216565747186,8.28189131746257,3.05972565999071
620,"First Small Reef (12-111)",2014,33.35151,"Reefmod",NA,NA,48.1272253274151,39.4668270510396,58.0383027392789,18.5714756882392
621,"Ape Reef (12-112)",2014,48.04183,"Reefmod",NA,NA,52.8237572320241,43.7517576674975,60.2818740598335,16.5301163923359
622,"U/N Reef (12-113)",2014,36.33458,"Reefmod",NA,NA,56.0373282942995,40.9975271814643,67.5664873991088,26.5689602176445
623,"U/N Reef (12-114)",2014,35.04638,"Reefmod",NA,NA,53.013717576301,47.9233343755385,59.2525901390447,11.3292557635062
624,"Zenith Reef (12-115)",2014,43.05415,"Reefmod",NA,NA,42.5175714248549,25.3392486925882,58.3453216430624,33.0060729504742
625,"U/N Reef (12-116)",2014,34.36099,"Reefmod",NA,NA,45.58878395012,27.0154092060468,58.7221138992157,31.7067046931689
626,"Bligh Reef",2022,3,"Census",-12.8327,143.8356,9.44919924068265,7.41547197959756,11.062955657607,3.6474836780094
627,"Wye Reef (12-119)",2014,35.54067,"Reefmod",NA,NA,48.9096417820481,37.3428135519995,59.9961701773274,22.653356625328
628,"Lansdown Reef (12-120)",2014,18.30083,"Reefmod",NA,NA,47.6062812550169,35.6490939777985,58.5404119401516,22.891317962353
629,"U/N Reef",2022,3,"Census",-12.8394,143.7447,9.30551784624345,5.7719229595922,13.2624193220511,7.49049636245892
630,"Throne Shoals",2022,4,"Census",-13.2386,143.7395,13.9415591026517,10.3616525479108,20.325966576092,9.96431402818111
631,"U/N Reef (13-037)",2014,44.89094,"Reefmod",NA,NA,43.6005042482808,33.4619148706707,54.7509653909563,21.2890505202855
632,"U/N Reef (13-038)",2014,26.54507,"Reefmod",NA,NA,47.6913892569597,41.3464040316201,56.1023373203933,14.7559332887731
633,"U/N Reef",2022,8,"Census",-13.2741,143.9464,22.5098903983141,19.9053736911936,27.3836988746534,7.47832518345983
634,"Celebration Reef (13-041)",2017,11.759,"Manta",NA,NA,34.6655112352349,24.6986559176299,47.1245638068048,22.4259078891749
635,"U/N Reef (12-142)",2014,43.4027,"Reefmod",NA,NA,45.9138100931781,35.3304769382675,57.2882633402083,21.9577864019408
636,"Cat Reef",2023,24,"Census",-12.9976,143.8496,31.9067682998264,17.869775146833,44.6752352110297,26.8054600641967
637,"U/N Reef (12-144)",2014,29.65478,"Reefmod",NA,NA,46.1931812830546,36.3791928146898,54.9631826351747,18.5839898204849
638,"Sherrard Reef (12-145)",2014,41.82213,"Reefmod",NA,NA,48.9564486429287,39.4952977066978,55.2270226562117,15.7317249495139
639,"U/N Reef (12-146)",2014,44.25119,"Reefmod",NA,NA,45.1446310579691,37.9800502149863,51.9652869913503,13.9852367763639
640,"U/N Reef (12-148)",2014,41.09116,"Reefmod",NA,NA,50.8773637830511,43.0000602583661,58.6711183087163,15.6710580503503
641,"U/N Reef (12-149)",2014,44.56015,"Reefmod",NA,NA,53.5280987425895,44.1560807556474,63.138208190523,18.9821274348756
642,"U/N Reef (12-150)",2014,39.39155,"Reefmod",NA,NA,52.4986335699151,44.7501007876472,60.7843021039438,16.0342013162967
643,"U/N Reef (12-151)",2014,15.11146,"Reefmod",NA,NA,50.2771235106783,36.3921321964214,61.9026084531827,25.5104762567612
644,"U/N Reef (12-152)",2014,31.51164,"Reefmod",NA,NA,41.0148717973826,28.8998132660838,52.2747939585161,23.3749806924323
645,"U/N Reef (12-038c)",2014,41.34862,"Reefmod",NA,NA,45.2927455096832,32.3741394844312,54.8548472285558,22.4807077441247
646,"U/N Reef (12-154)",2014,18.47483,"Reefmod",NA,NA,44.9991097992412,37.3336902317552,55.2622988420483,17.9286086102932
647,"U/N Reef (13-001)",2014,12.96652,"Reefmod",NA,NA,49.4045743755665,42.0857637409005,57.4772003305214,15.3914365896209
648,"Derry Reef",2022,35,"Census",-13.0225,143.8589,48.5140469887842,40.9064756051919,55.5776240492951,14.6711484441032
649,"Wasp Reef (13-004)",2014,37.25432,"Reefmod",NA,NA,43.8636135859474,42.5484832222505,50.7154533748144,8.16697015256389
650,"Ham Reef (13-005)",2014,37.56129,"Reefmod",NA,NA,45.0052642266069,36.2009362286626,54.6553528771912,18.4544166485286
651,"Osborne Reef (13-006)",2023,9.881,"Manta",NA,NA,19.6335103397398,16.7158337328601,23.2202048590396,6.50437112617949
652,"U/N Reef (13-007)",2014,40.07267,"Reefmod",NA,NA,50.2731987375337,43.0949332486641,57.2835646790958,14.1886314304317
653,"MacNamara Patch (13-008)",2014,24.31136,"Reefmod",NA,NA,47.1668924772065,35.8407811805894,56.7912155102733,20.9504343296838
654,"Wilsen Shoal (13-009)",2014,39.55209,"Reefmod",NA,NA,42.7690960232825,31.4416177339404,60.6554376003671,29.2138198664266
655,"U/N Reef (13-010a)",2014,34.05211,"Reefmod",NA,NA,41.3430182476936,29.8880583139865,53.8195875980084,23.9315292840219
656,"U/N Reef (13-010b)",2014,39.42525,"Reefmod",NA,NA,42.0136088583215,24.0145393158311,60.7768189831872,36.7622796673561
657,"U/N Reef (13-011)",2014,42.71651,"Reefmod",NA,NA,49.3949584606388,43.1830822920278,56.6230601962646,13.4399779042368
658,"Stork Reef (13-012)",2014,49.97549,"Reefmod",NA,NA,51.3458517700241,42.3172363815608,59.8432784915031,17.5260421099423
659,"U/N Reef (13-013)",2014,34.8212,"Reefmod",NA,NA,44.4922298731486,39.2572055216843,52.3767996666089,13.1195941449246
660,"U/N Reef (13-014)",2014,40.581,"Reefmod",NA,NA,44.6500236512135,31.0481324286407,60.3791741123859,29.3310416837452
661,"Franklin Reef (13-015)",2014,36.88693,"Reefmod",NA,NA,40.7391521156864,28.6147080121928,50.4103674562514,21.7956594440586
662,"U/N Reef (13-016a)",2014,37.6413,"Reefmod",NA,NA,41.4191854362415,23.3638360998638,53.7746054254443,30.4107693255804
663,"U/N Reef (13-016b)",2014,33.8745,"Reefmod",NA,NA,45.2051096170065,36.1491096019695,54.4412551299972,18.2921455280277
664,"U/N Reef (13-017a)",2014,32.74455,"Reefmod",NA,NA,36.3653801632868,28.1868562509181,44.8715898633573,16.6847336124392
665,"U/N Reef (13-017b)",2014,35.72169,"Reefmod",NA,NA,34.8707606662327,23.1892402776291,44.4933204967263,21.3040802190972
666,"U/N Reef (13-017c)",2014,37.38773,"Reefmod",NA,NA,42.3930945527327,27.916589426415,54.3531387094512,26.4365492830362
667,"U/N Reef (13-019)",2014,37.55242,"Reefmod",NA,NA,47.5410763450513,42.2409536558079,56.5456647026737,14.3047110468659
668,"Sykes Reef",2022,7,"Census",-13.1089,143.5581,24.2266459042818,20.7759001026363,27.7459804647415,6.97008036210524
669,"Colclough Reef (13-021)",2014,37.70927,"Reefmod",NA,NA,42.0195942623825,33.262047776173,53.174750921148,19.912703144975
670,"New Reef (13-022)",2014,41.10352,"Reefmod",NA,NA,46.8158487944297,37.525235243227,53.5600392899149,16.034804046688
671,"Dart Shoal (13-023)",2014,34.81039,"Reefmod",NA,NA,48.4427921888333,37.3003038220262,60.1647267991874,22.8644229771612
672,"Glennie Reef (13-024)",2014,43.65492,"Reefmod",NA,NA,44.0128339577495,31.0778241923606,58.3738897170853,27.2960655247247
673,"Waterwitch Reef (13-025)",2014,41.90867,"Reefmod",NA,NA,47.4798272155847,40.1566399898216,54.5550469655762,14.3984069757546
674,"Gertrude Reef (13-026)",2014,48.04729,"Reefmod",NA,NA,46.2299772693007,34.398326227594,54.7466576541857,20.3483314265917
675,"Jubilee Reef (13-027)",2014,44.54406,"Reefmod",NA,NA,56.508911802782,45.6630835123136,65.6112871072072,19.9482035948936
676,"Tijou Reef",2024,23.19643609,"Census",-13.1596,143.9591,26.0975590133479,21.4301514303418,31.5134496957323,10.0832982653905
677,"U/N Reef (13-029)",2014,36.88323,"Reefmod",NA,NA,51.7825103850675,39.2579451393554,62.1777599613849,22.9198148220295
678,"U/N Reef (13-030)",2014,38.66229,"Reefmod",NA,NA,46.2540668035903,38.0675457557038,54.3343949575809,16.2668492018771
679,"Night Reef (13-031)",2014,37.93002,"Reefmod",NA,NA,49.8482887313636,35.2500384985172,61.0060968144072,25.7560583158901
680,"Diamond Reign Reefs (13-032)",2014,41.25403,"Reefmod",NA,NA,45.4688584616817,33.5091965831184,57.9542705777497,24.4450739946313
681,"U/N Reef (13-033)",2014,32.89548,"Reefmod",NA,NA,49.011208919304,35.523274561677,57.7362316781359,22.2129571164589
682,"Binstead Reef (13-034)",2014,37.59226,"Reefmod",NA,NA,43.8516000780007,28.5217225344221,58.7639327364674,30.2422102020453
683,"U/N Reef (13-035)",2014,38.24716,"Reefmod",NA,NA,48.6941757878347,32.0362882817465,62.0800101973485,30.043721915602
684,"Hedley Reef (17-014)",2023,15.391,"Manta",NA,NA,30.1966679478398,25.9325863590157,33.2378344672953,7.30524810827964
685,"Jackson Patches (17-015)",2014,25.72934,"Reefmod",NA,NA,61.571193214987,54.6199997873991,68.1901396610172,13.5701398736181
686,"U/N Reef (18-016)",2014,15.60538,"Reefmod",NA,NA,59.366834537858,50.6934186376854,71.1390275591516,20.4456089214663
687,"Reg Ward Reef (18-017)",2024,28.5,"COTS",NA,NA,36.1125520485391,33.3379059784117,40.4846354133113,7.14672943489959
688,"Otter Reef (18-018)",2023,5.6,"COTS",NA,NA,16.2542098652801,12.2650259555892,19.3544413680154,7.08941541242618
689,"Undine Reef (West)",2025,12.4499648,"Census",-16.1234,145.6872,12.4499648,12.4499648,12.4499648,0
690,"Undine Reef (East)",2025,24.96990103,"Census",-16.1172,145.7754,24.96990103,24.96990103,24.96990103,0
691,"U/N Reef",2021,6,"Census",-16.1743,145.6453,34.4461879298091,24.6168601531088,42.6046826829557,17.9878225298468
692,"U/N Reef",2021,4,"Census",-16.184,145.6371,18.3108914879756,12.9609976824205,22.3562618142869,9.39526413186636
693,"Rudder Reef",2025,11.01248745,"Census",-16.1922,145.6934,11.01248745,11.01248745,11.01248745,0
694,"Chinaman Reef (16-024)",2025,30.7,"COTS",NA,NA,30.7,30.7,30.7,0
695,"Moore Reef",2025,14.55390057,"Census",-16.8743,146.213,14.55390057,14.55390057,14.55390057,0
696,"North West Reef",2025,19.12031059,"Census",-16.8769,146.3889,19.12031059,19.12031059,19.12031059,0
697,"Elford Reef",2024,12.2101086,"Census",-16.9116,146.2486,18.6006888584803,15.878390150895,21.8500475523248,5.97165740142985
698,"Briggs Reef (16-074)",2025,23,"COTS",NA,NA,23,23,23,0
699,"Channel Reef",2021,4,"Census",-16.9447,146.4448,24.4561121826759,20.2096578436364,29.2153920579217,9.00573421428538
700,"U/N Reef (16-076)",2014,17.34093,"Reefmod",NA,NA,54.6927719295445,41.7238306953301,67.8640081230325,26.1401774277024
701,"McCulloch Reef (No 1)",2021,7,"Census",-17.2879,146.4417,33.8004434344558,26.8359633860373,37.9252795735782,11.0893161875409
702,"McCulloch Reef (No 2) (17-016b)",2014,22.00278,"Reefmod",NA,NA,63.2772674678849,59.8592200650293,67.4928384392024,7.63361837417301
703,"Gibson Reef (17-017)",2014,21.59814,"Reefmod",NA,NA,57.121151625134,53.575520775572,63.4311112355299,9.85559045995785
704,"Howie Reef",2025,20.48389582,"Census",-17.3939,146.3851,20.48389582,20.48389582,20.48389582,0
705,"Barnett Patches (18-019)",2025,17.8,"COTS",NA,NA,17.8,17.8,17.8,0
706,"Duncan Reef",2024,16.1078908,"Census",-18.0837,146.7866,24.9224212426935,22.4469776663182,27.9203387330721,5.47336106675392
707,"U/N Reef (18-021)",2014,21.78765,"Reefmod",NA,NA,59.9646245206358,52.1882791950061,66.4223689064174,14.2340897114113
708,"U/N Reef (18-022)",2014,20.27122,"Reefmod",NA,NA,62.4189295290561,57.9433108567802,66.654796170707,8.71148531392683
709,"Opal Reef",2022,13,"Census",-16.2209,145.8897,22.7993774527625,19.7488837608454,27.6691523403926,7.92026857954714
710,"Tongue Reef",2024,11.94936185,"Census",-16.3209,145.7926,17.822358264626,14.041700813712,20.281067585155,6.23936677144298
711,"U/N Reef (16-027)",2023,5.2,"COTS",NA,NA,15.088157862557,13.3421548792644,18.0426745176127,4.70051963834832
712,"Low Islands Reef",2024,19.39871059,"Census",-16.3863,145.5643,24.1665340063525,20.5896034155166,28.273981936904,7.68437852138739
713,"U/N Reef (16-077)",2014,16.56129,"Reefmod",NA,NA,56.9967369884441,48.7537119225129,67.7872161375446,19.0335042150317
714,"U/N Reef (16-078)",2014,17.72125,"Reefmod",NA,NA,59.2755651380454,55.1273195048277,63.5996970288161,8.47237752398841
715,"Outer Shoal (16-079)",2014,15.8313,"Reefmod",NA,NA,61.3071336696011,57.0357074900308,69.7464809483231,12.7107734582923
716,"Korea Reef (16-080)",2014,16.139,"Reefmod",NA,NA,51.584588187638,38.8579072671003,63.4500961583591,24.5921888912588
717,"Yule Reef (16-081)",2014,22.42525,"Reefmod",NA,NA,51.9870653717831,39.7134544472503,63.7139356462455,24.0004811989952
718,"Garioch Reef (16-082)",2014,25.93887,"Reefmod",NA,NA,49.7082132586812,40.2461087674123,57.5239772967097,17.2778685292974
719,"U/N Reef (16-083)",2014,39.05548,"Reefmod",NA,NA,64.6389525748032,56.182053007824,70.605215818891,14.423162811067
720,"U/N Reef (16-084)",2014,33.18434,"Reefmod",NA,NA,67.0834992943507,56.7932797036155,74.2178009564738,17.4245212528584
721,"Arthur Patches",2021,0,"Census",-17.3875,146.3393,16.7306130410601,7.0230038471967,22.9757130372711,15.9527091900744
722,"U/N Reef (17-020a)",2014,26.31482,"Reefmod",NA,NA,64.4476075824447,58.4741305462313,67.8102686329185,9.33613808668721
723,"U/N Reef (17-020b)",2014,23.8062,"Reefmod",NA,NA,63.6876166700048,56.159043605447,69.9318152786624,13.7727716732154
724,"U/N Reef (17-021a)",2014,25.99485,"Reefmod",NA,NA,64.17271224781,57.007455322934,70.9716501314022,13.9641948084682
725,"U/N Reef (17-021b)",2014,21.57029,"Reefmod",NA,NA,62.4969304866355,56.6806189384617,66.8034676531364,10.1228487146747
726,"Cayley Reef (17-023)",2014,28.84317,"Reefmod",NA,NA,63.3805835507799,53.4527576150934,70.7609814103315,17.3082237952381
727,"18-023",2024,16.4554909,"Census",-18.1335,146.9667,22.6771073554726,20.8412272588514,24.7071417768214,3.86591451797003
728,"Britomart Reef (18-024)",2024,5.6,"COTS",NA,NA,10.3996485687957,8.88036366523583,12.5420576320944,3.66169396685861
729,"18-025",2024,13.90683365,"Census",-18.261,146.8981,20.9648184085313,17.9433156482201,24.9949704390486,7.05165479082854
730,"Batt Reef (16-029)",2025,8.8,"COTS",NA,NA,8.8,8.8,8.8,0
731,"Norman Reef",2024,20.17940659,"Census",-16.4281,145.9967,30.2072272769238,26.2038630393805,34.7933340776955,8.58947103831507
732,"Satellite Reef",2021,1,"Census",-16.4405,145.6873,16.2912035558838,10.4424324623234,23.4427825778798,13.0003501155564
733,"Saxon Reef (16-032)",2023,8,"COTS",NA,NA,19.7142921331214,18.0299132426336,21.1756405559023,3.14572731326871
734,"Linden Bank (16-033)",2014,7.782745,"Reefmod",NA,NA,57.2939584957029,47.442064369352,69.1718589596277,21.7297945902757
735,"Spur Reef",2021,0,"Census",-16.4046,146.0461,19.6284726374522,15.5718851292766,24.3583364086948,8.7864512794182
736,"U/N Reef (16-085)",2014,32.94045,"Reefmod",NA,NA,65.5001039717283,57.4308304692446,72.9049692734362,15.4741388041916
737,"U/N Reef (16-086)",2014,22.55516,"Reefmod",NA,NA,63.5624387694344,58.7617220268966,67.2194276217291,8.4577055948325
738,"U/N Reef (16-087)",2014,18.66954,"Reefmod",NA,NA,63.6330016760815,55.9867667458324,70.0893927256707,14.1026259798383
739,"U/N Reef (16-088)",2014,15.99755,"Reefmod",NA,NA,45.5066952446888,30.1969966587307,59.3455910970316,29.1485944383009
740,"Peart Reef (17-024)",2023,26,"AIMS Transect",NA,NA,40.2810209683755,37.8270279104831,44.6518538865061,6.82482597602299
741,"17-025",2023,14,"Census",-17.1002,146.4934,24.217174656938,18.1384530714896,29.5616636542275,11.4232105827379
742,"U/N Reef (17-026)",2014,18.28682,"Reefmod",NA,NA,52.4576235356008,39.6352194209307,66.763991768851,27.1287723479203
743,"Raaf Shoals (17-027)",2014,24.14635,"Reefmod",NA,NA,58.7057543924372,50.7319262680958,63.7427785218872,13.0108522537914
744,"Publican Shoals (North) (17-028)",2014,18.32982,"Reefmod",NA,NA,54.9141451824616,44.3394814402757,65.4326804167225,21.0931989764468
745,"Mustard Patches (North) (17-029a)",2014,16.04133,"Reefmod",NA,NA,60.9818110306713,55.5817906523393,67.2414324725857,11.6596418202463
746,"Mustard Patches (South) (17-029b)",2014,13.68188,"Reefmod",NA,NA,50.7269013568457,44.148713243166,56.7111602520609,12.562447008895
747,"Walker Reef",2020,17,"Census",-18.325,146.7446,51.1015028487808,44.8428669076812,57.9597069199554,13.1168400122743
748,"Trunk Reef (18-027)",2023,9.2,"COTS",NA,NA,20.2702440675792,15.712758713961,24.2090804378161,8.49632172385513
749,"U/N Reef (18-028)",2014,20.35823,"Reefmod",NA,NA,64.0509687387337,57.5877461801939,70.3560526441539,12.76830646396
750,"Bramble Reef",2024,8.611526624,"Census",-18.4082,146.7062,13.5862812749813,12.3436664858468,14.5525771728428,2.20891068699601
751,"Kelso Reef (18-030)",2023,20.8,"AIMS Transect",NA,NA,39.3108133441055,33.6969502829877,44.6372051099398,10.9402548269521
752,"Little Kelso Reef (18-031)",2025,13.8,"COTS",NA,NA,13.8,13.8,13.8,0
753,"Onyx Reef",2021,0,"Census",-16.4392,146.0662,15.9770542029627,11.3250682300608,23.1495701388807,11.8245019088198
754,"Nicholas Reef",2021,0,"Census",-16.4935,146.1013,17.9888299436784,8.22543582975863,23.0302538393438,14.8048180095852
755,"Wentworth Reef (16-037)",2014,25.31535,"Reefmod",NA,NA,51.9071567902532,39.1990101912886,64.468544285657,25.2695340943684
756,"Egmont Reef (16-038)",2014,15.77529,"Reefmod",NA,NA,51.3232427237759,31.4234214792925,65.0273184140739,33.6038969347814
757,"Alexandra Reefs (No 1) (16-039a)",2014,28.24728,"Reefmod",NA,NA,54.5066164629192,35.651618668126,67.3659279639499,31.714309295824
758,"Alexandra Reefs (No 2) (16-039b)",2014,28.94855,"Reefmod",NA,NA,48.3762803570183,40.9583285095686,59.0883816185753,18.1300531090066
759,"Pixie Reef (16-040)",2025,24.7,"COTS",NA,NA,24.7,24.7,24.7,0
760,"Jorgensen Patch",2021,0,"Census",-16.5433,145.9533,17.0431618464105,10.5230409876704,25.5900438535529,15.0670028658825
761,"U/N Reef (16-089)",2014,25.64699,"Reefmod",NA,NA,55.1786724333775,42.1047284078917,65.4525632439205,23.3478348360288
762,"U/N Reef (16-090)",2014,19.85469,"Reefmod",NA,NA,55.2044577574871,47.6611952454179,66.6101463323834,18.9489510869655
763,"U/N Reef (16-091)",2014,20.92401,"Reefmod",NA,NA,52.8589119547105,36.7870049354819,62.7069412361426,25.9199363006608
764,"U/N Reef (16-092)",2014,17.84304,"Reefmod",NA,NA,47.5663289293243,34.9466615546447,58.7149481909842,23.7682866363395
765,"U/N Reef (16-093)",2014,17.91362,"Reefmod",NA,NA,46.3615560214629,30.9765575056877,64.1687397911917,33.192182285504
766,"U/N Reef (16-095)",2014,20.22484,"Reefmod",NA,NA,54.178487519354,39.6899904294616,62.7908181928861,23.1008277634245
767,"Publican Shoals (South) (17-030)",2014,14.36278,"Reefmod",NA,NA,62.9498274689561,58.4771139145914,67.2061330367833,8.72901912219185
768,"U/N Reef (17-031)",2014,13.33271,"Reefmod",NA,NA,64.3289922248152,58.4644709668749,70.4887320947745,12.0242611278996
769,"Wardle Reef (17-032)",2021,12.974,"Manta",NA,NA,40.5501051559887,32.517959399401,48.1286766378632,15.6107172384622
770,"U/N Reef (17-033)",2014,19.32459,"Reefmod",NA,NA,64.493278597777,57.435167135982,69.7405993648216,12.3054322288396
771,"Feather Reef (17-034)",2023,33.95,"AIMS Transect",NA,NA,47.2326639211222,40.4177751302352,51.0792735580153,10.6614984277801
772,"Nathan Reef (17-035)",2023,9.6,"COTS",NA,NA,20.9469748273036,16.0241389903215,25.7905848323805,9.76644584205897
773,"U/N Reef (15-059b)",2014,23.279,"Reefmod",NA,NA,63.4656815547971,55.2645957575386,73.5612693101998,18.2966735526612
774,"Ottaway Patch (15-060)",2014,12.33202,"Reefmod",NA,NA,59.9076315648802,52.1271858872595,72.0208163251388,19.8936304378793
775,"Stonor Patch (15-061)",2014,12.23238,"Reefmod",NA,NA,60.9677778126544,56.5631388056923,68.9817636034084,12.4186247977161
776,"Delius Patch (15-062)",2014,11.92182,"Reefmod",NA,NA,61.5181331341675,53.3261607574644,69.8901712890141,16.5640105315497
777,"Gubbins Reef (15-063)",2014,16.67772,"Reefmod",NA,NA,63.5791042130456,61.9981008183701,70.1473810218228,8.1492802034527
778,"Breaking Patches",2024,8.96124711,"Census",-16.5816,145.9802,15.093081432787,13.7228288697541,16.2865934361058,2.5637645663516
779,"Oyster Reef",2024,7.453375834,"Census",-16.64,145.9328,12.8730108008162,12.0821244566041,14.3708803722846,2.28875591568058
780,"U/N Reef",2021,3,"Census",-16.6178,145.9485,24.5726598206069,17.612126047492,32.2086362651605,14.5965102176685
781,"U/N Reef",2021,0,"Census",-16.6464,145.9728,20.0881639866084,11.558759803772,25.4986253356933,13.9398655319214
782,"Vlasoff Reef (16-044b)",2023,2.8,"COTS",NA,NA,9.58151179407722,7.77508474434539,11.7545338129066,3.97944906856124
783,"Unity Reef (No 1) (16-045a)",2014,19.17652,"Reefmod",NA,NA,44.3216736148748,39.8531659340225,51.0828268777728,11.2296609437503
784,"Unity Reef (No 2) (16-045b)",2014,18.1572,"Reefmod",NA,NA,47.9798940852523,39.3318184312779,53.3698285709289,14.038010139651
785,"U/N Reef (16-096)",2014,21.90006,"Reefmod",NA,NA,50.4190624617524,36.3783760453188,60.4297457837164,24.0513697383976
786,"U/N Reef (16-097)",2014,20.32721,"Reefmod",NA,NA,53.5836530185046,44.779862244466,64.1810648299079,19.4012025854419
787,"U/N Reef (16-098)",2014,17.65961,"Reefmod",NA,NA,49.222278880453,40.7100481903186,62.4846672711075,21.7746190807889
788,"U/N Reef (16-099)",2014,18.58706,"Reefmod",NA,NA,49.4452301128506,35.7115629893048,61.289223433506,25.5776604442012
789,"Hall-Thompson Reef (17-037)",2025,5.2,"COTS",NA,NA,5.2,5.2,5.2,0
790,"Surprise Shoal (17-038)",2014,21.57061,"Reefmod",NA,NA,65.6979006402713,60.1914904290617,72.6587506209414,12.4672601918796
791,"U/N Reef (17-039)",2014,17.40467,"Reefmod",NA,NA,65.2890073250432,60.7123961197178,69.9746845454503,9.26228842573245
792,"Lindquist Reef (17-040)",2014,19.86015,"Reefmod",NA,NA,60.8623125988164,53.5867169765,67.1716925914847,13.5849756149846
793,"Goudge Bank (17-041)",2014,30.59629,"Reefmod",NA,NA,65.0749635970525,57.8614863596191,71.0225385457175,13.1610521860984
794,"Hope Islands Reef (West) (15-064)",2025,4.2,"COTS",NA,NA,4.2,4.2,4.2,0
795,"Hope Islands Reef (East) (15-065)",2025,2.7,"COTS",NA,NA,2.7,2.7,2.7,0
796,"U/N Reef (15-066)",2014,25.76635,"Reefmod",NA,NA,64.7794231692602,62.5225438499696,67.5737992713132,5.05125542134358
797,"U/N Reef (15-067)",2014,28.51936,"Reefmod",NA,NA,65.703845436196,59.6125765699822,70.9574437350102,11.3448671650279
798,"Upolu Reef",2024,11.08794993,"Census",-16.6743,145.9369,15.1356695021824,11.903673719847,17.9433196688769,6.03964594902993
799,"Double Island Reef (16-047)",2014,29.80719,"Reefmod",NA,NA,52.0388566400231,44.863742114051,62.2784929265628,17.4147508125117
800,"U/N Reef (16-100)",2014,15.51209,"Reefmod",NA,NA,47.8700694790539,32.5067454128561,62.9313267812719,30.4245813684158
801,"U/N Reef (16-102)",2014,13.39307,"Reefmod",NA,NA,50.6913299279049,41.2525838157314,61.9022300124977,20.6496461967663
802,"U/N Reef (16-103)",2014,16.13722,"Reefmod",NA,NA,47.55924183731,37.064892076391,61.9510379273981,24.886145851007
803,"U/N Reef (16-104)",2014,17.75424,"Reefmod",NA,NA,49.3475641194823,43.8291164634185,56.9645241241983,13.1354076607798
804,"Adelaide Reef (17-042)",2025,6.7,"COTS",NA,NA,6.7,6.7,6.7,0
805,"Jessie-Kent Reef (17-043a)",2023,53.615,"MMP",NA,NA,59.8715242130791,54.5382849626036,64.6529324098392,10.1146474472355
806,"Bresnahan Reef (17-043b)",2014,14.73505,"Reefmod",NA,NA,64.5454180852944,59.7830970645145,70.6385948068173,10.8554977423028
807,"Hutchison Reef (17-043c)",2014,22.17322,"Reefmod",NA,NA,64.1083236696474,59.9978596922224,67.083741580984,7.08588188876163
808,"Ellison Reef",2024,25.04410165,"Census",-17.7223,146.3936,32.3006831685156,27.3626828622756,36.8369423339482,9.47425947167254
809,"Lake Reef (15-068)",2014,12.01682,"Reefmod",NA,NA,66.1073709057355,62.5172284301871,72.6383606852258,10.1211322550387
810,"U/N Reef (15-069)",2014,35.81092,"Reefmod",NA,NA,66.8003168567008,61.0589085667144,72.5627964724501,11.5038879057357
811,"Vicki Harriott Reef (15-070)",2025,14.9,"COTS",NA,NA,14.9,14.9,14.9,0
812,"U/N Reef (15-071a)",2014,19.55671,"Reefmod",NA,NA,67.1097103445558,58.1722990079602,76.2412614689626,18.0689624610024
813,"U/N Reef (15-071b)",2025,3.6,"COTS",NA,NA,3.6,3.6,3.6,0
814,"15-071c",2024,17.7766576,"Census",-15.5105,145.5702,25.7541155300947,22.1739891230956,28.5477817694648,6.37379264636927
815,"U/N Reef (15-072)",2024,50.4,"COTS",NA,NA,54.9883044698234,49.4125018571145,58.8534726771495,9.44097082003491
816,"15-073",2024,9.83306932,"Census",-15.5294,145.7811,15.4055185593925,13.9498113529189,16.8994795167511,2.94966816383219
817,"U/N Reef (15-074)",2014,21.07331,"Reefmod",NA,NA,63.4688889135358,60.2079789860921,70.6810058369012,10.4730268508091
818,"Haycock Reef (16-048)",2014,28.29286,"Reefmod",NA,NA,44.7976590034037,32.8446355980858,61.3475997640268,28.502964165941
819,"U/N Reef (16-105)",2014,19.82306,"Reefmod",NA,NA,51.9224166209706,38.8050882013008,61.824734730199,23.0196465288982
820,"U/N Reef (16-106)",2014,15.10489,"Reefmod",NA,NA,47.9680469512911,43.8431469668656,53.7266715632163,9.88352459635079
821,"U/N Reef (16-107)",2014,14.30516,"Reefmod",NA,NA,48.4635777645595,36.1372029404875,62.1217951188183,25.9845921783308
822,"U/N Reef (16-108)",2014,16.62007,"Reefmod",NA,NA,49.277502481238,35.7779357056908,60.9275923453996,25.1496566397089
823,"U/N Reef (17-045)",2014,21.75133,"Reefmod",NA,NA,67.0942642613923,63.2133546606391,71.8328283103098,8.61947364967079
824,"Sisters-Stephens Reef (17-046)",2014,20.94968,"Reefmod",NA,NA,64.8868897448769,59.0970423952445,69.9622300240811,10.8651876288366
825,"Eddy Reef (17-047)",2023,10,"COTS",NA,NA,22.0147914786175,17.98506235363,27.955469909349,9.97040755571907
826,"King Reefs (17-048)",2014,18.58552,"Reefmod",NA,NA,59.1985680522709,49.9531495686222,67.6362749351404,17.6831253665183
827,"U/N Reef (17-049)",2014,20.98156,"Reefmod",NA,NA,61.6114157171046,54.8092986757758,66.5241333479809,11.7148346722052
828,"U/N Reef (17-050)",2014,18.78328,"Reefmod",NA,NA,59.4139603901998,53.5926124987567,65.3182903042963,11.7256778055396
829,"Ribbon No 2 Reef (No 1)",2024,8.460009469,"Census",-15.5572,145.7962,13.6042797303695,12.3067104003826,15.5357227312606,3.229012330878
830,"Ribbon No 2 Reef (No 2) (15-075b)",2014,14.46589,"Reefmod",NA,NA,63.8858167057747,58.92902722548,68.9277281257095,9.99870090022947
831,"Ribbon No 2 Reef (No 3)",2021,9,"Census",-15.5732,145.7783,39.3675783991921,32.5949682069763,44.8796936846271,12.2847254776508
832,"U/N Reef (15-076)",2014,20.46369,"Reefmod",NA,NA,68.008591961061,64.2306001374821,72.829575371433,8.59897523395097
833,"15-077",2024,15.86084162,"Census",-15.5584,145.6495,22.4479131826678,19.4456553903007,25.6458126255875,6.20015723528684
834,"Osterlund Reef (15-078)",2023,5.3,"COTS",NA,NA,15.007016229767,11.0658013846155,18.5712531583127,7.50545177369715
835,"U/N Reef",2021,9,"Census",-15.595,145.7678,43.3484961524924,36.1485677799657,49.2529003035387,13.104332523573
836,"Green Island Reef",2022,17,"Census",-16.7671,145.9987,29.4224919288178,25.0364361949171,35.340861282001,10.3044250870839
837,"Rocky Island Reef",2022,2,"Census",-16.8867,145.8945,9.02424374478404,7.37166103408115,11.8887244406305,4.51706340654939
838,"U/N Reef (16-109)",2014,14.57411,"Reefmod",NA,NA,48.612025351235,39.3593362022806,59.6570562531495,20.2977200508689
839,"U/N Reef (16-110)",2014,15.59066,"Reefmod",NA,NA,54.0644227848192,41.2520519326157,62.0666420166635,20.8145900840478
840,"U/N Reef (16-111)",2014,20.11842,"Reefmod",NA,NA,51.2090322787613,46.2636387697982,61.8923978073702,15.628759037572
841,"U/N Reef (16-112)",2014,22.32861,"Reefmod",NA,NA,57.2866384583153,46.3668405205871,67.7185270383144,21.3516865177273
842,"U/N Reef (16-113)",2014,19.86438,"Reefmod",NA,NA,55.8852228911919,51.7696488665138,61.5427063928821,9.77305752636836
843,"Beaver Reef",2024,20.24329711,"Census",-17.8496,146.4836,27.3035188957836,22.308595173496,31.5558937953628,9.24729862186675
844,"U/N Reef (17-052)",2014,16.81821,"Reefmod",NA,NA,62.4482669562284,56.940556761674,68.5438838871849,11.603327125511
845,"Stingaree Reefs (17-053)",2023,41.8883333333333,"MMP",NA,NA,53.9644297266901,49.0736314469916,58.1575820361865,9.08395058919487
846,"U/N Reef (17-054)",2023,31.965,"MMP",NA,NA,47.6989217039245,42.8287134585926,56.1009918672913,13.2722784086987
847,"Thorpe (Timana) Reef",2021,8,"Census",-17.9766,146.1358,33.5812347945029,23.9062581646187,40.9964662570801,17.0902080924614
848,"Ribbon No 1 Reef (15-080)",2021,35.303,"Manta",NA,NA,56.4476721777955,51.9899400089171,61.7296868837057,9.73974687478853
849,"Rosser Reef (15-081)",2023,5.8,"COTS",NA,NA,16.1567314042018,12.6631643342783,19.4038736529303,6.740709318652
850,"Emily Reef (15-082)",2024,6.1,"COTS",NA,NA,11.0004601681625,9.67905760983018,11.7112261689025,2.03216855907237
851,"Gill Patches (15-083)",2014,10.78431,"Reefmod",NA,NA,64.6815686179029,59.6099345125045,74.5983652719749,14.9884307594704
852,"Irene Reef",2024,24.64481676,"Census",-15.6476,145.7151,32.2475760743432,30.1924042025751,36.2598066465797,6.06740244400464
853,"Lena Reef (15-085)",2023,38.237,"Manta",NA,NA,52.0499401259339,48.3095531434405,54.9946290198165,6.68507587637599
854,"Rocky Island Reef",2022,2,"Census",-16.8835,145.8947,7.61949898035731,4.50862199250981,9.44740035466477,4.93877836215496
855,"U/N Reef (16-052)",2014,14.1038,"Reefmod",NA,NA,49.2870658664433,44.0611050842435,54.5593543009146,10.4982492166711
856,"U/N Reef (16-053)",2014,16.31023,"Reefmod",NA,NA,59.3429956918519,54.8900974107502,66.3707666664909,11.4806692557407
857,"Fitzroy Island",2023,56,"Census",-16.9249,145.9936,55.6066688809251,49.544566903217,62.8837873638307,13.3392204606137
858,"U/N Reef (16-800)",2014,22.96807,"Reefmod",NA,NA,46.1260943275144,31.9024056521379,59.7645100739493,27.8621044218114
859,"U/N Reef (16-801)",2014,25.52963,"Reefmod",NA,NA,55.5299261405593,44.5640644727103,61.81608350927,17.2520190365597
860,"Sudbury Reef (No 1)",2025,10.45095728,"Census",-16.9984,146.205,10.45095728,10.45095728,10.45095728,0
861,"U/N Reef (17-056)",2014,28.01033,"Reefmod",NA,NA,63.5353720676031,56.7148996522427,69.9201235227507,13.205223870508
862,"Gilbey Reef (17-057)",2017,26.667,"Manta",NA,NA,64.1734067020241,56.0637953008707,71.0918379787758,15.028042677905
863,"Armistice Reef (17-058)",2014,19.2807,"Reefmod",NA,NA,56.0549460852269,44.3434626871227,65.551102910049,21.2076402229263
864,"Potter Reef (No 1) (17-059a)",2024,6.2,"COTS",NA,NA,10.9580465914912,9.00448915919671,12.3048630361869,3.30037387699015
865,"Potter Reef (No 2)",2021,7,"Census",-17.7247,146.5545,32.4827227183587,23.1133362818248,40.1449725731159,17.0316362912911
866,"Potter Reef (No 3) (17-059c)",2014,26.94264,"Reefmod",NA,NA,64.1497668924938,61.4817423880545,68.3387445187352,6.85700213068066
867,"Cairns Reef",2025,15.08784693,"Census",-15.6723,145.5087,15.08784693,15.08784693,15.08784693,0
868,"Pearl Reef",2025,21.33375908,"Census",-15.7188,145.8004,21.33375908,21.33375908,21.33375908,0
869,"Ruby Reef (15-088)",2024,24.4,"COTS",NA,NA,33.838936460827,31.4191992743611,36.6391729147648,5.21997364040369
870,"Endeavour Reef (15-089)",2023,28.1,"RJFMP",NA,NA,42.9893564763405,38.7766957174895,48.0386853659857,9.26198964849614
871,"Andersen Reef",2025,18.72124204,"Census",-15.7893,145.8032,18.72124204,18.72124204,18.72124204,0
872,"U/N Reef (15-091a)",2014,13.00434,"Reefmod",NA,NA,64.2434078451446,61.0872517699045,70.4225491788003,9.33529740889576
873,"U/N Reef (15-091b)",2014,16.88914,"Reefmod",NA,NA,66.3173468994472,59.989084850034,72.0252669301294,12.0361820800955
874,"Rachel Carson Reef",2020,26,"Census",-15.8297,145.8194,58.2870273464696,52.3325618530003,63.7234128455576,11.3908509925573
875,"Fitzroy Island Reef (No 2)",2025,12.7141923,"Census",-16.933,145.9847,12.7141923,12.7141923,12.7141923,0
876,"U/N Reef (16-054c)",2024,8,"COTS",NA,NA,12.0861373890097,10.5619508001241,13.7560765471707,3.19412574704661
877,"16-054d",2025,10.91368661,"Census",-16.9318,145.9862,10.91368661,10.91368661,10.91368661,0
878,"U/N Reef (16-054e)",2024,0,"COTS",NA,NA,2.09412090989295,0.127796003669501,3.70330354693904,3.57550754326954
879,"point",2025,20.1146189,"Census",-16.9414,145.9885,20.1146189,20.1146189,20.1146189,0
880,"Sudbury Reef (No 2) (17-001b)",2014,23.2203,"Reefmod",NA,NA,59.246972049895,46.4234431340722,69.3988295775869,22.9753864435147
881,"Sudbury Reef (No 3) (17-001c)",2014,27.2739,"Reefmod",NA,NA,55.8605280556222,50.2731826171925,64.5114230840591,14.2382404668666
882,"Sudbury Reef (No 4) (17-001d)",2014,28.76175,"Reefmod",NA,NA,51.7420476708501,33.9041400906725,64.674673135669,30.7705330449965
883,"Stagg Patches (North) (17-002a)",2014,39.6469,"Reefmod",NA,NA,53.6092789296145,44.4750383292082,61.8419900141226,17.3669516849144
884,"Stagg Patches (South) (17-002b)",2014,34.38243,"Reefmod",NA,NA,60.1203472056432,50.2137244470707,69.9436699167284,19.7299454696577
885,"Hervey Shoals (North)",2021,2,"Census",-16.999,146.4559,20.2170367695624,14.9281975196097,23.8617638372779,8.93356631766813
886,"Hervey Shoals (South)",2021,4,"Census",-17.0374,146.4614,19.7854111779202,15.7701468478925,23.8459543029573,8.07580745506474
887,"Scott Reef",2025,16.26121559,"Census",-17.0736,146.185,16.26121559,16.26121559,16.26121559,0
888,"U/N Reef",2022,6,"Census",-17.7385,146.502,19.6431738254614,15.6206641757264,23.0759080415349,7.45524386580845
889,"U/N Reef",2022,17,"Census",-17.7504,146.5084,36.8892948884259,29.7248355492949,43.3300485559459,13.605213006651
890,"Noreaster Reef",2022,6,"Census",-17.7795,146.6506,18.9770327348634,16.8001261649895,21.4274975492358,4.62737138424626
891,"Farquharson Reef (No 1) (17-063a)",2023,7.29,"AIMS Transect",NA,NA,17.6580873531744,14.1006042960853,20.7437342013583,6.64312990527302
892,"Farquharson Reef (No 2) (17-063b)",2014,23.51446,"Reefmod",NA,NA,62.3359657976507,51.1549150681506,71.0259953169564,19.8710802488058
893,"Pickersgill Reef",2022,17,"Census",-15.8728,145.5744,30.7079834857822,27.5992058181182,34.4965733911238,6.89736757300562
894,"Escape Reef",2024,14.61822968,"Census",-15.8772,145.7963,22.8567534765674,21.2167719728392,24.425558442178,3.2087864693388
895,"Evening Reef (15-095)",2025,17.7,"COTS",NA,NA,17.7,17.7,17.7,0
896,"Agincourt Reefs (No 4)",2023,32,"Census",-15.9499,145.8208,44.8453542267976,37.3758149090293,51.2429953036276,13.8671803945983
897,"U/N Reef (16-054g)",2024,11.8,"COTS",NA,NA,18.7793345463755,18.0103593768085,19.870609998087,1.86025062127847
898,"Little Fitzroy Island Reef (16-055)",2024,14.1,"COTS",NA,NA,20.7677634898155,19.3311898955219,22.7218193004178,3.39062940489591
899,"Stevens Reef",2025,9.149535398,"Census",-17.0989,146.4105,9.149535398,9.149535398,9.149535398,0
900,"Maori Reef",2025,6.999975862,"Census",-17.0943,146.3447,6.999975862,6.999975862,6.999975862,0
901,"U/N Reef (17-007)",2014,18.22036,"Reefmod",NA,NA,58.1114980861827,49.018476642993,66.0996179329586,17.0811412899656
902,"Noggin Reef",2025,12.2742145,"Census",-17.1263,146.4686,12.2742145,12.2742145,12.2742145,0
903,"Taylor Reef (17-064)",2023,7.88666666666667,"AIMS Transect",NA,NA,20.5173231883987,18.433947125905,22.4695953752553,4.03564824935028
904,"U/N Reef (17-065)",2014,27.103,"Reefmod",NA,NA,68.0116041057131,63.7923488422433,74.2711694624499,10.4788206202066
905,"Yamacutta Reef (17-066)",2023,6.4,"COTS",NA,NA,18.1506543026326,15.9913546940952,20.9403269583469,4.94897226425174
906,"U/N Reef (17-067)",2014,22.75363,"Reefmod",NA,NA,62.5274536427784,57.0716146956953,66.7387998952147,9.6671851995194
907,"Morning Reef",2025,17.3919197,"Census",-15.9755,145.6651,17.3919197,17.3919197,17.3919197,0
908,"Agincourt Reefs (No 3) (15-099a)",2023,60.3,"RJFMP",NA,NA,61.5846700423609,57.029556365443,64.7254532368626,7.69589687141959
909,"Agincourt Reefs (No 2a)",2023,33,"Census",-16.0178,145.8509,48.8465666617947,43.6011953456289,53.3300865235794,9.7288911779505
910,"Agincourt Reefs (No 1) (15-099c)",2022,33.61,"AIMS Transect",NA,NA,49.0547413743388,43.1768711293106,53.0989197351107,9.92204860580011
911,"Agincourt Reefs (No 5)",2024,24.87401235,"Census",-16.0352,145.8352,33.4184062513597,29.0833519854849,38.390739340729,9.30738735524408
912,"Agincourt Reefs (No 2b)",2024,51.79566919,"Census",-16.0301,145.8584,57.062420333243,50.4389444249834,63.526285733043,13.0873413080597
913,"U/N Reef",2021,8,"Census",-15.4466,145.6928,36.5606445808207,30.8735572160009,43.7551607302654,12.8816035142645
914,"U/N Reef (15-801)",2014,14.57987,"Reefmod",NA,NA,63.8565902982757,57.5057404034148,71.5819686501793,14.0762282467645
915,"U/N Reef (16-001)",2014,29.20686,"Reefmod",NA,NA,66.4528316364597,53.5664977234221,75.888120423632,22.3216227002099
916,"U/N Reef (16-056)",2014,19.48211,"Reefmod",NA,NA,57.8405349104733,49.9886925000469,66.3808508843133,16.3921583842664
917,"Hastings Reef",2024,11.45435845,"Census",-16.5184,146.0081,17.0466983584863,13.8763677581153,19.6262233871803,5.74985562906501
918,"Tobias Spit",2022,16,"Census",-17.1579,146.0102,34.7576972569215,29.7167133007535,38.6515548412203,8.93484154046676
919,"Moss Reef",2024,18.41578748,"Census",-17.9456,146.7947,26.7514971278617,21.2806557267622,31.2070217604771,9.92636603371487
920,"U/N Reef (17-069)",2014,13.63223,"Reefmod",NA,NA,65.0225253266084,58.4270050634756,70.1957088963261,11.7687038328505
921,"U/N Reef (17-070)",2014,6.8475,"MMP",NA,NA,62.3563535776129,59.5084795292802,66.0011034528152,6.49262392353504
922,"U/N Reef (17-071)",2014,18.85312,"Reefmod",NA,NA,63.3022063973097,56.4234447747768,69.9404355073463,13.5169907325694
923,"U/N Reef (17-072)",2014,20.47013,"Reefmod",NA,NA,59.3454673317065,47.0183859788761,71.2191174199616,24.2007314410855
924,"U/N Reef (17-073)",2014,14.83604,"Reefmod",NA,NA,53.823830826957,44.070873597185,66.060831245393,21.989957648208
925,"U/N Reef (17-074)",2014,22.75359,"Reefmod",NA,NA,58.1273632762601,53.0293650074726,65.526060294974,12.4966952875014
926,"U/N Reef (17-075)",2014,23.17414,"Reefmod",NA,NA,63.1032683175581,58.924668002027,67.8443950593102,8.91972705728324
927,"U/N Reef (16-002)",2014,33.3531,"Reefmod",NA,NA,62.412309932713,58.0507182957925,67.7111039553769,9.66038565958443
928,"U/N Reef (16-003)",2014,23.56201,"Reefmod",NA,NA,63.0320934033873,52.2221552840294,70.1700054484336,17.9478501644043
929,"Struck Reef (16-004)",2014,24.07303,"Reefmod",NA,NA,64.8952919421289,60.0993179755128,72.0480824333766,11.9487644578638
930,"Black Rock Reef (16-005)",2014,23.86525,"Reefmod",NA,NA,61.2020445835251,50.3487898362999,70.0055663368113,19.6567765005114
931,"Hope Reef",2021,1,"Census",-16.5271,146.1296,18.8193911724957,11.4528587128613,28.3122479688432,16.8593892559819
932,"U/N Reef (16-059)",2014,28.39559,"Reefmod",NA,NA,58.962019751397,51.1286085120995,65.785264289424,14.6566557773244
933,"Michaelmas Reef (16-060)",2023,13.839,"Manta",NA,NA,25.4087759962686,21.4042479270722,28.5495954770572,7.14534754998498
934,"Fin Reef",2021,8,"Census",-16.6089,146.164,32.3731322946175,27.6680239999076,35.9578395424227,8.28981554251514
935,"Pretty Patches (No 1)",2021,1,"Census",-16.6433,146.0229,17.8726742175547,12.7699822008554,26.5796359387152,13.8096537378598
936,"Flora Reef",2025,16.07182456,"Census",-17.1848,146.2909,16.07182456,16.07182456,16.07182456,0
937,"Coates Reef",2025,15.63115035,"Census",-17.1971,146.3686,15.63115035,15.63115035,15.63115035,0
938,"Normanby-Mabel Reef (17-012)",2024,7.9,"COTS",NA,NA,13.5164974832812,12.4515762622569,14.4757582354946,2.02418197323764
939,"U/N Reef (17-076)",2014,22.59321,"Reefmod",NA,NA,66.1092324035397,56.0372827666163,73.647951187488,17.6106684208717
940,"Richards (Bedarra) Reef (18-001)",2023,18.48,"MMP",NA,NA,29.5073428441422,24.0012680967592,34.1836943191105,10.1824262223513
941,"Wheeler (Toolgbar) Island Reef",2021,14,"Census",-18.0255,146.1663,47.3986989365311,42.0221648681908,52.434361737304,10.4121968691133
942,"Coombe Reef",2021,9,"Census",-18.0398,146.1763,41.2158077840828,28.8080230603995,50.69206066488,21.8840376044805
943,"Smith-Bowden Reef (18-005)",2014,16.53352,"Reefmod",NA,NA,61.8239248538009,54.0082754450948,66.4462004864235,12.4379250413287
944,"Snapper Reef (16-006)",2023,39.073,"MMP",NA,NA,40.566755787686,28.231530240495,52.8755146063023,24.6439843658072
945,"U/N Reef (16-007)",2014,18.56025,"Reefmod",NA,NA,51.3000247631047,39.3947354333561,65.5236121238057,26.1288766904496
946,"U/N Reef (16-008a)",2014,13.22472,"Reefmod",NA,NA,50.4299456797226,39.7100941703571,58.1213395787554,18.4112454083983
947,"Pretty Patches (No 2)",2024,7.352882113,"Census",-16.6241,146.042,11.6969256674383,9.62601644143572,14.4776930634137,4.85167662197799
948,"Pretty Patches (No 3)",2021,0,"Census",-16.6464,146.0356,18.3482498084605,13.7855039978027,22.9836951875244,9.19819118972168
949,"Euston Reef (16-063)",2014,11.92056,"Reefmod",NA,NA,55.705554400617,45.8302561805092,66.5152505933877,20.6849944128785
950,"Arlington Reef",2024,12.66905143,"Census",-16.6947,146.0548,17.2974936349247,15.8404101665287,19.2201224688489,3.37971230232028
951,"Flynn Reef",2024,17.25104622,"Census",-16.7287,146.2746,24.1543949120236,22.2019989234327,26.5309489773189,4.32895005388623
952,"Jones Patch (17-012b)",2014,23.52953,"Reefmod",NA,NA,65.5903830975487,62.1942878287819,69.6382795270548,7.44399169827291
953,"Round-Russell Reef (17-013)",2024,12,"COTS",NA,NA,18.3408384680657,16.2081218894177,20.4327612451469,4.22463935572925
954,"Hudson (Coolah) Reef",2021,22,"Census",-18.0509,146.2028,52.1121317930992,47.4126616429582,57.4833118756568,10.0706502326986
955,"Kennedy Shoal (18-007)",2014,20.6407,"Reefmod",NA,NA,65.2319638407313,58.8634754577879,71.2747553436466,12.4112798858587
956,"Brook Islands Reef",2020,15,"Census",-18.1487,146.2906,46.3261200957374,38.2264010776072,56.6190962542646,18.3926951766574
957,"Brook Shoal (18-009)",2014,16.67009,"Reefmod",NA,NA,60.8972671600156,54.4454272780806,68.7501729805801,14.3047457024995
958,"U/N Reef (16-008b)",2014,12.10695,"Reefmod",NA,NA,48.567401538663,41.1187462619964,58.5461824009592,17.4274361389628
959,"U/N Reef (16-009a)",2014,26.96477,"Reefmod",NA,NA,46.2549749081844,35.3198678580193,59.2427443011212,23.9228764431019
960,"U/N Reef (16-009b)",2014,12.47462,"Reefmod",NA,NA,48.5580188436942,34.037939064481,62.293251652017,28.255312587536
961,"Morey Reef (16-010)",2014,27.39363,"Reefmod",NA,NA,44.1590917813814,32.2211379499026,59.6428752547953,27.4217373048927
962,"U/N Reef",2022,14,"Census",-16.0067,145.7638,26.9710659753149,23.1062096993505,30.3848940396888,7.27868434033828
963,"Spitfire Reefs (West) (16-012a)",2014,20.67266,"Reefmod",NA,NA,66.1709893831269,63.0909308557066,68.3057466830432,5.21481582733666
964,"Spitfire Reefs (East) (16-012b)",2024,18.2,"RJFMP",NA,NA,23.2561104573561,19.8379477535577,27.5663534868817,7.72840573332401
965,"16-013a",2023,23,"Census",-16.0189,145.7937,35.2039946117818,30.798690631662,40.1972954887356,9.39860485707359
966,"U/N Reef (16-013b)",2021,64.531,"Manta",NA,NA,65.4169884688963,59.7438776145299,68.9298763741847,9.18599875965484
967,"Jenny Louise Shoal (North) (16-066a)",2014,10.56204,"Reefmod",NA,NA,50.2270633206225,40.0781920609951,59.8449150594635,19.7667229984684
968,"Jenny Louise Shoal (South) (16-066b)",2014,12.69929,"Reefmod",NA,NA,60.1242277950275,51.5078600591413,65.2311717178522,13.7233116587109
969,"Milln Reef",2025,15.35171624,"Census",-16.7784,146.2654,15.35171624,15.35171624,15.35171624,0
970,"Thetford Reef",2024,10.89020366,"Census",-16.803,146.1809,19.2430415687111,17.987886550512,21.171447629271,3.18356107875893
971,"Baines Patches",2021,4,"Census",-16.8052,146.3543,24.0734470997239,16.3361284123604,30.4118067915998,14.0756783792395
972,"Pellowe Reef",2024,12.73467663,"Census",-16.8575,146.3577,18.9517915305264,16.1917678365698,22.8976140392364,6.70584620266659
973,"Goold Reef (18-010)",2014,16.75735,"Reefmod",NA,NA,63.8162804052469,56.1182674944723,70.0962549945609,13.9779875000886
974,"Garden Reef (18-011)",2014,11.54172,"Reefmod",NA,NA,58.7129552337864,51.5478574129291,66.8170644691243,15.2692070561953
975,"Eva Reef (18-013)",2014,19.0859,"Reefmod",NA,NA,64.9872878494966,61.0173096714895,70.3913810210711,9.37407134958163
976,"Hinchinbrook Reef",2020,21,"Census",-18.3586,146.3158,49.390606667053,34.5499982983637,60.1294852563857,25.579486958022
977,"Agnes Reef (18-015)",2014,24.3136,"Reefmod",NA,NA,64.1587797259828,60.7877747756824,66.8466249480887,6.05885017240625
978,"U/N Reef",2022,13,"Census",-16.0341,145.8077,25.9931748246465,19.7051225172629,32.122135666349,12.4170131490861
979,"U/N Reef",2021,13,"Census",-16.0235,145.6997,42.0800563477145,34.2822986927285,50.5584101030131,16.2761114102846
980,"U/N Reef",2021,2,"Census",-16.0329,145.7095,21.5155459256144,13.7688402057067,26.178012380585,12.4091721748783
981,"Mackay Reef",2024,25.74636409,"Census",-16.0495,145.6469,34.1310837052134,28.6810225331813,37.0163327527519,8.33531021957061
982,"U/N Reef (16-016)",2024,27.1,"RJFMP",NA,NA,34.889525776613,33.2293817800437,38.186292346758,4.95691056671431
983,"Sylvan Reef (16-017)",2019,13.833,"Manta",NA,NA,58.7321974191946,55.6094946185178,64.2428962400564,8.63340162153862
984,"16-018a",2023,49,"Census",-16.0767,145.7561,54.1084268946454,46.0765989840651,61.7162150541757,15.6396160701106
985,"U/N Reef",2021,4,"Census",-16.0861,145.7471,22.6537456297549,15.6345986751579,27.8101932337526,12.1755945585947
986,"St Crispin Reef",2022,9,"Census",-16.1041,145.8333,22.5184470690894,18.2686246640498,27.4332607563582,9.16463609230842
987,"Eyrie Reef (14-118)",2021,29.853,"Manta",NA,NA,61.0704794990671,56.7219251952526,66.5811520664989,9.85922687124627
988,"Turtle Reef (North) (14-119a)",2014,9.701559,"Reefmod",NA,NA,60.1317698425347,54.0773886008323,70.7489543780021,16.6715657771698
989,"Turtle Reef (South) (14-119b)",2014,8.778852,"Reefmod",NA,NA,59.8547368150407,49.4297208647045,68.5814657127252,19.1517448480208
990,"Turtle Group Reef (No 1) (14-120a)",2014,11.79253,"Reefmod",NA,NA,61.0491954235361,52.4596848962415,70.468167758396,18.0084828621545
991,"Lark Reef (15-033)",2024,11.5,"COTS",NA,NA,16.9252545489088,15.2109669801556,18.3403959058502,3.12942892569462
992,"U/N Reef (15-034)",2021,35.121,"Manta",NA,NA,59.9829961078326,54.1047551557751,64.9624232743026,10.8576681185275
993,"U/N Reef (15-035)",2014,22.20421,"Reefmod",NA,NA,64.3429348074946,60.4102001699752,68.9830969353024,8.57289676532726
994,"U/N Reef (15-036)",2014,23.2106,"Reefmod",NA,NA,58.9956119337713,46.3300978692823,69.5472070868363,23.217109217554
995,"U/N Reef",2021,1,"Census",-15.3351,145.7523,15.7830569255026,9.84768467407861,22.1682226606142,12.3205379865356
996,"Ribbon No 5 Reef",2021,2,"Census",-15.3638,145.7829,20.2368984640203,11.6957562967501,28.3375301883556,16.6417738916055
997,"Pelican Island Reef (13-107)",2014,38.27911,"Reefmod",NA,NA,50.6107609224296,39.212189853743,64.7094680362451,25.4972781825022
998,"Hedge Reef (13-108)",2020,2.875,"Manta",NA,NA,31.6517312200647,25.6112802923751,36.9125305033754,11.3012502110004
999,"South Warden Reef (14-051)",2014,20.78182,"Reefmod",NA,NA,49.7230493103903,44.7375224163951,56.3644251933468,11.6269027769517
1000,"Unison Reef (14-052)",2014,23.88597,"Reefmod",NA,NA,37.8950033949991,25.4127781085598,53.2337806050523,27.8210024964926
1001,"14-053",2024,35.41805092,"Census",-14.3097,144.7898,37.6669395225573,30.7719782403478,42.6125455619224,11.8405673215746
1002,"Stapleton Reef (14-054)",2014,32.13532,"Reefmod",NA,NA,55.2350380985871,48.065683812573,63.5610873825015,15.4954035699286
1003,"Turtle Group Reef (No 2) (14-120b)",2014,10.91834,"Reefmod",NA,NA,60.2037554547098,54.6095403286964,64.2519025109766,9.64236218228022
1004,"Turtle Group Reef (No 3) (14-120c)",2014,10.7674,"Reefmod",NA,NA,59.5262435371599,55.5983680069985,62.9969456328382,7.39857762583966
1005,"Turtle Group Reef (No 4) (14-120d)",2014,10.86634,"Reefmod",NA,NA,55.4131059760237,49.7891045931072,63.5653610018501,13.7762564087429
1006,"Turtle Group Reef (No 5) (14-120e)",2014,12.03748,"Reefmod",NA,NA,62.9693145973075,56.2510382110144,69.8263793110424,13.575341100028
1007,"Turtle Group Reef (No 6) (14-120f)",2014,11.04248,"Reefmod",NA,NA,59.1429528612315,54.2326484725752,65.9516229186606,11.7189744460855
1008,"Turtle Group Reef (No 7) (14-120g)",2014,11.47359,"Reefmod",NA,NA,54.2607520454699,46.1869823320094,60.7422691683644,14.555286836355
1009,"Williamson Reefs (15-039)",2023,25.5,"RJFMP",NA,NA,37.1664658932506,30.2730305023497,42.1011582182935,11.8281277159438
1010,"U/N Reef",2021,3,"Census",-15.3885,145.7662,24.4735435749544,13.6223782458119,33.1276923395488,19.5053140937369
1011,"15-041",2023,21,"Census",-15.3999,145.7661,37.2021243515473,26.988915760816,46.7937886910142,19.8048729301983
1012,"U/N Reef",2021,4,"Census",-15.4101,145.7719,25.2414682104485,21.8061437214259,30.673753771808,8.86761005038211
1013,"U/N Reef (15-043)",2023,22.4,"RJFMP",NA,NA,38.9321170737282,32.3766368269429,45.6555685850141,13.2789317580712
1014,"U/N Reef (15-044)",2025,34.6,"COTS",NA,NA,34.6,34.6,34.6,0
1015,"U/N Reef (13-109)",2014,24.36912,"Reefmod",NA,NA,55.8152065761412,49.4167237779029,61.1762288065188,11.759505028616
1016,"U/N Reef (13-110)",2014,33.8124,"Reefmod",NA,NA,48.9001216292266,37.8968222268408,58.3371696584133,20.4403474315725
1017,"Burkitt Reef (13-111)",2014,40.98441,"Reefmod",NA,NA,54.1526242664392,36.7138098057094,68.1813115940199,31.4675017883105
1018,"U/N Reef (13-112)",2014,18.31735,"Reefmod",NA,NA,47.9516333809396,39.5358151620969,54.8302182570932,15.2944030949964
1019,"Iris Reef (13-113)",2014,34.70349,"Reefmod",NA,NA,57.084264740334,48.1563513160506,69.5411133526721,21.3847620366215
1020,"Obree Reef (13-114)",2014,18.76604,"Reefmod",NA,NA,59.2768487311252,50.0432310046672,70.8388923711898,20.7956613665225
1021,"Munro Reef",2022,14,"Census",-14.3191,144.7414,25.7597512309183,19.9808581211996,32.0312188855466,12.050360764347
1022,"U/N Reef (14-056)",2021,8.25,"Manta",NA,NA,34.9980063988452,28.8637159473015,39.5780199194645,10.714303972163
1023,"Davy Patches (No 1) (14-057a)",2014,15.69137,"Reefmod",NA,NA,47.216970208985,36.3448524282005,62.0204583938775,25.675605965677
1024,"Davy Patches (No 2) (14-057b)",2014,15.07031,"Reefmod",NA,NA,54.4175727359617,43.544644123259,66.6631351169201,23.1184909936611
1025,"Davy Patches (No 3) (14-057c)",2014,14.73909,"Reefmod",NA,NA,46.2449691420297,32.8331126614589,61.4576067609238,28.6244940994649
1026,"U/N Reef (14-058)",2014,12.30918,"Reefmod",NA,NA,50.8836003944302,42.8650063256341,60.1612879733478,17.2962816477137
1027,"U/N Reef (14-059)",2014,22.72743,"Reefmod",NA,NA,46.4892633876353,34.3003948140912,62.8661732805371,28.5657784664459
1028,"Barrow Reef (14-060)",2014,19.68014,"Reefmod",NA,NA,49.3922539784003,31.9636120896223,60.3695104308634,28.4058983412412
1029,"Turtle Group Reef (No 8) (14-120h)",2014,11.77392,"Reefmod",NA,NA,58.2662068315974,51.8472369672911,65.3451356306724,13.4978986633813
1030,"Turtle Group Reef (No 9) (14-120j)",2014,5.899643,"Reefmod",NA,NA,62.5824054032715,56.8659811217043,67.6778115042501,10.8118303825458
1031,"Crompton Shoals (14-121)",2014,8.486686,"Reefmod",NA,NA,51.9936490306947,38.0957719333014,67.5504624620827,29.4546905287813
1032,"Pethebridge Islets Reef (East) (14-122a)",2014,11.9946,"Reefmod",NA,NA,56.2720535177613,46.1578388026262,65.8963974023155,19.7385585996893
1033,"Pethebridge Islets Reef (West) (14-122b)",2014,11.88767,"Reefmod",NA,NA,48.6264465586822,41.7555006893977,58.5213478380128,16.7658471486151
1034,"Martin Reef",2024,10.1360969,"Census",-14.7632,145.3557,16.2034879937764,13.7105894433656,19.2805130722337,5.56992362886801
1035,"U/N Reef (15-045)",2025,40.7,"COTS",NA,NA,40.7,40.7,40.7,0
1036,"Ribbon No 4 Reef",2021,0,"Census",-15.4349,145.8009,16.986170997886,7.33499972820282,25.4242144401893,18.0892147119865
1037,"U/N Reef (15-047)",2025,13.6,"COTS",NA,NA,13.6,13.6,13.6,0
1038,"U/N Reef",2021,7,"Census",-15.4841,145.6549,35.2699588429384,32.278634727576,37.918487383418,5.63985265584206
1039,"U/N Reef (15-049)",2024,9.6,"RJFMP",NA,NA,14.9326454317318,11.8679682790822,16.7679534515115,4.89998517242939
1040,"Ribbon No 3 Reef (15-050)",2024,16,"COTS",NA,NA,22.8168646982016,19.1657695585799,26.0496846231946,6.88391506461464
1041,"13-116",2024,47.09496327,"Census",-13.5421,144.0897,45.1540765517342,35.4004810004483,55.7616498880423,20.361168887594
1042,"U/N Reef (13-117a)",2014,36.47346,"Reefmod",NA,NA,45.7487711528782,37.420940899748,54.6448432558369,17.2239023560889
1043,"U/N Reef",2022,26,"Census",-13.6005,144.0957,39.2672957524437,31.995002591941,46.6842167958012,14.6892142038601
1044,"Creech Reef (North)",2022,12,"Census",-13.6259,144.1037,27.1236566536417,24.489503576694,30.8769495767653,6.38744600007136
1045,"Creech Reef (South) (13-118b)",2014,35.727,"Reefmod",NA,NA,42.0842250985454,30.8171747490455,49.8019563817662,18.9847816327207
1046,"Switzer Reef (14-061)",2014,24.63653,"Reefmod",NA,NA,50.9423785533303,41.8039143813641,61.7504037090002,19.9464893276361
1047,"U/N Reef (14-062)",2014,22.8036,"Reefmod",NA,NA,39.1722883602459,24.1459282689276,55.4847968449635,31.3388685760359
1048,"Combe Reef (14-063)",2014,19.90932,"Reefmod",NA,NA,59.1318509528748,52.2257465633559,62.7894742562044,10.5637276928485
1049,"U/N Reef (14-124)",2014,10.57603,"Reefmod",NA,NA,35.4201541616887,22.9079467494476,46.4432054365432,23.5352586870956
1050,"Maxwell Reef (14-125)",2014,9.544486,"Reefmod",NA,NA,59.8719499850627,51.688448653477,66.0322697747539,14.343821121277
1051,"Linnet Reef",2022,9,"Census",-14.7867,145.3444,23.4730483767021,21.1365832148652,26.8710231767843,5.73443996191915
1052,"U/N Reef (14-127a)",2014,8.793077,"Reefmod",NA,NA,50.5729514879965,44.1519345046023,57.9285213162509,13.7765868116485
1053,"U/N Reef (14-127b)",2014,8.030993,"Reefmod",NA,NA,48.5765566561483,37.542237765126,59.2170439661076,21.6748062009815
1054,"Sim Reef (14-128)",2014,7.985884,"Reefmod",NA,NA,62.4161721945197,57.6798713960894,66.1199383826889,8.44006698659952
1055,"U/N Reef (14-129a)",2014,7.573514,"Reefmod",NA,NA,46.2340869107025,37.5760902381225,52.4127310588705,14.8366408207481
1056,"U/N Reef (14-129b)",2014,9.440567,"Reefmod",NA,NA,57.1546742423244,48.6692874784458,65.5438276716494,16.8745401932036
1057,"Dawson Reef (15-051)",2014,16.21874,"Reefmod",NA,NA,58.9113670415914,44.924705459921,69.0100665026125,24.0853610426915
1058,"Cowlishaw Reef (15-052)",2014,19.56214,"Reefmod",NA,NA,63.5125715489347,55.8833205984702,68.9756735029621,13.092352904492
1059,"Draper Patch (15-053)",2014,15.53842,"Reefmod",NA,NA,64.8685570356643,57.4136903605843,74.1254755002392,16.7117851396549
1060,"Rocky Island Reef",2022,2,"Census",-15.6016,145.3295,9.4812664020015,8.10048068315535,11.3220530301612,3.22157234700586
1061,"U/N Reef (15-055)",2014,17.3482,"Reefmod",NA,NA,60.3771287796124,43.6491805225827,72.61859272338,28.9694122007973
1062,"Malcolm Patch (15-056)",2014,17.59361,"Reefmod",NA,NA,61.8745530749901,49.3348918067472,72.9101194546077,23.5752276478605
1063,"Bee Reef (15-057)",2014,20.57539,"Reefmod",NA,NA,66.239892185917,59.1583929249175,71.9511428219431,12.7927498970256
1064,"U/N Reef (15-058)",2014,22.27358,"Reefmod",NA,NA,62.6751361124642,55.6401021038001,71.9223575449665,16.2822554411665
1065,"U/N Reef (15-059a)",2014,33.9991,"Reefmod",NA,NA,66.6407790184575,59.5359382226792,73.3515723170687,13.8156340943894
1066,"13-119",2024,36.59066159,"Census",-13.6763,144.1661,36.740063125961,30.265569813562,42.112028947173,11.846459133611
1067,"Sand Bank No 5 Reef",2022,17,"Census",-13.7368,144.2373,32.5692639900886,21.7647680852044,39.4946642677876,17.7298961825832
1068,"U/N Reef",2022,1,"Census",-13.7802,144.267,10.6686052680295,9.03685060711206,12.2573947072569,3.22054410014487
1069,"Ingram-Beanley Reef (14-064)",2014,33.79334,"Reefmod",NA,NA,53.3635078776613,40.4652016213506,62.2529709393695,21.7877693180189
1070,"Bewick Reef (14-065)",2014,21.50992,"Reefmod",NA,NA,55.7379363540974,46.2477748899853,64.9180077397339,18.6702328497486
1071,"Decapolis Reef (14-131)",2014,8.570202,"Reefmod",NA,NA,62.3837865864407,55.3363403284656,67.3142932917716,11.977952963306
1072,"Rocky Islets Reef (14-132a)",2024,17.6,"RJFMP",NA,NA,24.5149493673093,22.3672962132163,26.7670972359435,4.39980102272721
1073,"U/N Reef (14-132b)",2024,20.2,"RJFMP",NA,NA,27.8625635688166,24.9076612630093,30.6076342496414,5.69997298663218
1074,"U/N Reef (14-132c)",2024,3,"RJFMP",NA,NA,5.79216731426306,4.7258574326858,6.7383691361919,2.01251170350611
1075,"U/N Reef (14-133)",2024,21.7,"RJFMP",NA,NA,29.8647488660288,26.1989590527862,32.3475435289679,6.14858447618174
1076,"Eye Reef (14-134)",2015,2.955,"Manta",NA,NA,56.3681017781328,49.3241756237037,63.8480768911727,14.523901267469
1077,"U/N Reef (13-042)",2014,34.49745,"Reefmod",NA,NA,46.2790258083857,35.3355160399689,56.806121206407,21.4706051664381
1078,"U/N Reef (13-043)",2014,33.79225,"Reefmod",NA,NA,56.6801818172525,48.5117598863174,64.3459671491591,15.8342072628417
1079,"Lowrie Reef (13-045)",2014,32.54299,"Reefmod",NA,NA,50.5006852690492,42.8852140430389,57.2422378597669,14.3570238167279
1080,"Bow Reef (13-048)",2014,44.77878,"Reefmod",NA,NA,50.5365599890608,39.1379615560566,59.2062286734694,20.0682671174128
1081,"U/N Reef (13-049)",2014,10.59718,"Reefmod",NA,NA,43.4933738624116,28.8172633382508,58.6453577309258,29.8280943926749
1082,"U/N Reef (13-122)",2014,31.97205,"Reefmod",NA,NA,58.8988256751827,51.9135291265362,64.9349678182254,13.0214386916892
1083,"U/N Reef (13-123)",2014,35.01749,"Reefmod",NA,NA,56.9102166902049,47.6586396999504,65.7571836742726,18.0985439743222
1084,"U/N Reef (13-124)",2023,36.028,"Manta",NA,NA,38.0760790864205,34.256702917876,43.2772834542804,9.02058053640436
1085,"U/N Reef",2022,3,"Census",-13.8655,144.3113,9.60304230215493,8.00619378576429,11.6319660565965,3.62577227083217
1086,"Mid Reef",2021,6,"Census",-14.4574,144.9583,33.1059707295708,26.8327529092878,39.0821221826765,12.2493692733888
1087,"U/N Reef (14-067)",2014,22.52579,"Reefmod",NA,NA,45.9038763863668,36.7658400356098,59.1717386591129,22.4058986235032
1088,"Watson Reef (14-068)",2014,21.34491,"Reefmod",NA,NA,51.2000453533815,37.8131086574812,62.0062528048833,24.1931441474021
1089,"Wooden Patch (14-069)",2014,9.285119,"Reefmod",NA,NA,51.6297705184256,46.2659167032953,59.1340614984225,12.8681447951272
1090,"Baron Reef (14-070)",2014,16.57752,"Reefmod",NA,NA,47.1652094513642,37.2256490710958,60.1108353221064,22.8851862510106
1091,"Helsdon Reef (14-135)",2021,27.708,"Manta",NA,NA,55.9465611221491,48.869316424555,63.3580643819632,14.4887479574082
1092,"U/N Reef (14-136a)",2014,7.960862,"Reefmod",NA,NA,65.9973799618799,64.797056615692,69.7268890502005,4.92983243450848
1093,"U/N Reef (14-136b)",2014,7.808935,"Reefmod",NA,NA,61.1715389041834,55.545607592016,68.1408362323926,12.5952286403766
1094,"Carter Reef (14-137)",2022,32.58,"AIMS Transect",NA,NA,41.9125328555165,35.3748229133524,48.9185265657065,13.5437036523541
1095,"Yonge Reef",2024,15.5422852,"Census",-14.5997,145.6235,19.2131032704049,16.5096695643275,21.6375394498532,5.12786988552571
1096,"No Name Reef",2024,23.39402137,"Census",-14.6438,145.6463,26.9926648958875,21.0139787093267,31.6995469603609,10.6855682510342
1097,"Sydney Schubert Reef",2024,28.38937392,"Census",-14.6649,145.6502,29.3707095637263,22.6137968745772,35.1136630509497,12.4998661763725
1098,"U/N Reef (13-050a)",2014,39.00824,"Reefmod",NA,NA,41.8993785899853,31.5435201747306,51.3123740886122,19.7688539138816
1099,"U/N Reef",2022,17,"Census",-13.3081,143.9509,29.2439450856133,22.3738822115153,36.0043614437761,13.6304792322608
1100,"U/N Reef (13-051)",2014,16.72701,"Reefmod",NA,NA,51.6711974180285,38.7710886060655,64.2782622561787,25.5071736501131
1101,"U/N Reef (13-052)",2014,37.42678,"Reefmod",NA,NA,39.9162081111192,26.623468344147,51.3757785383588,24.7523101942118
1102,"Treat Reef (13-053)",2014,24.06609,"Reefmod",NA,NA,53.0831577638223,48.0979776818632,58.5311129365708,10.4331352547076
1103,"U/N Reef (13-054)",2014,19.19955,"Reefmod",NA,NA,50.8592469976453,38.5516429975444,58.65677876526,20.1051357677156
1104,"U/N Reef (13-126)",2014,22.54249,"Reefmod",NA,NA,47.9782163953309,37.6382508654623,59.4126844804741,21.7744336150118
1105,"Rodda Reef",2022,8,"Census",-13.9212,144.3566,17.4151130563063,14.6749169036408,20.8717399691258,6.19682306548496
1106,"Joan Reef (13-128)",2014,31.89427,"Reefmod",NA,NA,49.4956141209866,35.7476229795858,62.3478244075255,26.6002014279397
1107,"Wilson Reef",2022,5,"Census",-13.9524,144.4011,14.1092193927337,11.0752378025372,17.0008941219747,5.9256563194375
1108,"Davie Reef",2022,2,"Census",-13.9773,144.4547,6.76349827652332,4.4120996979326,9.29878746740893,4.88668776947632
1109,"Eves Reef (13-131)",2014,28.12565,"Reefmod",NA,NA,49.730123217041,41.1542619292993,60.1518810388196,18.9976191095203
1110,"U/N Reef (13-132)",2014,11.84597,"Reefmod",NA,NA,50.4501522598798,43.6889505073215,59.6027698752366,15.9138193679151
1111,"Weigall Reefs (East) (14-071a)",2014,26.21505,"Reefmod",NA,NA,54.5888944144012,51.5831968805325,58.445447052182,6.86225017164953
1112,"Weigall Reefs (West) (14-071b)",2014,23.20063,"Reefmod",NA,NA,47.4207310109342,39.5847778048873,58.6373794606841,19.0526016557968
1113,"Megaera Reef (14-072)",2014,19.70222,"Reefmod",NA,NA,52.2324814356848,39.6509152985816,62.2556616962784,22.6047463976968
1114,"14-073",2024,14.81898337,"Census",-14.2335,145.0026,19.2023381958579,16.7635792126086,21.5249273690353,4.76134815642666
1115,"14-074",2024,15.16968567,"Census",-14.2677,145.0678,19.5947612098462,16.9604776560047,22.1720550810079,5.21157742500316
1116,"U/N Reef (14-075)",2021,32.802,"Manta",NA,NA,42.1703645370401,34.2393587838836,52.5193686401102,18.2800098562265
1117,"U/N Reef (14-076)",2014,9.91263,"Reefmod",NA,NA,52.4830082429341,47.2455963090624,57.4211737856932,10.1755774766307
1118,"U/N Reef (14-141)",2014,10.20509,"Reefmod",NA,NA,60.227060916752,56.4144372054683,65.5727389353307,9.15830172986239
1119,"U/N Reef (14-142)",2024,13,"RJFMP",NA,NA,17.8769008503644,15.1644247638248,20.2800391284193,5.11561436459452
1120,"North Direction Reef (14-143)",2022,11.8233333333333,"AIMS Transect",NA,NA,26.538262513645,24.5810809966236,29.5407429176491,4.95966192102548
1121,"Kedge Reef",2022,0,"Census",-14.7826,145.5309,4.66243946150225,1.70609176328406,6.36634768692405,4.66025592363999
1122,"U/N Reef (14-145)",2024,25.5,"RJFMP",NA,NA,31.7058925352183,26.9327023685254,36.0459361482815,9.11323377975616
1123,"Peter Reef (13-055)",2014,37.01728,"Reefmod",NA,NA,56.2038068760263,52.0269297211247,62.1418098255122,10.1148801043875
1124,"Sand Bank No 8 Reef (13-056)",2023,43.4,"Manta",NA,NA,43.1072226226151,39.9440275283162,49.7862174110281,9.84218988271194
1125,"Sharland Reefs (No 1) (13-057a)",2014,33.33617,"Reefmod",NA,NA,51.4902447020758,43.0619899843793,59.4551187964684,16.3931288120891
1126,"Sharland Reefs (No 2) (13-057b)",2014,34.8035,"Reefmod",NA,NA,45.7162836558891,40.1687149392025,50.2842055989411,10.1154906597386
1127,"U/N Reef (13-058a)",2014,28.84585,"Reefmod",NA,NA,51.3608553245213,45.7236573758447,54.4542945739905,8.73063719814586
1128,"U/N Reef (13-058b)",2014,19.96986,"Reefmod",NA,NA,51.5032493287495,42.9102304711298,58.5988935545928,15.688663083463
1129,"Tydeman Reef",2022,3,"Census",-13.9837,144.5199,9.78271371514071,6.65132693080418,12.0686401998214,5.41731326901726
1130,"U/N Reef (13-134)",2014,21.31331,"Reefmod",NA,NA,46.7988067967987,33.318082298881,60.311582240458,26.993499941577
1131,"U/N Reef (13-135)",2014,28.5097,"Reefmod",NA,NA,53.3341805130875,40.65469078884,63.4327328180896,22.7780420292497
1132,"U/N Reef (13-136)",2014,47.6082,"Reefmod",NA,NA,51.4654882960244,39.3933074719097,61.3326474881341,21.9393400162244
1133,"U/N Reef (13-137)",2014,27.84806,"Reefmod",NA,NA,41.4519677732993,26.1642010429635,51.4636478568952,25.2994468139316
1134,"U/N Reef (14-001)",2014,31.00041,"Reefmod",NA,NA,53.210078418036,43.8596063968197,61.3032528822426,17.4436464854229
1135,"Beabey Patches (14-002)",2014,12.04336,"Reefmod",NA,NA,58.3165231654993,47.4868726984012,66.7778041807134,19.2909314823123
1136,"14-077a",2024,33.28922125,"Census",-14.3136,145.2371,39.245428963854,34.8285178521147,43.7212529956264,8.89273514351177
1137,"U/N Reef (14-077b)",2014,9.479631,"Reefmod",NA,NA,45.8965523360532,32.0698738643061,60.6569906865599,28.5871168222537
1138,"14-078",2024,24.04756604,"Census",-14.3432,145.2775,30.3740415629952,27.1172961491384,34.8181574183932,7.70086126925482
1139,"Jewell Reef",2024,16.94864872,"Census",-14.3798,145.3513,20.9397287194803,17.9075203235987,25.1446385836077,7.23711826000902
1140,"U/N Reef (14-080)",2014,25.49511,"Reefmod",NA,NA,51.7919209714015,48.2250165802228,55.9415334463168,7.71651686609399
1141,"U/N Reef (14-081)",2014,26.5345,"Reefmod",NA,NA,53.1235366118561,40.4629481256238,67.4014543593916,26.9385062337679
1142,"Ribbon No 10 Reef",2024,20.57419653,"Census",-14.8272,145.6981,24.4869937309653,19.6867848265481,30.4824327652889,10.7956479387408
1143,"South Direction Reef (North)",2021,8,"Census",-14.8243,145.5237,39.0654812276311,32.1281056945378,42.785451516784,10.6573458222462
1144,"South Direction Reef (South)",2021,16,"Census",-14.8117,145.5207,44.6470488992176,33.0104741333635,54.996624232085,21.9861500987215
1145,"Ellis Reef (13-059)",2014,36.11788,"Reefmod",NA,NA,51.9482348056434,44.4602623399526,58.3146318753844,13.8543695354318
1146,"Blanchard Reef (13-060)",2017,11.745,"Manta",NA,NA,38.8319662142208,26.5364455159612,53.1003561061783,26.5639105902171
1147,"U/N Reef (13-061a)",2014,36.49023,"Reefmod",NA,NA,38.0215014576873,28.0057758337303,47.289937642013,19.2841618082827
1148,"13-061b",2024,41.28706161,"Census",-13.4246,143.9759,40.917614752843,30.5034510099525,47.7535045903444,17.2500535803919
1149,"Grub Reef (14-003)",2014,36.16623,"Reefmod",NA,NA,59.1112980325429,48.5757903332056,69.0523205229863,20.4765301897808
1150,"Keast Shoal (14-004)",2014,19.36399,"Reefmod",NA,NA,55.2987946126549,45.0216326083479,66.0917313977951,21.0700987894472
1151,"Cameron Shoal (14-005)",2014,18.76124,"Reefmod",NA,NA,56.8742506403726,43.8433735824053,66.349663191132,22.5062896087267
1152,"Fahey Reef (14-006)",2014,34.50858,"Reefmod",NA,NA,55.8963715102724,46.7541472990318,64.0014873679838,17.247340068952
1153,"Taiwan Shoal (14-007)",2014,18.49787,"Reefmod",NA,NA,59.6740776106278,53.1467150251033,67.1239743530056,13.9772593279023
1154,"Crescent Reef (14-082)",2023,19.6,"RJFMP",NA,NA,36.3181908264713,30.3022205924999,41.5940881219093,11.2918675294094
1155,"Parke Reef (14-083)",2023,16.6,"COTS",NA,NA,27.0665933966998,22.7982464036165,32.3631644392047,9.56491803558815
1156,"U/N Reef (14-084)",2014,19.22334,"Reefmod",NA,NA,56.1054126787942,47.864640560485,65.6261063347023,17.7614657742172
1157,"Hilder Reef (14-085)",2023,39.224,"Manta",NA,NA,38.8594914537426,25.9289445526269,50.7369745828329,24.8080300302061
1158,"U/N Reef (14-149)",2024,15.6,"RJFMP",NA,NA,18.8436078451478,13.1344457381418,23.383910397726,10.2494646595842
1159,"U/N Reef",2021,10,"Census",-14.8831,145.5573,44.2784132008868,40.4226142821313,48.7267385462223,8.30412426409096
1160,"No 10 Patches (No 1)",2025,25.73897532,"Census",-14.9199,145.6904,25.73897532,25.73897532,25.73897532,0
1161,"No 10 Patches (No 2)",2023,21,"Census",-14.9319,145.6817,27.7599575578383,25.0059942791074,30.7935603789162,5.78756609980872
1162,"No 10 Patches (No 3)",2024,39.90334016,"Census",-14.9504,145.6902,43.4092858903873,35.4071365951101,48.6852719472197,13.2781353521097
1163,"No 10 Patches (No 4)",2020,1,"Census",-14.9685,145.6862,25.911193216145,15.7917889969106,37.2922387403474,21.5004497434367
1164,"Sand Bank No 7 Reef (13-061c)",2014,29.04702,"Reefmod",NA,NA,40.9719556925214,31.9275995518315,50.5668133027661,18.6392137509347
1165,"Roskruge Reef (13-062)",2014,22.40113,"Reefmod",NA,NA,49.0506206636037,42.9843741910546,59.5436409501621,16.5592667591075
1166,"U/N Reef (13-063)",2021,13.347,"Manta",NA,NA,37.6830406373882,25.6793987924536,51.6637839989079,25.9843852064542
1167,"North Khandalla Shoal (13-064)",2014,14.85091,"Reefmod",NA,NA,53.8819744042541,42.2405012526616,64.1768366081602,21.9363353554986
1168,"Drake Shoal (13-065)",2014,26.25519,"Reefmod",NA,NA,51.1729526840659,47.1136423418541,57.8161393799773,10.7024970381232
1169,"South Khandalla Shoal (13-066)",2014,13.01555,"Reefmod",NA,NA,46.2456465159578,35.6643659412988,56.4096900582085,20.7453241169097
1170,"Quake Reef (13-068)",2014,17.58828,"Reefmod",NA,NA,49.7521389793081,43.8753864574579,58.4435794335569,14.568192976099
1171,"Bell Bank (North) (13-069)",2014,36.85156,"Reefmod",NA,NA,47.609104582007,35.9182679944984,57.5902620725822,21.6719940780838
1172,"Bell Bank (South) (13-070)",2014,21.873,"Reefmod",NA,NA,42.4336869901824,31.837910421,53.5650623805013,21.7271519595013
1173,"Heath Reef (13-071)",2014,31.06023,"Reefmod",NA,NA,47.3792658059806,35.8375999463003,53.5896761801319,17.7520762338316
1174,"Eden Reef (14-008)",2014,36.1307,"Reefmod",NA,NA,54.0463707946043,43.5467624796329,61.1867973949562,17.6400349153233
1175,"Clark Shoal (14-009)",2014,20.23678,"Reefmod",NA,NA,66.3055603706815,61.4958123342679,72.4193508585506,10.9235385242826
1176,"U/N Reef (14-010)",2014,34.58844,"Reefmod",NA,NA,56.8830804235323,47.9929100213285,64.4425827388932,16.4496727175648
1177,"Olive Patch (14-011)",2014,17.67771,"Reefmod",NA,NA,67.7773014575057,64.5730330526791,70.9631753353758,6.39014228269677
1178,"Cliff Islands Reef (West) (14-012)",2014,38.40889,"Reefmod",NA,NA,51.7692021320734,38.4831954621111,65.5905613621763,27.1073659000652
1179,"Cliff Islands Reef (East) (14-013)",2014,34.7396,"Reefmod",NA,NA,56.3014880773551,43.946996987907,68.5918412009858,24.6448442130787
1180,"U/N Reef (14-014)",2014,35.2342,"Reefmod",NA,NA,44.6341070921034,32.4055428986231,57.1176419805665,24.7120990819435
1181,"June Reef (14-015)",2014,36.78375,"Reefmod",NA,NA,48.4700031479419,42.5770601614141,54.5901853835828,12.0131252221687
1182,"Hicks Reef",2024,11.74056465,"Census",-14.4526,145.4821,16.3752489885079,12.8015549800082,20.1898228586273,7.3882678786191
1183,"Snake Reef (14-087)",2014,16.00877,"Reefmod",NA,NA,51.7058781131281,40.7950048574632,60.789455882848,19.9944510253848
1184,"Waining Reef",2022,1,"Census",-14.4562,145.2222,6.29017770650797,3.76644622757845,8.05541563199646,4.28896940441801
1185,"Day Reef",2024,35.92609738,"Census",-14.4967,145.5368,35.4097370744524,25.2282450931415,45.3574510303627,20.1292059372213
1186,"Ribbon No 9 Reef",2023,21,"Census",-14.9929,145.7033,29.7453846499762,21.8302123249294,37.4588174139523,15.6286050890229
1187,"U/N Reef (14-159a)",2014,12.39208,"Reefmod",NA,NA,49.9152494685254,39.5873281564191,60.3069015371425,20.7195733807234
1188,"U/N Reef (14-159b)",2014,6.159345,"Reefmod",NA,NA,50.4940239035529,46.5403534869731,58.7931877087941,12.2528342218209
1189,"U/N Reef (14-160)",2014,7.697783,"Reefmod",NA,NA,43.4752810227528,30.4515464822311,54.0003734663852,23.5488269841541
1190,"U/N Reef (14-161)",2014,22.06668,"Reefmod",NA,NA,52.8516777354233,39.3647261540605,66.1272124110367,26.7624862569761
1191,"U/N Reef (14-162)",2014,17.00442,"Reefmod",NA,NA,46.2493299211464,34.2069225504423,57.3941325401218,23.1872099896796
1192,"U/N Reef (14-163)",2025,29.8,"COTS",NA,NA,29.8,29.8,29.8,0
1193,"Ada Bank (15-001)",2014,8.763617,"Reefmod",NA,NA,63.6925020246958,56.0042380783646,69.6220266983387,13.6177886199741
1194,"Morris Island Reef (13-072)",2017,23.784,"Manta",NA,NA,42.5032958343085,32.5734551024161,52.2482590185248,19.6748039161087
1195,"U/N Reef (13-073)",2014,20.5354,"Reefmod",NA,NA,44.2864242262377,38.7526412179674,54.4216410964742,15.6689998785068
1196,"U/N Reef",2022,4,"Census",-13.4779,144.0525,12.6522425906034,8.87472370963919,16.8207675624564,7.94604385281721
1197,"MacDonald Reef (13-075)",2014,23.45984,"Reefmod",NA,NA,56.2354479005187,50.1343115592427,61.3374597728159,11.2031482135732
1198,"Corbett Reef (14-016)",2023,26.829,"Manta",NA,NA,38.1352382123204,31.0592281508837,44.4678728262299,13.4086446753461
1199,"Clack Reef (14-017)",2017,18.208,"Manta",NA,NA,52.1297217249341,41.7804225360587,62.1591616711564,20.3787391350977
1200,"King Island Reef (14-018)",2014,33.64012,"Reefmod",NA,NA,55.4996704654396,48.7079629755696,68.3006104581578,19.5926474825882
1201,"Aylen Patch (14-019)",2014,13.65881,"Reefmod",NA,NA,61.0908534226835,54.408755932119,71.1877691852217,16.7790132531027
1202,"Oswald Shoal (14-020)",2014,11.31221,"Reefmod",NA,NA,62.1455310802407,51.7334711217454,71.1989248851354,19.46545376339
1203,"Howick Reef",2021,11,"Census",-14.5042,144.9702,31.9516247133317,25.8902157325453,40.0243056026352,14.1340898700899
1204,"Noble Reef (14-091)",2014,13.77439,"Reefmod",NA,NA,52.0568750593281,46.1190177282182,58.7924798376901,12.6734621094719
1205,"Two Islands Reef (15-002)",2014,6.839679,"Reefmod",NA,NA,64.5000312330021,60.7588708424009,72.090798954365,11.3319281119641
1206,"Low Wooded Reef (15-003)",2014,12.33944,"Reefmod",NA,NA,62.647249596133,55.3393029092855,69.5738472765731,14.2345443672876
1207,"Murray Reefs (No  1) (15-004a)",2014,10.22883,"Reefmod",NA,NA,60.52200384505,59.0231465521992,68.4329939466963,9.40984739449715
1208,"Murray Reefs (No  2) (15-004b)",2014,10.17175,"Reefmod",NA,NA,57.8533875855926,44.712777360072,72.0371845601447,27.3244072000727
1209,"Murray Reefs (No  3) (15-004c)",2014,6.736304,"Reefmod",NA,NA,61.2331843370854,55.7857435414686,69.8503935133939,14.0646499719253
1210,"Ogilvie Reef",2022,27,"Census",-13.526,143.7908,44.9757026832594,33.3546766930768,54.6080979198084,21.2534212267316
1211,"U/N Reef (13-077)",2014,37.89272,"Reefmod",NA,NA,49.2733134778667,38.5569834503169,58.5036748588509,19.946691408534
1212,"Wharton Reef (14-022)",2014,35.8966,"Reefmod",NA,NA,66.4212241939109,62.3336843315636,71.2083032048186,8.87461887325503
1213,"Atkinson Reef (14-023)",2014,17.32154,"Reefmod",NA,NA,55.5439291151335,46.0511254925914,64.30461372018,18.2534882275886
1214,"Channel Rocks Reef (14-024)",2014,11.05042,"Reefmod",NA,NA,51.1116933746929,41.7348543973332,61.4370304371134,19.7021760397802
1215,"Boulder Rock Reef (14-025)",2014,14.3179,"Reefmod",NA,NA,56.3956719638627,45.7630390258178,65.6215573257406,19.8585182999228
1216,"Stanley Island Reef (No 1) (14-026a)",2014,28.46919,"Reefmod",NA,NA,56.2707465969425,43.5119127478595,66.7181073411357,23.2061945932763
1217,"Newton Reef (14-092)",2014,14.78965,"Reefmod",NA,NA,52.6383544271232,45.1258699033134,59.1932584681747,14.0673885648613
1218,"Sand Reef (14-093)",2014,12.10704,"Reefmod",NA,NA,47.3531692658119,39.6438192175632,55.8713687863324,16.2275495687692
1219,"Houghton Reef (14-094)",2014,20.88132,"Reefmod",NA,NA,48.0038488095504,28.0566155075995,66.966178535617,38.9095630280175
1220,"U/N Reef (14-096)",2014,12.85816,"Reefmod",NA,NA,57.8118775758934,48.6101637668145,65.3484097782166,16.7382460114021
1221,"Coquet Reef",2021,17,"Census",-14.5399,144.9927,38.9870787977403,31.9484164201273,47.9535255647514,16.0051091446241
1222,"Three Islands Reef (15-005)",2014,14.90199,"Reefmod",NA,NA,62.5646569114111,54.8861843534231,68.4737267260898,13.5875423726668
1223,"Conical Rock Reef (15-006)",2014,13.09442,"Reefmod",NA,NA,64.1293486137485,60.3953830443516,70.1578586640972,9.76247561974552
1224,"U/N Reef (15-007)",2014,10.95483,"Reefmod",NA,NA,66.0956966361263,63.0015056071261,71.5191567001422,8.51765109301614
1225,"Beor Reef (15-008)",2014,10.45686,"Reefmod",NA,NA,64.7773835254962,57.7223309791706,71.796933205609,14.0746022264384
1226,"Forrester Reef (15-009)",2023,41.864,"Manta",NA,NA,52.776031793291,44.3257928730901,61.0224486318844,16.6966557587943
1227,"Petty Patch (15-011)",2014,9.032991,"Reefmod",NA,NA,65.7141194734806,60.9686293946532,71.4723203940108,10.5036909993576
1228,"U/N Reef (13-078)",2014,41.09204,"Reefmod",NA,NA,54.9382471578271,50.3543980356502,60.289923996776,9.9355259611258
1229,"Noddy Reef (No 1) (13-079a)",2014,30.71398,"Reefmod",NA,NA,56.1153705201172,42.0036020392146,65.1572354088478,23.1536333696331
1230,"Noddy Reef (No 2) (13-079b)",2014,36.00179,"Reefmod",NA,NA,51.932684120453,41.0248038144591,63.7103588274725,22.6855550130133
1231,"Noddy Reef (No 3) (13-079c)",2014,39.0934,"Reefmod",NA,NA,53.1231842015322,40.794178251263,62.556001542496,21.761823291233
1232,"Stanley Island Reef (No 2) (14-026b)",2014,25.89246,"Reefmod",NA,NA,64.3909260630165,58.6894911664554,71.9846957741829,13.2952046077275
1233,"Stanley Island Reef (No 3) (14-026c)",2014,40.37575,"Reefmod",NA,NA,67.9929412982929,62.0937230615402,73.9116299118909,11.8179068503507
1234,"Stanley Island Reef (No 4) (14-026d)",2014,40.93572,"Reefmod",NA,NA,63.0708913263843,54.7657640968969,69.9003296101574,15.1345655132606
1235,"Stanley Island Reef (No 5) (14-026e)",2014,37.67945,"Reefmod",NA,NA,69.5432874328966,65.124921689514,76.5829294965245,11.4580078070105
1236,"U/N Reef (14-028)",2014,17.10689,"Reefmod",NA,NA,43.2957450531776,30.7706617887435,54.1095924355843,23.3389306468408
1237,"MacLear Reef (14-029)",2014,35.09008,"Reefmod",NA,NA,63.9635472503517,58.0266410569978,68.9197957234267,10.8931546664288
1238,"Miles Reef (North) (14-098a)",2014,11.70885,"Reefmod",NA,NA,44.8296041824522,34.2943952893919,56.3420633555827,22.0476680661908
1239,"Miles Reef (South) (14-098b)",2014,14.94806,"Reefmod",NA,NA,52.4080732589066,43.2168473756702,62.4464773742984,19.2296299986283
1240,"Leggatt Reef (14-099)",2014,13.93918,"Reefmod",NA,NA,52.0004846247038,40.6107632565128,61.9741439218207,21.363380665308
1241,"U/N Reef (14-100)",2014,11.75919,"Reefmod",NA,NA,47.6808803140024,40.5825742210338,56.8628715791548,16.2802973581211
1242,"Sinclair-Morris Reef (14-101)",2014,14.41717,"Reefmod",NA,NA,46.6676826651189,34.6789292488921,62.5761792126457,27.8972499637537
1243,"Hampton Reef (14-102)",2014,14.84015,"Reefmod",NA,NA,49.2711585757792,37.7952433451844,59.8755310227278,22.0802876775434
1244,"Beatrice Reef (14-103)",2014,14.90027,"Reefmod",NA,NA,52.3060284185183,45.1989126923142,63.0458016833506,17.8468889910363
1245,"Boulder Reef",2024,14.42528375,"Census",-15.4139,145.4314,20.9342173543223,18.0539779790702,24.4935647221408,6.43958674307063
1246,"Egret Reef (15-013)",2023,15.784,"Manta",NA,NA,32.5466666466062,26.1962282476894,36.0540028268013,9.85777457911196
1247,"Blackbird Patches (North) (15-014a)",2014,8.990428,"Reefmod",NA,NA,69.9294968438554,65.3360798139088,75.2946959100013,9.9586160960925
1248,"Blackbird Patches (South) (15-014b)",2014,11.07826,"Reefmod",NA,NA,66.8978938169423,61.4730753237697,73.2434763327323,11.7704010089626
1249,"Tilbrook Bank (15-015)",2014,11.90275,"Reefmod",NA,NA,63.6294655595191,56.439504678068,68.8025044419512,12.3629997638832
1250,"Gull Reef (15-016)",2025,26.5,"COTS",NA,NA,26.5,26.5,26.5,0
1251,"U/N Reef",2021,6,"Census",-15.034,145.6959,36.4062818571552,26.5557850739732,45.5842952819019,19.0285102079287
1252,"U/N Reef",2021,3,"Census",-15.0453,145.7028,15.9823769744951,11.8208662132658,19.6392470049504,7.81838079168458
1253,"U/N Reef (15-017c)",2014,5.916676,"Reefmod",NA,NA,65.5938917302782,61.010434478247,69.8815612796341,8.8711268013871
1254,"U/N Reef (13-080)",2014,33.96166,"Reefmod",NA,NA,46.7404933878609,31.2774827396424,61.677161120524,30.3996783808816
1255,"Fife Reef (13-081)",2014,32.49918,"Reefmod",NA,NA,52.2634327100633,42.0121043766068,63.1330945816639,21.1209902050571
1256,"Hay Island Reef (13-083)",2014,38.04885,"Reefmod",NA,NA,55.2646144975389,47.4372445165368,62.4893992777153,15.0521547611785
1257,"U/N Reef (13-084)",2014,32.77434,"Reefmod",NA,NA,56.4247661519144,47.2898925879831,61.9535780455121,14.6636854575289
1258,"Frenchman Reef (13-085)",2014,29.24298,"Reefmod",NA,NA,52.8629481802588,41.2423991721092,62.2421657618354,20.9997665897262
1259,"Poulsen Reef (13-086)",2014,19.33466,"Reefmod",NA,NA,52.7901291872421,47.0229064062395,59.8907898032615,12.8678833970219
1260,"Blackwood Reef (14-031)",2014,31.03687,"Reefmod",NA,NA,63.2349589318153,56.8810099553698,68.8794313662288,11.9984214108591
1261,"Denham Reef (14-032)",2014,40.52785,"Reefmod",NA,NA,55.6484528324521,41.9587135682404,66.8691441042987,24.9104305360584
1262,"Rocky Islets Reef (North) (14-033a)",2014,41.51556,"Reefmod",NA,NA,58.8048134769829,49.0551251843334,70.6172300164053,21.5621048320719
1263,"Rocky Islets Reef (South) (14-033b)",2014,35.21533,"Reefmod",NA,NA,58.0379906113722,49.9834602816375,65.9155477304753,15.9320874488377
1264,"14-034",2023,25,"Census",-14.0662,144.7478,34.0481887837737,27.0848245168625,39.1311251882901,12.0463006714276
1265,"U/N Reef",2022,0,"Census",-14.089,144.6671,6.90215123408753,4.88692813595906,8.23427081814557,3.34734268218651
1266,"Pipon Shoals (14-036)",2014,8.135158,"Reefmod",NA,NA,58.7023743101369,49.0967971088225,67.5905748854364,18.4937777766139
1267,"Melanie Patches (14-037)",2014,14.625,"Reefmod",NA,NA,43.74052741017,34.500835441102,54.41163475188,19.910799310778
1268,"Murdoch Reef (14-104)",2014,16.31653,"Reefmod",NA,NA,44.0765623866233,32.2048244805718,52.3182472587818,20.11342277821
1269,"U/N Reef (14-105)",2014,15.44269,"Reefmod",NA,NA,49.3214279770201,36.2188106313499,58.5593147804467,22.3405041490969
1270,"Rocky Ledges (14-106)",2014,17.13506,"Reefmod",NA,NA,48.7640301876535,37.0478512263173,64.7557142382584,27.7078630119411
1271,"U/N Reef (14-107a)",2014,11.46089,"Reefmod",NA,NA,49.6362734533677,37.7959844267544,65.0890045067336,27.2930200799793
1272,"U/N Reef (14-107b)",2014,11.88278,"Reefmod",NA,NA,41.5320480423566,26.6307613142064,55.2319500973042,28.6011887830978
1273,"U/N Reef (14-108)",2014,17.3657,"Reefmod",NA,NA,48.6488901082462,37.275231865521,57.2010073301979,19.9257754646769
1274,"Fly Reef (14-109)",2021,10.87,"Manta",NA,NA,42.4195518082952,32.2361328457864,53.7639530852742,21.5278202394878
1275,"Underwood Shoal (14-110)",2014,6.694565,"Reefmod",NA,NA,50.8338782787019,40.0079075459516,60.5757672165375,20.567859670586
1276,"Covered Reef (14-111)",2014,8.946291,"Reefmod",NA,NA,65.9724533216651,59.8141970795387,73.6390381865414,13.8248411070028
1277,"Stewart Shoal (14-112)",2014,8.116829,"Reefmod",NA,NA,62.3015180288985,54.8384833351045,68.2557171539764,13.4172338188719
1278,"Pasco Reef (15-018)",2023,5.4,"COTS",NA,NA,14.9858456141473,12.6599049571407,18.2201436378495,5.56023868070882
1279,"Long Reef (15-019)",2024,17.6,"RJFMP",NA,NA,23.9965184243233,21.1682608188317,27.0067553205307,5.83849450169905
1280,"Strickland Reef (15-020)",2014,16.96828,"Reefmod",NA,NA,63.5176962030357,54.3167651046539,70.2555337243833,15.9387686197293
1281,"Ribbon No 8 Reef",2021,5,"Census",-15.0728,145.7237,20.7541591066774,12.1723244562428,26.7198070792499,14.5474826230071
1282,"U/N Reef",2021,2,"Census",-15.0748,145.7052,23.451634798469,20.0049828424732,27.461665107768,7.45668226529478
1283,"U/N Reef (15-022)",2024,18.2,"RJFMP",NA,NA,24.4130331297462,20.1641033503357,27.0624255042428,6.89832215390713
1284,"U/N Reef (15-023)",2024,28.1,"RJFMP",NA,NA,35.8651649729334,32.9283173184703,39.0349055512143,6.10658823274396
1285,"Magpie Reef (13-087)",2014,30.32281,"Reefmod",NA,NA,53.3432675688413,37.2076814141542,66.4489295368858,29.2412481227316
1286,"Lytton Reef (13-088)",2014,32.21955,"Reefmod",NA,NA,55.5123083754117,44.2422699453609,63.5328985750024,19.2906286296415
1287,"U/N Reef (13-089)",2014,38.15836,"Reefmod",NA,NA,53.7736240864608,46.2257399190886,61.7655289620471,15.5397890429585
1288,"Wilkie Reef (13-091)",2014,32.57727,"Reefmod",NA,NA,52.2735925793421,45.466379269158,57.6099268098593,12.1435475407014
1289,"Pipon Reef (14-038)",2014,31.87098,"Reefmod",NA,NA,61.1921374056161,56.0109669700813,68.4245326199192,12.4135656498379
1290,"North Warden Reef",2022,4,"Census",-14.1675,144.6464,11.1184978151182,7.57861471258104,13.2671603000183,5.68854558743726
1291,"Singleton Patch (14-040)",2014,13.19697,"Reefmod",NA,NA,42.3453179017415,27.5117927432278,59.3542457463503,31.8424530031226
1292,"Petricola Shoal (14-113)",2014,8.69941,"Reefmod",NA,NA,57.5821713414461,50.3849786416336,65.3041350014059,14.9191563597723
1293,"MacGillivray Reef",2024,29.05012506,"Census",-14.652,145.4911,35.6744378960847,30.4916022949078,41.4220589018396,10.9304566069317
1294,"Nymph Reef (14-115)",2014,12.41948,"Reefmod",NA,NA,63.2587566586205,58.7184632016866,70.625167401971,11.9067042002844
1295,"Mackay Reefs (15-024)",2025,15.3,"COTS",NA,NA,15.3,15.3,15.3,0
1296,"Harrier Reef (15-025)",2025,35.3,"COTS",NA,NA,35.3,35.3,35.3,0
1297,"Ribbon No 7 Reef (15-026)",2014,12.3401,"Reefmod",NA,NA,66.6085834876853,62.3725685882071,71.2898754787249,8.91730689051785
1298,"Marx Reef (15-027)",2023,45.65,"Manta",NA,NA,58.1398129704608,53.4368148551574,63.2252273934816,9.7884125383242
1299,"U/N Reef (13-092)",2014,30.71317,"Reefmod",NA,NA,33.5795548382727,18.0364655860023,44.9099817778024,26.8735161918001
1300,"U/N Reef (13-093a)",2020,7.105,"Manta",NA,NA,37.1392033098957,24.8279069941529,47.56184629236,22.7339392982071
1301,"U/N Reef (13-093b)",2014,35.81319,"Reefmod",NA,NA,55.1598625143482,47.5634479991339,62.0487429971225,14.4852949979886
1302,"U/N Reef (13-093c)",2014,39.63019,"Reefmod",NA,NA,48.8867134908902,31.8423739714468,64.6380839215102,32.7957099500635
1303,"Sullivan Shoal (13-095)",2014,12.84212,"Reefmod",NA,NA,55.3473848773278,44.3504672013642,63.2163129669697,18.8658457656055
1304,"Ballerina Shoal (13-096)",2014,27.69024,"Reefmod",NA,NA,49.1952561559926,35.5435749824699,59.6774344815406,24.1338594990706
1305,"Flinders Island Reef (No 1) (14-042a)",2014,36.19686,"Reefmod",NA,NA,65.4074146834018,59.9242057007252,70.8688228724661,10.9446171717409
1306,"Flinders Island Reef (No 2) (14-042b)",2014,38.39082,"Reefmod",NA,NA,65.9074758017942,59.8036596743618,72.33965127514,12.5359916007782
1307,"Flinders Island Reef (No 3) (14-042c)",2014,33.0706,"Reefmod",NA,NA,64.7318832415344,62.2679260275891,68.7675659893714,6.49963996178227
1308,"U/N Reef (14-043)",2014,22.74231,"Reefmod",NA,NA,54.2082842884381,42.2191235631353,63.0473371668722,20.8282136037369
1309,"Hales Reef (14-044)",2014,16.74679,"Reefmod",NA,NA,50.730638537465,38.9555674238627,60.401719131035,21.4461517071722
1310,"Sand Bank No 1 Reef",2024,23.3130924,"Census",-14.2004,144.8919,31.1208737081276,28.511724647486,33.6004913244674,5.08876667698143
1311,"U/N Reef (14-046)",2014,7.750486,"Reefmod",NA,NA,45.940261332221,34.2628493986516,55.9206987478057,21.657849349154
1312,"Lizard Island Reef (North West)",2024,20.78334694,"Census",-14.6586,145.4469,28.0258127572717,25.3615515596557,32.186923298673,6.82537173901732
1313,"Lizard Island Reef (North East)",2024,22.41412068,"Census",-14.655,145.4661,31.1957126907388,26.2461603734939,36.1222465442712,9.87608617077734
1314,"Lizard Island Reef (Lagoon)",2024,17.38542696,"Census",-14.6853,145.4481,25.9930554376146,22.5914346412781,29.1952521178375,6.60381747655943
1315,"Startle Reefs (15-028)",2014,0.38935,"Reefmod",NA,NA,60.2767950775935,55.8802510966755,63.1555254324233,7.27527433574774
1316,"Camel Head Reef (15-029)",2014,13.12192,"Reefmod",NA,NA,62.5029883736533,57.6591907716159,64.9929745483113,7.3337837766954
1317,"Swinger Reef (15-030)",2023,39.338,"Manta",NA,NA,53.1077870557048,49.457056637658,60.1502594640696,10.6932028264117
1318,"Pullen Reefs (15-031)",2024,40.5,"RJFMP",NA,NA,49.3343487886964,44.8984584035475,53.6659694972694,8.76751109372191
1319,"Ribbon No 6 Reef (15-032)",2017,10.727,"Manta",NA,NA,56.600883382081,47.9362691319328,64.2207691695353,16.2845000376025
1320,"Hannah Island Reef (13-097)",2014,38.507,"Reefmod",NA,NA,53.1411742041534,38.2268680956348,62.8424349556983,24.6155668600635
1321,"U/N Reef (13-100)",2014,33.70893,"Reefmod",NA,NA,57.1648389830816,50.269396588336,63.3086619170642,13.0392653287282
1322,"Rattlesnake Reefs (No 1) (13-101a)",2014,28.87106,"Reefmod",NA,NA,41.7398008004446,30.9516990206609,54.5101061535145,23.5584071328535
1323,"Rattlesnake Reefs (No 2) (13-101b)",2014,26.92813,"Reefmod",NA,NA,47.9075383881423,38.126130079008,58.5759966830414,20.4498666040334
1324,"Rattlesnake Reefs (No 3) (13-101c)",2014,17.06585,"Reefmod",NA,NA,54.6200969838845,43.7425106106,63.1516316324916,19.4091210218916
1325,"U/N Reef (13-102)",2014,43.69275,"Reefmod",NA,NA,46.1993593214862,34.8455288533317,60.1299368530576,25.284407999726
1326,"Kestrel Reef (13-104)",2014,36.63698,"Reefmod",NA,NA,52.2964658907342,42.2983977796389,57.9952392058342,15.6968414261953
1327,"U/N Reef (13-105)",2014,17.4044,"Reefmod",NA,NA,52.5055902101439,39.2854940058106,64.6123296421438,25.3268356363332
1328,"14-047",2024,22.74944915,"Census",-14.2122,144.9283,24.9242573465085,20.0040362159136,29.8912075206232,9.88717130470964
1329,"Broomfield Rock Reef (14-048)",2014,17.49937,"Reefmod",NA,NA,47.1780716248575,34.385638250273,58.8009075023729,24.4152692520999
1330,"U/N Reef (14-049)",2014,20.07226,"Reefmod",NA,NA,50.9096243498169,39.9128547492126,57.8029236496512,17.8900689004386
1331,"Rocky Point Island Reef (14-050)",2014,18.41413,"Reefmod",NA,NA,48.6526289673472,42.321271625136,58.8563319040451,16.5350602789091
1332,"Lizard Island Reef (Coconut Bay)",2024,11.68202268,"Census",-14.6811,145.4723,18.4547134709579,16.9240351438918,19.8694000390889,2.94536489519707
1333,"Gunga Shoal (14-117)",2014,8.778567,"Reefmod",NA,NA,64.1574914136807,58.7282686988709,69.8792242524997,11.1509555536287
1334,"Dent Reef (No 1) (20-058a)",2023,24.0925,"MMP",NA,NA,35.4669463486443,29.1434282611449,40.6301971004476,11.4867688393026
1335,"Dent Reef (No 2) (20-058b)",2014,15.65897,"Reefmod",NA,NA,58.1072914193025,53.2774290881047,63.0312613626188,9.75383227451409
1336,"U/N Reef (20-059)",2014,14.37696,"Reefmod",NA,NA,54.4451836013868,48.9891859233719,61.3475157785569,12.358329855185
1337,"Long Island Reef (No 1) (20-060a)",2014,14.86914,"Reefmod",NA,NA,48.8742900050383,41.494997195141,55.1334394576413,13.6384422625002
1338,"Haslewood Island Reef (No 4)",2022,19,"Census",-20.3006,149.0823,35.160996531167,30.5057441907761,38.8420976636993,8.3363534729232
1339,"Haslewood Island Reef (No 5)",2021,7,"Census",-20.2802,149.099,36.9367401905165,32.2692718341158,43.6319556257176,11.3626837916018
1340,"Whitsunday Island Reef (No 11) (20-041l)",2014,14.98992,"Reefmod",NA,NA,53.3942923206865,44.4790408556881,63.7258848921716,19.2468440364836
1341,"Whitsunday Island Reef (No 12) (20-041m)",2014,14.68734,"Reefmod",NA,NA,56.0246982455719,51.9794679916074,62.5252311400782,10.5457631484708
1342,"Long Island Reef (No 2) (20-060b)",2014,15.46328,"Reefmod",NA,NA,52.3204217559337,39.8016994526713,64.2177405492898,24.4160410966185
1343,"Long Island Reef (No 3) (20-060c)",2014,14.20219,"Reefmod",NA,NA,58.6546784553828,54.2089767902743,63.2069044485799,8.99792765830568
1344,"Lupton Reef (20-078f)",2014,22.10694,"Reefmod",NA,NA,55.8359963437134,47.8867248003456,62.6215770725978,14.7348522722522
1345,"Cashell Reef (20-078g)",2014,21.17232,"Reefmod",NA,NA,52.4558241549051,41.8758646862712,65.5651351368451,23.6892704505739
1346,"Black Island",2023,18,"Census",-20.0811,148.8927,34.3875384926751,27.9500081827005,41.7237106800229,13.7737024973224
1347,"Double Rock Reef (20-018)",2014,12.9795,"Reefmod",NA,NA,59.8921500952903,51.5436256903125,71.4470660702102,19.9034403798977
1348,"Langford-Bird Reef (20-019)",2023,12.578,"Manta",NA,NA,28.4008747295559,24.7158345479769,30.9798361091022,6.2640015611253
1349,"Whitsunday Island Reef (No 13) (20-041n)",2014,20.6484,"Reefmod",NA,NA,54.4122689574247,47.7181358954365,59.8102721367828,12.0921362413463
1350,"Whitsunday Island Reef (No 15) (20-041p)",2014,21.46847,"Reefmod",NA,NA,53.513422584621,45.9952398212783,60.5835229963099,14.5882831750316
1351,"Long Island Reef (No 4) (20-060d)",2014,14.10988,"Reefmod",NA,NA,53.0820427521417,46.1273667108696,62.9536720456509,16.8263053347813
1352,"Long Island Reef (No 5) (20-060e)",2014,19.48328,"Reefmod",NA,NA,48.5260699540321,40.0368883807867,59.1261589627087,19.089270581922
1353,"Long Island Reef (No 6) (20-060f)",2014,19.72396,"Reefmod",NA,NA,53.5210558444588,50.4993410568853,61.7959805158369,11.2966394589516
1354,"Haslewood Island Reef (No 6) (20-078h)",2014,23.0731,"Reefmod",NA,NA,51.9670922145882,42.2658311831875,63.7104995426878,21.4446683595003
1355,"Workington Reef (20-079)",2014,15.09361,"Reefmod",NA,NA,49.707487168892,38.0037543355582,60.7920490899296,22.7882947543714
1356,"Gumbrell Reef (20-020)",2014,24.97713,"Reefmod",NA,NA,47.9091350452982,44.2199154861104,56.7091700148602,12.4892545287498
1357,"Whitsunday Island Reef (No 16) (20-041q)",2014,20.88717,"Reefmod",NA,NA,54.7554845241653,43.1204287269254,63.7967092630374,20.676280536112
1358,"Whitsunday Island Reef (No 17) (20-041r)",2014,20.55254,"Reefmod",NA,NA,57.3635226608043,50.8106841812463,66.0965640258828,15.2858798446365
1359,"Whitsunday Island Reef (No 18) (20-041t)",2014,19.73661,"Reefmod",NA,NA,55.9239867998275,51.3496546193399,59.263849873924,7.91419525458415
1360,"Whitsunday Island Reef (No 19) (20-041u)",2014,15.01339,"Reefmod",NA,NA,52.4083429056886,41.5890875570356,62.1574799888244,20.5683924317887
1361,"Whitsunday Island Reef (No 20) (20-041v)",2014,15.34925,"Reefmod",NA,NA,56.64752272014,48.1710489407666,61.9694343518723,13.7983854111058
1362,"Long Island Reef (No 7) (20-060g)",2014,11.0619,"Reefmod",NA,NA,52.2504001552656,44.7657543726559,58.4820071395807,13.7162527669248
1363,"Long Island Reef (No 8) (20-060h)",2014,12.78243,"Reefmod",NA,NA,55.5051728148107,44.4419141894059,64.9025095284543,20.4605953390484
1364,"Leeper Shoal (20-080)",2014,16.70946,"Reefmod",NA,NA,47.957485065834,40.9731216909093,57.4056341368574,16.4325124459481
1365,"Nicolson Reef (20-081)",2014,10.40828,"Reefmod",NA,NA,55.4660341963236,49.5748599214847,65.4409900674943,15.8661301460096
1366,"Olden Reef (20-021)",2014,21.73124,"Reefmod",NA,NA,51.9346365797859,41.8797046574297,60.4827129152847,18.603008257855
1367,"Armit Island Reef (20-022)",2014,29.70242,"Reefmod",NA,NA,52.0678834568028,39.8366043399974,62.6295030332015,22.7928986932042
1368,"Whitsunday Island Reef (No 21) (20-041w)",2014,14.186,"Reefmod",NA,NA,53.7247157075478,38.2600078654369,64.3805375668499,26.120529701413
1369,"Whitsunday Island Reef (No 22) (20-041x)",2014,11.3549,"Reefmod",NA,NA,56.2750501280648,49.4858327767488,63.5116754023056,14.0258426255568
1370,"Whitsunday Island Reef (No 23) (20-041y)",2014,6.211104,"Reefmod",NA,NA,55.0518786973934,46.6124281326229,64.1740052598643,17.5615771272414
1371,"Whitsunday Island Reef (No 24) (20-041z)",2014,10.17961,"Reefmod",NA,NA,54.2430682303117,46.9371010692941,63.7408256847829,16.8037246154888
1372,"Pine Island Reef (20-061)",2023,11.585,"MMP",NA,NA,25.5058144114357,22.0137863703851,31.061100654511,9.04731428412595
1373,"U/N Reef (19-267)",2014,13.18956,"Reefmod",NA,NA,59.9228597921598,51.7902638620333,65.2618910801487,13.4716272181155
1374,"U/N Reef (19-268)",2014,12.87266,"Reefmod",NA,NA,59.4872000662577,41.9237576528703,72.1975411904703,30.2737835376
1375,"U/N Reef (19-269)",2014,14.06751,"Reefmod",NA,NA,57.5130447828981,50.1094498217685,66.867088618185,16.7576387964165
1376,"U/N Reef (19-270)",2014,10.76694,"Reefmod",NA,NA,58.6973758684399,48.0991215795888,66.5233266960632,18.4242051164744
1377,"U/N Reef (19-271)",2014,9.566591,"Reefmod",NA,NA,51.3350763950631,36.6303204735472,65.6940061753445,29.0636857017973
1378,"U/N Reef (19-272)",2014,10.15723,"Reefmod",NA,NA,58.1498100282233,45.641234989231,67.8526865225806,22.2114515333496
1379,"U/N Reef (19-273)",2014,11.4814,"Reefmod",NA,NA,61.9546681608114,54.6487435913542,70.5812359925867,15.9324924012325
1380,"U/N Reef (19-274)",2014,11.04807,"Reefmod",NA,NA,63.6451921106062,60.3347753607902,69.1217664962685,8.78699113547825
1381,"U/N Reef (19-275)",2014,15.745,"Reefmod",NA,NA,64.4795211151849,60.7027489555371,70.1471036871563,9.4443547316192
1382,"U/N Reef (19-276)",2014,28.64323,"Reefmod",NA,NA,66.9493208524846,61.8195192991117,71.297798204995,9.47827890588323
1383,"U/N Reef (19-277)",2014,37.02625,"Reefmod",NA,NA,65.7226463968782,60.217575718845,69.8830633685606,9.6654876497156
1384,"U/N Reef (19-278)",2014,31.96607,"Reefmod",NA,NA,64.5508958434486,58.7749011428798,71.8454096809097,13.0705085380299
1385,"U/N Reef (20-023)",2014,15.01022,"Reefmod",NA,NA,50.1781393163629,34.3932228679165,63.5738223976933,29.1805995297768
1386,"Fitzalan Island Reef (20-041)",2014,15.50143,"Reefmod",NA,NA,55.1619412307449,43.0759478787501,64.490891125625,21.4149432468748
1387,"South Molle Reef (No 1) (20-042a)",2014,21.50402,"Reefmod",NA,NA,54.1724651417808,40.4826993520728,69.220785292943,28.7380859408703
1388,"South Molle Reef (No 2) (20-042b)",2014,18.97359,"Reefmod",NA,NA,53.4210647124614,43.7818265091805,64.439151690376,20.6573251811955
1389,"U/N Reef (20-062b)",2014,19.84842,"Reefmod",NA,NA,54.2793734268551,46.2376664199083,62.8552848978722,16.6176184779639
1390,"Three Fathom Patch (20-063)",2014,15.50282,"Reefmod",NA,NA,50.9667718234601,40.2832496732489,61.0928441594182,20.8095944861693
1391,"U/N Reef (19-279)",2014,30.36146,"Reefmod",NA,NA,65.0122413040439,57.8194826941059,70.0301150239978,12.2106323298919
1392,"U/N Reef (19-280)",2014,17.50666,"Reefmod",NA,NA,66.1527594626933,56.1615323148528,72.2006062158337,16.0390739009809
1393,"U/N Reef (19-281)",2014,24.67734,"Reefmod",NA,NA,65.4310362422699,58.3614985910833,72.0478001029429,13.6863015118595
1394,"U/N Reef (19-282)",2014,25.07454,"Reefmod",NA,NA,55.1050015740014,50.4232353483822,60.2539271792662,9.83069183088395
1395,"U/N Reef (19-283)",2014,27.04853,"Reefmod",NA,NA,64.1342647866302,57.8078815490221,71.3262423299381,13.518360780916
1396,"U/N Reef (19-284)",2014,25.91898,"Reefmod",NA,NA,62.6103862658655,56.5273860271773,66.7136415693894,10.186255542212
1397,"U/N Reef (19-285)",2014,18.50368,"Reefmod",NA,NA,63.2628962310571,58.0701295425283,66.9131703883315,8.84304084580314
1398,"U/N Reef (19-286)",2014,25.03505,"Reefmod",NA,NA,66.3733063335136,62.1777382471321,70.0707292302999,7.89299098316786
1399,"U/N Reef (19-287)",2014,20.77757,"Reefmod",NA,NA,64.2178100175764,57.1468964226833,72.2570249416542,15.1101285189709
1400,"U/N Reef (19-288)",2014,24.28528,"Reefmod",NA,NA,63.2543324833496,54.7146805323775,69.6339898310511,14.9193092986736
1401,"U/N Reef (19-289)",2014,26.81345,"Reefmod",NA,NA,65.5159346699679,61.3039452403152,71.0877757245695,9.78383048425434
1402,"U/N Reef (19-290)",2014,29.92511,"Reefmod",NA,NA,67.4484352348044,64.9009880553822,73.668044614236,8.76705655885381
1403,"Double Cone Reef (20-024)",2023,8.815,"MMP",NA,NA,22.0672999801426,18.0942372635891,24.7529559756388,6.65871871204967
1404,"South Molle Reef (No 3) (20-042c)",2014,28.7919,"Reefmod",NA,NA,53.3900779336745,46.9549149543178,60.6728145770133,13.7178996226955
1405,"South Molle Reef (No 4) (20-042d)",2014,18.78773,"Reefmod",NA,NA,53.677465939125,48.204219820398,60.0372345278965,11.8330147074985
1406,"Planton Reef (20-043)",2014,26.86344,"Reefmod",NA,NA,53.586378165925,45.9160880647831,62.9664486179933,17.0503605532102
1407,"U/N Reef (19-291)",2014,27.89694,"Reefmod",NA,NA,52.1120512662453,44.7638159820941,65.2307525909665,20.4669366088724
1408,"U/N Reef (19-292)",2014,28.85308,"Reefmod",NA,NA,51.3504095709583,43.7873767008285,59.8422375150192,16.0548608141907
1409,"U/N Reef (19-293)",2014,24.06811,"Reefmod",NA,NA,60.2535211062814,46.6189307789547,72.1188927955841,25.4999620166293
1410,"U/N Reef (19-294)",2014,28.79611,"Reefmod",NA,NA,66.7037258824711,61.5549081576155,70.6636134145125,9.10870525689701
1411,"U/N Reef (19-295)",2014,28.51234,"Reefmod",NA,NA,50.2331216920783,41.2381741888746,61.1898551431621,19.9516809542876
1412,"U/N Reef (19-296)",2014,17.29218,"Reefmod",NA,NA,66.0452525534703,63.5744292311115,67.616959505626,4.04253027451452
1413,"U/N Reef (19-297)",2014,17.09605,"Reefmod",NA,NA,65.0513723822427,58.8608333724396,70.8026503500963,11.9418169776567
1414,"U/N Reef (19-298)",2014,18.97801,"Reefmod",NA,NA,66.1499997907371,62.6665859260137,68.690535697835,6.02394977182138
1415,"U/N Reef (19-299)",2014,28.46403,"Reefmod",NA,NA,52.366805028173,43.1853043322664,62.970867949993,19.7855636177266
1416,"U/N Reef (19-300)",2014,30.92285,"Reefmod",NA,NA,61.9825004098861,55.9205221126675,69.7646025318678,13.8440804192002
1417,"U/N Reef (20-025b)",2014,21.86774,"Reefmod",NA,NA,53.5820050513532,37.4615463937465,64.7807870366888,27.3192406429423
1418,"Edwin Reef (20-026)",2014,13.75758,"Reefmod",NA,NA,53.984304164751,50.1667811575705,60.1077337356204,9.94095257804999
1419,"Denman Reef (20-044)",2014,10.79942,"Reefmod",NA,NA,52.9451078381933,46.0995537467899,60.8801968025023,14.7806430557124
1420,"Almora Reef (20-045)",2014,19.39947,"Reefmod",NA,NA,51.307329900748,44.6460360822805,63.9517136052756,19.3056775229952
1421,"Calf Reef (No 1) (20-065a)",2014,35.12899,"Reefmod",NA,NA,57.8281181387166,50.2361632603723,65.1783062337715,14.9421429733992
1422,"Calf Reef (No 2) (20-065b)",2014,15.00486,"Reefmod",NA,NA,52.8629437692541,49.0833840835194,61.3009992964667,12.2176152129473
1423,"Calf Reef (No 3) (20-065c)",2014,13.13834,"Reefmod",NA,NA,55.8983365187758,45.5662331047477,65.4825648538855,19.9163317491378
1424,"Long Shoal (20-066)",2014,8.093714,"Reefmod",NA,NA,51.6627063244573,41.1629655453573,62.3766943104097,21.2137287650524
1425,"Border Island Reef (No 1) (20-067a)",2023,10.227,"Manta",NA,NA,24.1259315520184,22.0208323870214,26.6843567816562,4.66352439463477
1426,"U/N Reef (19-301)",2014,30.50605,"Reefmod",NA,NA,57.3722830704059,47.3364417293877,67.23783923843,19.9013975090423
1427,"U/N Reef (19-302)",2014,25.1005,"Reefmod",NA,NA,60.720199940298,53.5057274648418,68.0689967056015,14.5632692407598
1428,"U/N Reef (19-303)",2014,21.41965,"Reefmod",NA,NA,63.3988900221744,58.0523996525391,71.2406965542572,13.1882969017182
1429,"U/N Reef (19-304)",2014,24.0024,"Reefmod",NA,NA,64.3202763559352,59.0978781970292,68.6266424263301,9.52876422930088
1430,"U/N Reef (19-305)",2014,18.08538,"Reefmod",NA,NA,63.4193702000349,54.5027249137964,71.659623904791,17.1568989909946
1431,"U/N Reef (19-306)",2014,22.89918,"Reefmod",NA,NA,47.0354766923991,33.9197907439075,60.9777317046497,27.0579409607422
1432,"U/N Reef (19-307)",2014,28.59217,"Reefmod",NA,NA,67.3610366515024,60.0510436207314,72.7660082796798,12.7149646589484
1433,"U/N Reef (20-027)",2014,18.09075,"Reefmod",NA,NA,55.0443212885187,46.0650990563856,63.3588074637301,17.2937084073445
1434,"Hook Island Reef (No 1)",2022,2,"Census",-20.1154,148.9436,9.0296308045229,5.57674527230859,12.3434270391129,6.7666817668043
1435,"Hook Island Reef (No 2) (20-028b)",2014,21.27921,"Reefmod",NA,NA,56.9470570809963,47.0916725206024,67.7238347754861,20.6321622548837
1436,"Hook Island Reef (No 3) (20-028c)",2014,21.59566,"Reefmod",NA,NA,57.7134321282923,53.9583915559284,64.6777506979753,10.7193591420469
1437,"Hook Island Reef (No 4) (20-028d)",2023,12.99,"MMP",NA,NA,26.7040986192676,21.7838719771559,31.0352773041588,9.25140532700288
1438,"Hook Island Reef (No 5) (20-028e)",2014,22.58794,"Reefmod",NA,NA,56.6399761704723,50.678582095979,62.4081351547796,11.7295530588006
1439,"Hook Island Reef (No 6)",2020,9,"Census",-20.0766,148.908,32.6406501158248,25.5351427275005,40.6721569562492,15.1370142287487
1440,"U/N Reef (20-046)",2014,19.97037,"Reefmod",NA,NA,47.5799949105999,38.6951217961689,53.1657520911073,14.4706302949384
1441,"Low Rock Reef (20-047)",2014,16.02505,"Reefmod",NA,NA,52.3233463471561,42.8336202399287,59.0104987072613,16.1768784673325
1442,"Border Island Reef (No 2) (20-067b)",2014,27.99247,"Reefmod",NA,NA,61.1588247945562,53.7980914023631,65.7121853948019,11.9140939924389
1443,"Border Island Reef (No 3)",2022,1,"Census",-20.1568,149.0335,6.59646741505713,3.36607321634144,10.1914046270344,6.82533141069299
1444,"U/N Reef (19-308)",2014,21.08569,"Reefmod",NA,NA,63.4470822390928,58.1800337016668,69.3954997735227,11.2154660718559
1445,"U/N Reef (19-309)",2014,28.66996,"Reefmod",NA,NA,54.8773714317401,45.9674779131716,64.5501219371248,18.5826440239532
1446,"U/N Reef (19-310)",2014,21.62863,"Reefmod",NA,NA,51.0508835850737,41.6636096303168,61.478535999819,19.8149263695022
1447,"U/N Reef (19-311)",2014,28.19841,"Reefmod",NA,NA,57.6532022596403,54.4320075840021,60.3747989369128,5.94279135291062
1448,"U/N Reef (19-312)",2014,22.37397,"Reefmod",NA,NA,63.9572587381826,61.6081047303702,71.555048041181,9.94694331081086
1449,"Hook Island Reef (No 7)",2024,18.26327068,"Census",-20.0728,148.9248,26.9402966847444,23.8305104340441,28.752705528483,4.92219509443887
1450,"Hook Island Reef (No 9)",2024,10.6666608,"Census",-20.0631,148.9584,16.025133673884,13.4096551976496,19.0965084937249,5.68685329607533
1451,"Hook Island Reef (No 8) (20-028j)",2014,23.56798,"Reefmod",NA,NA,58.1387308667653,52.8347462873146,63.8426222300519,11.0078759427374
1452,"Hook Island Reef (No 10)",2022,3,"Census",-20.0851,148.9542,10.926977327615,7.27620409996621,13.0801926321666,5.80398853220041
1453,"Hook Island Reef (No 11) (20-028l)",2014,15.92516,"Reefmod",NA,NA,56.9822457782888,52.9265912128986,62.4870679463387,9.56047673344019
1454,"Low Island Reef (20-029)",2014,17.0965,"Reefmod",NA,NA,60.5775204414327,51.5645404880858,67.8417024669027,16.2771619788169
1455,"Shute Reef (20-048)",2023,18.25,"MMP",NA,NA,29.8680614498065,22.5534779803368,36.8857454095973,14.3322674292605
1456,"Dumbell Reef (No 1)",2022,3,"Census",-20.1732,149.0072,10.9933670320175,8.03864270036854,13.0663919273559,5.02774922698734
1457,"Dumbell Reef (No 2) (20-068b)",2014,14.57139,"Reefmod",NA,NA,60.9715021519189,56.2431744348387,69.6254057177176,13.3822312828788
1458,"Petrel Reef (20-069)",2014,16.52746,"Reefmod",NA,NA,51.6552482607782,38.8929839706343,62.8439752694835,23.9509912988492
1459,"Sand Island (19-802)",2014,21.95729,"Reefmod",NA,NA,58.691497522075,53.2507272706824,64.2946912492368,11.0439639785544
1460,"U/N Reef (20-001)",2014,19.80059,"Reefmod",NA,NA,48.9658089443204,36.1144314963387,60.5777186557854,24.4632871594467
1461,"North Head Reef (20-002)",2014,15.56439,"Reefmod",NA,NA,34.3166367235527,16.3960715847467,49.9413024399694,33.5452308552227
1462,"Gloucester Reef (No 1) (20-003a)",2014,15.95231,"Reefmod",NA,NA,41.5736546700322,16.1021077369317,59.3451727169635,43.2430649800318
1463,"Grassy Reef (20-030)",2014,25.4217,"Reefmod",NA,NA,58.1451397931407,51.0977700362045,64.5126681175807,13.4148980813762
1464,"Roseric Shoal (20-031)",2014,16.01607,"Reefmod",NA,NA,56.3529653442653,49.0624550615139,63.7444992627618,14.6820442012479
1465,"Pioneer Rocks Reef (20-032)",2014,17.44082,"Reefmod",NA,NA,50.2733130048743,40.2764933852323,61.8540140649927,21.5775206797604
1466,"North Molle Reef (20-033)",2014,16.85652,"Reefmod",NA,NA,54.3094011803368,49.0555065712794,61.6440166844406,12.5885101131613
1467,"Repair Reef (20-049a)",2014,20.84651,"Reefmod",NA,NA,58.456021109633,49.1514602413422,65.0561768542639,15.9047166129217
1468,"Tancred Reef (20-049b)",2023,57.915,"MMP",NA,NA,55.3066817684054,50.2851758825929,62.796810317067,12.5116344344741
1469,"Alert Bank (20-050)",2014,14.20169,"Reefmod",NA,NA,53.190812001969,48.2119146529778,60.182451256267,11.9705366032892
1470,"Esk Island Reef (20-070)",2014,20.19283,"Reefmod",NA,NA,54.2619865392559,51.180346766403,58.4957693470589,7.31542258065588
1471,"Gloucester Reef (No 2) (20-003b)",2014,14.83324,"Reefmod",NA,NA,51.5230721517796,40.262342616285,62.7534769277858,22.4911343115007
1472,"Gloucester Reef (No 3) (20-003c)",2014,15.60792,"Reefmod",NA,NA,52.9985477090495,44.0722037159891,63.2370794583255,19.1648757423364
1473,"Gloucester Reef (No 4) (20-003d)",2014,14.9309,"Reefmod",NA,NA,54.5041772446452,46.4923457810977,61.754320473339,15.2619746922412
1474,"Gloucester Reef (No 5) (20-003e)",2014,15.97283,"Reefmod",NA,NA,49.2857996881247,34.451888413452,62.8255092495832,28.3736208361312
1475,"Gloucester Reef (No 6) (20-003f)",2014,15.25362,"Reefmod",NA,NA,55.4516628901563,47.1635837065686,62.5017098143663,15.3381261077977
1476,"Gloucester Reef (No 7) (20-003g)",2014,14.69787,"Reefmod",NA,NA,53.4804204780892,44.0182126554639,60.3637299846224,16.3455173291585
1477,"Mid Molle Reef (20-034)",2014,26.59423,"Reefmod",NA,NA,52.9685663089183,46.3791082834373,64.231254600684,17.8521463172467
1478,"Daydream Reef (No 1) (20-035a)",2023,4.505,"MMP",NA,NA,11.7750819032136,8.3188987588413,14.5770665198865,6.25816776104523
1479,"White Rock Reef (20-051)",2014,17.87751,"Reefmod",NA,NA,52.089154818836,44.6946295353916,60.6159634873992,15.9213339520075
1480,"U/N Reef (20-052)",2014,25.98574,"Reefmod",NA,NA,57.6029207499183,50.5486663342389,65.4141940760584,14.8655277418195
1481,"Henning Reef (20-053)",2014,14.25703,"Reefmod",NA,NA,54.0760676266104,42.0866962650181,66.5366270030962,24.4499307380781
1482,"Ireby Reef (20-071)",2014,10.92153,"Reefmod",NA,NA,48.6556653124245,43.5129169008285,54.1594120349481,10.6464951341196
1483,"Sillago Reef (20-072)",2014,12.30406,"Reefmod",NA,NA,55.2676074039927,50.7927856300431,56.5392588388526,5.74647320880955
1484,"Gloucester Reef (No 8) (20-003h)",2014,16.21086,"Reefmod",NA,NA,49.8501825656181,40.3471533375116,60.1651962354084,19.8180428978968
1485,"Daydream Reef (No 2) (20-035b)",2014,17.6807,"Reefmod",NA,NA,55.0989503556147,53.2988802306144,60.9000999865614,7.60121975594694
1486,"Daydream Reef (No 3) (20-035c)",2023,3.565,"MMP",NA,NA,11.0930271901241,5.89373768606818,14.5659708842839,8.6722331982157
1487,"Daydream Reef (No 4) (20-035d)",2014,29.19289,"Reefmod",NA,NA,61.2834060783532,56.2382847428736,67.9811290981111,11.7428443552376
1488,"Conder Shoal (20-036)",2014,14.46822,"Reefmod",NA,NA,50.905428919068,40.8628354965715,64.7664298625241,23.9035943659527
1489,"U/N Reef (20-038)",2014,33.23034,"Reefmod",NA,NA,52.4704496150541,41.964833015101,66.6954042123953,24.7305711972943
1490,"Hill Rock Reef (20-039)",2014,19.33427,"Reefmod",NA,NA,55.9494615180492,50.0399865124509,60.0602351707026,10.0202486582518
1491,"Cid Reef (20-040)",2014,20.50323,"Reefmod",NA,NA,54.6131389663199,48.4098479721445,59.7384764492628,11.3286284771182
1492,"East Rocks Reef (20-054)",2014,12.05298,"Reefmod",NA,NA,53.4351022625618,49.1701961176962,60.7886517448357,11.6184556271395
1493,"Wirrainbeia Reef (20-073)",2014,16.85113,"Reefmod",NA,NA,53.1074607309599,48.1779418236738,58.8850639961934,10.7071221725196
1494,"Harold Reef (20-074)",2014,18.75139,"Reefmod",NA,NA,52.3060191227119,39.261949892308,64.6389724930554,25.3770226007473
1495,"Stone Reef (20-004)",2014,16.79512,"Reefmod",NA,NA,42.2373952455834,32.5094937480237,51.5148916387951,19.0053978907714
1496,"U/N Reef (20-005)",2014,22.46704,"Reefmod",NA,NA,30.5573294780014,23.0985741530129,42.7579236451357,19.6593494921227
1497,"Black Currant-Manta Ray Reef (No 2) (20-010b)",2014,17.49106,"Reefmod",NA,NA,37.0754328409758,26.7830278467757,48.6619298267729,21.8789019799973
1498,"Chyebassa Shoal (20-007)",2014,19.50668,"Reefmod",NA,NA,30.0957269282916,21.7943355352837,35.6188196671962,13.8244841319124
1499,"Winter Shoal (20-008)",2014,18.22001,"Reefmod",NA,NA,38.8695544291908,30.6509483947317,47.9381216288541,17.2871732341224
1500,"Whitsunday Island Reef (No 1)",2020,2,"Census",-20.1945,148.9801,20.3904822674021,14.5275460960456,25.9573427269831,11.4297966309376
1501,"Whitsunday Island Reef (No 2) (20-041b)",2014,22.32796,"Reefmod",NA,NA,59.1308840353066,54.5398081227408,67.9460408506779,13.4062327279371
1502,"Whitsunday Island Reef (No 3) (20-041c)",2014,21.69911,"Reefmod",NA,NA,54.5916810836857,42.1040228602708,64.1020054235839,21.9979825633131
1503,"Whitsunday Island Reef (No 4) (20-041d)",2014,22.15871,"Reefmod",NA,NA,52.9791667956945,45.4651076799842,58.2879477518827,12.8228400718985
1504,"Perseverance Reef (20-055)",2014,8.443833,"Reefmod",NA,NA,51.6608282181237,38.3455550297138,60.3388821279024,21.9933270981886
1505,"Young Island Reef (20-056)",2014,7.431425,"Reefmod",NA,NA,52.0152531979683,42.9056664913565,62.7782514655942,19.8725849742376
1506,"Edward Island",2023,27,"Census",-20.248,149.1737,40.485163193567,33.5593786637517,45.4001902529001,11.8408115891484
1507,"Thomas Reef (20-009)",2014,23.97371,"Reefmod",NA,NA,44.3799813623266,36.3223328282945,49.5560133183104,13.2336804900159
1508,"Poole Reef (20-011)",2014,18.91616,"Reefmod",NA,NA,34.104903317318,23.834570402177,44.8534438877997,21.0188734856227
1509,"Whitsunday Island Reef (No 5) (20-041e)",2014,22.92669,"Reefmod",NA,NA,46.5109011384545,33.0608665823999,57.4854470940134,24.4245805116135
1510,"Whitsunday Island Reef (No 6) (20-041f)",2014,9.083958,"Reefmod",NA,NA,55.2170852850012,45.2072353908437,64.9908271536137,19.78359176277
1511,"Whitsunday Island Reef (No 7) (20-041g)",2014,20.15492,"Reefmod",NA,NA,58.2571009166126,51.4209808875248,66.923557815685,15.5025769281602
1512,"Hamilton Island Reef (No 1) (20-057a)",2014,16.30488,"Reefmod",NA,NA,55.9855801265752,48.6654985673499,67.7941121635327,19.1286135961828
1513,"Hamilton island Reef (No 2) (20-057b)",2014,15.15349,"Reefmod",NA,NA,52.1120514644186,38.8177798883034,64.9905987037906,26.1728188154872
1514,"U/N Reef (20-075b)",2014,16.59023,"Reefmod",NA,NA,60.0918234084962,53.6817539958561,66.5953215487446,12.9135675528885
1515,"Lagoon Rock Reef (20-076)",2014,17.75516,"Reefmod",NA,NA,52.5096224107955,43.8350147309941,59.5927189809464,15.7577042499523
1516,"U/N Reef",2022,2,"Census",-20.2621,149.0801,8.85632127955556,5.7639187255241,12.4072585291602,6.64333980363608
1517,"Haslewood Island Reef (No 1) (20-078a)",2014,23.03449,"Reefmod",NA,NA,54.2420841653749,44.4677327288446,63.0199037084613,18.5521709796167
1518,"Eshelby Reef (20-012)",2014,22.53668,"Reefmod",NA,NA,46.3745726957663,29.6350184627142,62.4269641395633,32.7919456768491
1519,"U/N Reef (20-013)",2014,23.47134,"Reefmod",NA,NA,51.7154372897507,44.2578239763378,58.6581633280351,14.4003393516974
1520,"Whitsunday Island Reef (No 8) (20-041h)",2014,14.48725,"Reefmod",NA,NA,47.6686698145594,35.7317951331739,59.9437899636386,24.2119948304647
1521,"Whitsunday Island Reef (No 9) (20-041j)",2014,14.62589,"Reefmod",NA,NA,49.6948050073965,38.1803101736077,60.9839492093692,22.8036390357615
1522,"Whitsunday Island Reef (No 10) (20-041k)",2014,14.99064,"Reefmod",NA,NA,48.8874179473266,36.4089169201858,56.0163191524055,19.6074022322197
1523,"Hamilton Island Reef (No 3) (20-057c)",2014,15.18709,"Reefmod",NA,NA,51.774270407025,43.082364751174,59.4935859879301,16.4112212367561
1524,"Hamilton Island Reef (No 4) (20-057d)",2014,8.378757,"Reefmod",NA,NA,49.4728455148447,38.6907571681108,57.6603840762657,18.9696269081549
1525,"Hamilton Island Reef (No 5) (20-057e)",2014,14.21611,"Reefmod",NA,NA,51.4324370284641,38.7309792904174,67.9163882471199,29.1854089567024
1526,"Haslewood Island Reef (No 2) (20-078b)",2014,22.7654,"Reefmod",NA,NA,52.2711705791848,44.5176988769378,59.2809031524721,14.7632042755343
1527,"Haslewood Island Reef (No 3)",2021,0,"Census",-20.2955,149.0732,22.5906872770498,13.6998410150614,29.5906875593532,15.8908465442918
1528,"Hayman Island Reef (20-014)",2023,15.096,"Manta",NA,NA,29.9229936913377,25.9396242784318,32.9295240180225,6.98989973959064
1529,"Saddleback Island Reef (No 1) (20-015a)",2014,21.095,"Reefmod",NA,NA,57.606239130407,52.5395074786627,61.3351225599117,8.79561508124899
1530,"Saddleback Island Reef (No 2) (20-015b)",2014,25.13504,"Reefmod",NA,NA,48.3419096543814,36.2879906487636,61.3395338333501,25.0515431845864
1531,"U/N Reef (19-130)",2014,21.13215,"Reefmod",NA,NA,65.0990336829585,60.9641133388729,69.9007079805238,8.93659464165091
1532,"U/N Reef (19-131a)",2014,23.17985,"Reefmod",NA,NA,64.238938934142,55.3982061678073,70.245764254696,14.8475580868887
1533,"U/N Reef (19-131b)",2014,20.41096,"Reefmod",NA,NA,68.1818552206992,62.6330431103551,71.8251964146161,9.19215330426098
1534,"U/N Reef (19-131c)",2014,21.48194,"Reefmod",NA,NA,64.7634711600305,59.2383401774855,72.9000811141646,13.6617409366791
1535,"U/N Reef (19-131d)",2014,25.00625,"Reefmod",NA,NA,62.2247731914579,55.4026584509662,70.9827123212001,15.580053870234
1536,"U/N Reef (19-131e)",2014,23.99408,"Reefmod",NA,NA,62.030840406922,56.4693749081572,66.0447166499083,9.57534174175115
1537,"U/N Reef (19-131f)",2014,22.73263,"Reefmod",NA,NA,59.4231042176873,50.3664229900363,64.8938136997648,14.5273907097285
1538,"U/N Reef (19-131g)",2014,26.03412,"Reefmod",NA,NA,64.6242021452678,59.3342744056157,68.4696984730641,9.13542406744843
1539,"U/N Reef (19-132)",2014,22.66736,"Reefmod",NA,NA,64.9012408600823,56.8227799209635,71.3778459436356,14.5550660226721
1540,"Sinker Reef (19-133)",2014,22.70186,"Reefmod",NA,NA,59.8203826342869,52.4935369842234,69.4131161131785,16.9195791289551
1541,"Circular Quay Reef (19-134)",2023,19.1,"COTS",NA,NA,37.6168881153626,31.0827049522234,42.1539045508953,11.071199598672
1542,"Hardy Reef (19-135)",2023,34.456,"Manta",NA,NA,56.3513025190018,52.2650912770639,60.0704729145638,7.80538163749996
1543,"U/N Reef (19-227)",2014,11.57075,"Reefmod",NA,NA,57.0123510441177,43.9201306053844,67.315639381107,23.3955087757226
1544,"U/N Reef (19-228)",2014,9.837976,"Reefmod",NA,NA,55.665344240559,44.7365765817019,67.9080206739231,23.1714440922212
1545,"Thompson Shoal (19-229)",2014,11.03214,"Reefmod",NA,NA,57.5120368054682,43.1943571028627,67.2789213487026,24.0845642458399
1546,"Blossom Bank (West) (19-230)",2014,11.29685,"Reefmod",NA,NA,42.5167849483244,31.5247737667747,50.6648075054203,19.1400337386457
1547,"Marilyn Shoal (19-231)",2014,10.6397,"Reefmod",NA,NA,45.2896463903192,33.395551828464,54.8675132232776,21.4719613948136
1548,"Ferris Shoal (19-232)",2014,15.08842,"Reefmod",NA,NA,59.1174746422273,50.0641575191326,66.8001244343719,16.7359669152393
1549,"Maschke Shoal (19-233)",2014,16.84671,"Reefmod",NA,NA,62.6704370045437,56.6513186164961,69.2894788292591,12.638160212763
1550,"Blossom Bank (East) (19-234)",2014,10.75893,"Reefmod",NA,NA,40.3600905346927,27.7916349129228,52.1892954018045,24.3976604888816
1551,"U/N Reef (19-235)",2014,11.5987,"Reefmod",NA,NA,54.4548922359464,41.4938990760455,64.0918274010064,22.5979283249609
1552,"U/N Reef (19-236)",2014,25.39782,"Reefmod",NA,NA,47.4316465108961,40.4965747828445,56.1251067065126,15.6285319236681
1553,"U/N Reef (19-237)",2014,20.85399,"Reefmod",NA,NA,66.9627360815316,62.0922969368672,71.4638823143272,9.37158537746
1554,"U/N Reef (19-238)",2014,29.17121,"Reefmod",NA,NA,56.549419588594,45.6338858746524,64.5142250510265,18.8803391763741
1555,"Wheeler Reef (18-095)",2025,34.3,"COTS",NA,NA,34.3,34.3,34.3,0
1556,"Davies Reef",2022,6,"Census",-18.8225,147.6448,18.4631540915324,16.2478388627545,20.0999728894253,3.85213402667081
1557,"U/N Reef (18-097)",2014,37.30899,"Reefmod",NA,NA,59.9765422393282,51.7293987471089,68.049044761509,16.3196460144001
1558,"U/N Reef (18-098)",2014,34.54828,"Reefmod",NA,NA,65.7634821228586,60.8169606616945,68.8087788469905,7.99181818529601
1559,"Saville-Kent Reef (18-099)",2024,12,"COTS",NA,NA,18.0702392044369,16.6507212839648,19.3580610875986,2.70733980363381
1560,"(Big) Broadhurst Reef (No 1) (18-100a)",2025,10.6,"COTS",NA,NA,10.6,10.6,10.6,0
1561,"U/N Reef (19-053)",2014,29.72837,"Reefmod",NA,NA,63.7480770298735,57.8026323523559,70.1911338389557,12.3885014865998
1562,"Tiger Reef",2024,14.85074071,"Census",-19.2006,148.5487,21.2492461645698,18.4834434889792,25.3635127858671,6.88006929688799
1563,"U/N Reef (19-055)",2014,29.26271,"Reefmod",NA,NA,61.163953740949,55.8668243733103,65.8532827628699,9.98645838955967
1564,"U/N Reef (19-056)",2014,28.1998,"Reefmod",NA,NA,61.4478157430933,51.9267639603787,68.9563934649612,17.0296295045825
1565,"U/N Reef (19-057)",2014,25.99366,"Reefmod",NA,NA,65.9544797901312,58.1394849319551,74.0514742547955,15.9119893228404
1566,"U/N Reef (19-058)",2014,29.31393,"Reefmod",NA,NA,64.0104495147387,58.0130703023258,71.1860600803632,13.1729897780374
1567,"U/N Reef (19-059)",2014,27.78571,"Reefmod",NA,NA,57.7927036985252,51.1221649954546,67.3298206449364,16.2076556494817
1568,"U/N Reef (19-060)",2014,26.90601,"Reefmod",NA,NA,59.7700925178513,54.394598756058,65.7537820542829,11.3591832982249
1569,"Jacqueline Reef",2024,5.913953224,"Census",-19.2139,148.9038,11.8200454339277,9.92438519968508,12.7242550736707,2.79986987398564
1570,"point",2025,19.0291795,"Census",-19.7924,149.1854,19.0291795,19.0291795,19.0291795,0
1571,"Barb Reef (19-136b)",2014,19.78474,"Reefmod",NA,NA,55.1223898665205,49.0939713749362,60.4064401965555,11.3124688216193
1572,"U/N Reef (19-136c)",2014,14.48888,"Reefmod",NA,NA,63.7102479391455,60.0261402924613,71.5208578864975,11.4947175940362
1573,"Bait Reef",2024,4.144729161,"Census",-19.8071,149.0736,7.35502332153556,6.47139651004796,8.3750859077127,1.90368939766474
1574,"U/N Reef (19-138)",2023,43.16,"AIMS Transect",NA,NA,58.2236040841795,51.8324174532225,64.5164138743022,12.6839964210797
1575,"U/N Reef (19-139)",2014,22.85396,"Reefmod",NA,NA,59.2372465198605,50.2585407023064,68.7131039202671,18.4545632179607
1576,"Gable Reef (19-140)",2014,16.1778,"Reefmod",NA,NA,57.765137131703,50.8122979608443,63.1801379728674,12.3678400120232
1577,"Stucco Reef",2024,6.896918957,"Census",-19.5579,149.5975,7.23400138261571,6.7751992899908,7.90493133297359,1.12973204298279
1578,"U/N Reef (19-239)",2014,29.21703,"Reefmod",NA,NA,56.3979112021043,51.4799587858644,62.2445856103808,10.7646268245164
1579,"U/N Reef (19-240)",2014,22.3738,"Reefmod",NA,NA,68.2707137187721,64.517018557353,72.3299701874105,7.81295163005753
1580,"U/N Reef (19-241)",2014,24.54992,"Reefmod",NA,NA,57.264215064671,52.1849735054691,65.7579510143017,13.5729775088326
1581,"U/N Reef (19-242)",2014,27.92046,"Reefmod",NA,NA,49.9285059911568,43.3613654475309,57.2388822281001,13.8775167805692
1582,"U/N Reef (19-243)",2014,16.42399,"Reefmod",NA,NA,56.7560651325252,39.7949324131643,72.0110509652366,32.2161185520723
1583,"U/N Reef (19-244)",2014,18.55785,"Reefmod",NA,NA,52.2375966682558,39.0555521234959,63.0612664105786,24.0057142870827
1584,"U/N Reef (19-245)",2014,20.46735,"Reefmod",NA,NA,57.7528993789889,48.8488649231143,65.4254409486364,16.5765760255221
1585,"U/N Reef (19-246)",2024,37,"RJFMP",NA,NA,40.0603753373098,37.4892842760262,42.7351102190401,5.24582594301391
1586,"U/N Reef (19-247)",2014,19.58144,"Reefmod",NA,NA,56.2462405436718,46.7461867824095,65.2438386771596,18.4976518947501
1587,"(Big) Broadhurst Reef (No 2) (18-100b)",2023,11.5,"COTS",NA,NA,23.4533754899836,17.7352254053281,28.2965095090999,10.5612841037718
1588,"Judith Wright Reef (18-101)",2025,16.4,"COTS",NA,NA,16.4,16.4,16.4,0
1589,"U/N Reef (18-102)",2025,15.5,"COTS",NA,NA,15.5,15.5,15.5,0
1590,"U/N Reef (18-103)",2025,6.6,"COTS",NA,NA,6.6,6.6,6.6,0
1591,"U/N Reef (18-104)",2014,32.12667,"Reefmod",NA,NA,65.5881308231901,63.9708374413089,67.7237737865092,3.75293634520029
1592,"Banfield Reef (North) (18-105a)",2025,27,"COTS",NA,NA,27,27,27,0
1593,"Banfield Reef (South) (18-105b)",2025,18.1,"COTS",NA,NA,18.1,18.1,18.1,0
1594,"(Little) Broadhurst Reef (18-106)",2025,14.2,"COTS",NA,NA,14.2,14.2,14.2,0
1595,"U/N Reef (19-062)",2014,24.27063,"Reefmod",NA,NA,55.5790038411608,50.525562292109,61.6867209173174,11.1611586252084
1596,"Kangaroo Reef (East)",2020,25,"Census",-19.2627,148.6172,56.7057464870386,53.3834151701565,61.2891958818482,7.90578071169165
1597,"Kangaroo Reef (West) (19-063b)",2022,38.319,"Manta",NA,NA,53.404762774743,50.645714275616,58.3612935438685,7.7155792682525
1598,"U/N Reef (19-064)",2014,22.54578,"Reefmod",NA,NA,60.1666725553766,55.7466525974305,63.5490245463683,7.80237194893771
1599,"U/N Reef",2020,40,"Census",-19.3199,148.6321,59.3544134423009,56.0829048979677,63.6233592405243,7.54045434255661
1600,"U/N Reef (19-066)",2014,24.63827,"Reefmod",NA,NA,68.3222960832104,63.0854135412188,73.1184502623701,10.0330367211513
1601,"Lath Reef (19-142)",2014,19.24511,"Reefmod",NA,NA,52.9688245190132,47.3753510514025,59.9988478209436,12.6234967695411
1602,"U/N Reef (19-143)",2014,18.24534,"Reefmod",NA,NA,59.802796764093,46.9240476511447,68.4524087473354,21.5283610961907
1603,"U/N Reef (19-144)",2014,21.4605,"Reefmod",NA,NA,64.889126486244,58.2985333859966,71.925509137537,13.6269757515404
1604,"U/N Reef (19-145)",2014,21.04408,"Reefmod",NA,NA,67.399417395149,61.6533306834415,76.7613792654532,15.1080485820117
1605,"Rafter Reef (19-146)",2024,27.9,"RJFMP",NA,NA,30.8955949734812,30.1114936732909,32.0038266970774,1.89233302378649
1606,"Plaster Reef (19-147)",2014,20.21094,"Reefmod",NA,NA,63.2495150675917,56.2474070402636,69.6656701158065,13.4182630755429
1607,"Eave Reef (19-148)",2014,14.80486,"Reefmod",NA,NA,61.9200006429446,57.695020872564,69.9358348062331,12.2408139336691
1608,"Brick Reef (19-149)",2014,15.89451,"Reefmod",NA,NA,55.769190077364,44.1281974676848,64.4244194312542,20.2962219635694
1609,"U/N Reef (19-150)",2014,18.88313,"Reefmod",NA,NA,61.8872988929058,57.4355498555203,69.2784033695768,11.8428535140566
1610,"U/N Reef (19-248)",2014,21.36489,"Reefmod",NA,NA,60.8867854723457,55.4868235011829,64.7949279605216,9.3081044593387
1611,"U/N Reef (19-249)",2014,19.89468,"Reefmod",NA,NA,55.7931590149213,50.6926151316963,60.9155353918292,10.2229202601329
1612,"U/N Reef (19-250)",2014,18.15337,"Reefmod",NA,NA,52.9725112295504,45.1475055884935,61.2972449379397,16.1497393494463
1613,"U/N Reef (19-251)",2014,16.70664,"Reefmod",NA,NA,53.3246633217432,48.3662420798847,56.6616555149528,8.29541343506811
1614,"U/N Reef (19-252)",2014,21.96488,"Reefmod",NA,NA,64.587508099871,58.6177896535893,71.2728413242546,12.6550516706653
1615,"U/N Reef (19-253)",2014,17.42479,"Reefmod",NA,NA,65.5313251037041,58.1442939244475,72.268836627534,14.1245427030866
1616,"U/N Reef (19-254)",2014,23.46391,"Reefmod",NA,NA,60.7167641463801,56.2982927588377,72.6429576943626,16.3446649355249
1617,"U/N Reef (18-107)",2014,34.02609,"Reefmod",NA,NA,56.4226935589445,47.8220344507421,62.9041950682038,15.0821606174617
1618,"U/N Reef (18-108)",2014,32.84306,"Reefmod",NA,NA,61.364348530835,52.0618703494599,71.4121283309731,19.3502579815132
1619,"U/N Reef (18-109)",2014,39.05531,"Reefmod",NA,NA,63.6586148183061,57.9595155971675,70.5340948875041,12.5745792903366
1620,"U/N Reef (18-110)",2014,35.44102,"Reefmod",NA,NA,64.1521738739731,60.0147406231528,69.4126967321789,9.39795610902601
1621,"Eagle Reef (18-111)",2014,32.14337,"Reefmod",NA,NA,65.7127429824096,62.6288465200221,69.1365534220936,6.50770690207156
1622,"Viper Reef (18-112)",2024,46.6,"RJFMP",NA,NA,54.6018287874316,50.5288044055559,57.5626383812947,7.03383397573884
1623,"U/N Reef (18-113)",2014,39.75005,"Reefmod",NA,NA,63.1147054999336,60.7010091450294,69.3509718166086,8.64996267157919
1624,"U/N Reef (18-114)",2014,31.07936,"Reefmod",NA,NA,63.339103228046,59.1693164890992,68.7293867962225,9.56007030712328
1625,"Jupiter Reef (18-115)",2024,36.4,"RJFMP",NA,NA,43.6003614287966,41.703464063562,46.7877268349177,5.08426277135568
1626,"U/N Reef (18-116)",2014,30.0036,"Reefmod",NA,NA,67.3094234446164,62.2241635205418,71.4009385148408,9.17677499429904
1627,"U/N Reef (18-117)",2014,22.49584,"Reefmod",NA,NA,60.7696238248311,57.1313002181306,65.8792976661336,8.74799744800306
1628,"U/N Reef (19-067)",2014,16.64733,"Reefmod",NA,NA,62.1594997475735,58.3335173629839,71.8598054701578,13.5262881071739
1629,"U/N Reef (19-068)",2014,16.99015,"Reefmod",NA,NA,64.6274857190254,59.0067800674319,69.0758690268589,10.069088959427
1630,"U/N Reef (19-069)",2014,26.27578,"Reefmod",NA,NA,64.1267256204822,60.1734444322183,67.1106832982006,6.93723886598234
1631,"U/N Reef (19-070)",2014,17.6531,"Reefmod",NA,NA,63.9107952740839,57.0240172840776,71.0697381543443,14.0457208702667
1632,"point",2025,7.8435297,"Census",-19.4239,148.6594,7.8435297,7.8435297,7.8435297,0
1633,"Tile Reef (19-151)",2014,13.21612,"Reefmod",NA,NA,56.7032314395151,49.7803495896829,65.2294258578069,15.449076268124
1634,"Reimer Reef (19-152)",2014,14.25682,"Reefmod",NA,NA,63.9655982370724,59.7573683202374,68.6800001590099,8.92263183877253
1635,"U/N Reef (19-153)",2014,18.1308,"Reefmod",NA,NA,55.8303010055972,37.1036227753302,68.7808825563243,31.6772597809941
1636,"U/N Reef (19-154)",2014,18.47786,"Reefmod",NA,NA,55.1139422173639,39.5589801898287,69.7344587877662,30.1754785979375
1637,"U/N Reef (19-155)",2014,21.81458,"Reefmod",NA,NA,66.2778462789507,61.4276875871333,72.0631014584474,10.6354138713142
1638,"Girder Reef (19-156)",2014,16.71748,"Reefmod",NA,NA,58.5569889906637,45.2376986760284,69.4497890815592,24.2120904055309
1639,"Little Reef (19-157)",2014,19.86014,"Reefmod",NA,NA,67.0246954021228,59.2494190526248,72.8745782277371,13.6251591751123
1640,"U/N Reef (19-158)",2014,20.32429,"Reefmod",NA,NA,63.879403286318,58.4380114442492,68.5650963900517,10.1270849458025
1641,"U/N Reef (19-255)",2014,23.49556,"Reefmod",NA,NA,59.3215567344295,46.3016564088457,69.263614461368,22.9619580525223
1642,"U/N Reef (19-256)",2014,22.61143,"Reefmod",NA,NA,58.9556396810715,46.3169025654234,69.6181731491521,23.3012705837287
1643,"U/N Reef (19-257)",2014,23.12091,"Reefmod",NA,NA,68.0506821090105,60.7473702347221,74.8113425021564,14.0639722674343
1644,"U/N Reef (19-258)",2014,21.878,"Reefmod",NA,NA,64.5527002374498,56.1433077746718,71.0974924664451,14.9541846917733
1645,"U/N Reef (19-259)",2014,16.85861,"Reefmod",NA,NA,55.2143798257437,41.6712834986363,64.9875383263395,23.3162548277031
1646,"U/N Reef (19-260)",2014,20.20776,"Reefmod",NA,NA,57.0742756083349,40.8835132729155,70.1022675795933,29.2187543066778
1647,"U/N Reef (19-261)",2014,17.92076,"Reefmod",NA,NA,64.5747695257842,57.3848993730632,71.2368631970709,13.8519638240077
1648,"U/N Reef (19-262)",2014,13.92247,"Reefmod",NA,NA,60.6717918643471,54.6830724195426,66.515094874697,11.8320224551544
1649,"U/N Reef (19-263)",2014,17.30032,"Reefmod",NA,NA,63.0342354177948,55.0615646420056,71.118209730799,16.0566450887934
1650,"U/N Reef (19-264)",2014,19.57786,"Reefmod",NA,NA,59.9825712859998,56.5338857604063,65.6760380892251,9.14215232881874
1651,"U/N Reef (19-265)",2014,12.75328,"Reefmod",NA,NA,61.4233992092858,54.6522645229531,66.8659947477833,12.2137302248301
1652,"U/N Reef (19-266)",2014,13.65872,"Reefmod",NA,NA,53.8035200094269,34.8734285482695,71.2517510163489,36.3783224680795
1653,"Shrimp Reef (18-118)",2024,15.8,"COTS",NA,NA,22.9445499060642,20.2232594619962,25.4398469428861,5.21658748088988
1654,"Lion Reef (18-119)",2014,30.10684,"Reefmod",NA,NA,59.8163485000731,47.7081180369619,67.9052298520821,20.1971118151202
1655,"Jaguar Reef (18-120)",2022,47.5,"Manta",NA,NA,57.3319362085831,52.0766696831515,61.7736140574087,9.69694437425723
1656,"Hall Reef (North) (18-121a)",2014,11.60258,"Reefmod",NA,NA,63.2681486651537,59.9234782943652,69.5988448240551,9.67536652968991
1657,"Hall Reef (South) (18-121b)",2014,23.8385,"Reefmod",NA,NA,62.4276789332223,56.9412699037723,68.6808687530245,11.7395988492523
1658,"U/N Reef (18-122)",2014,29.04108,"Reefmod",NA,NA,62.0636597509951,49.9347205480014,73.250951162984,23.3162306149826
1659,"U/N Reef (18-123)",2014,29.505,"Reefmod",NA,NA,62.116173563206,54.5129407099531,68.8395955756093,14.3266548656562
1660,"U/N Reef (18-124)",2014,21.90446,"Reefmod",NA,NA,50.9343369981572,36.9236091317424,62.6343608338549,25.7107517021125
1661,"Gould Reef (No 1) (19-072a)",2023,23.6,"RJFMP",NA,NA,41.3906446289528,36.0028420324855,47.3952005269896,11.3923584945042
1662,"Gould Reef (No 2) (19-072b)",2023,45.5,"RJFMP",NA,NA,54.4314762130327,48.4846089088538,60.0903436043858,11.605734695532
1663,"Gould Reef (No 3) (19-072c)",2014,20.77756,"Reefmod",NA,NA,64.9288520164603,58.919124549922,71.6016288597629,12.6825043098408
1664,"Gould Reef (No 4)",2020,0,"Census",-19.498,148.7849,21.9949062136635,15.7157788467407,27.6442840272676,11.9285051805268
1665,"Slate Reef (19-159)",2023,61.48,"Manta",NA,NA,62.4743416799261,59.6105130849621,67.4259940372742,7.81548095231214
1666,"U/N Reef (19-160)",2014,11.84989,"Reefmod",NA,NA,57.701842418568,49.1843732324911,67.4739830276571,18.289609795166
1667,"U/N Reef (19-161)",2014,19.64928,"Reefmod",NA,NA,64.1263824490065,58.2139937183872,70.8152859746438,12.6012922562567
1668,"U/N Reef (19-162)",2014,19.39762,"Reefmod",NA,NA,62.1614227709518,53.1615525031829,71.0939674224231,17.9324149192402
1669,"U/N Reef (19-163)",2014,20.57422,"Reefmod",NA,NA,66.334589993638,62.9571908699404,75.676682459866,12.7194915899256
1670,"U/N Reef (19-164)",2014,20.0099,"Reefmod",NA,NA,62.3869496254691,54.9209885850354,68.2865712264416,13.3655826414062
1671,"Rib Reef (18-032)",2023,21.694,"Manta",NA,NA,39.9492419311865,34.868784950174,44.9557445929048,10.0869596427308
1672,"Pith Reef",2024,22.78698949,"Census",-18.2089,147.0161,29.5118330366097,24.5811350762478,35.4337559107784,10.8526208345306
1673,"Myrmidon Reef (18-034)",2023,39.0166666666667,"AIMS Transect",NA,NA,39.506504933316,30.4591533551433,46.6277720896909,16.1686187345476
1674,"Thread Shoal (18-035)",2014,22.37759,"Reefmod",NA,NA,58.0321110812989,52.5209836459076,62.4827246770476,9.96174103114
1675,"Urchin Shoal (18-036)",2014,21.94529,"Reefmod",NA,NA,62.5056115852514,53.9772750538993,71.7690407401095,17.7917656862102
1676,"U/N Reef (18-125)",2014,35.12071,"Reefmod",NA,NA,65.9747727227689,58.1632626530688,73.1738760016951,15.0106133486263
1677,"U/N Reef (18-126)",2014,30.46054,"Reefmod",NA,NA,63.5466046873952,56.0451466255171,70.9527930427755,14.9076464172583
1678,"U/N Reef (18-127)",2014,33.57843,"Reefmod",NA,NA,63.8596298247566,59.7990885883823,69.2462177813698,9.44712919298757
1679,"U/N Reef (18-128)",2014,24.67769,"Reefmod",NA,NA,51.823957325088,43.4939528446533,59.7102675753875,16.2163147307342
1680,"U/N Reef (18-129)",2014,19.45957,"Reefmod",NA,NA,48.5408820982614,43.2544537509675,56.016184248128,12.7617304971604
1681,"U/N Reef (18-130)",2014,31.25005,"Reefmod",NA,NA,60.5415696535184,49.9218724639885,68.3165897853247,18.3947173213362
1682,"U/N Reef (18-131)",2014,32.82251,"Reefmod",NA,NA,55.2726431737881,47.7813302586026,63.4490291583461,15.6676988997435
1683,"U/N Reef (18-132)",2014,28.5089,"Reefmod",NA,NA,62.8392784856314,54.3606409270998,69.3058780644248,14.945237137325
1684,"U/N Reef (18-133)",2014,29.58795,"Reefmod",NA,NA,63.0561850410011,53.6839586993673,73.2009595946692,19.5170008953019
1685,"U/N Reef (18-134)",2014,29.55258,"Reefmod",NA,NA,59.6998771183372,54.091056716548,64.4086243482061,10.3175676316581
1686,"Gould Reef (No 5)",2020,4,"Census",-19.4531,148.7893,35.0771759612579,23.0242972566858,45.287993022848,22.2636957661622
1687,"U/N Reef (19-073)",2014,15.68025,"Reefmod",NA,NA,61.5262173768075,54.9868615064635,68.1672726422546,13.1804111357911
1688,"Cobham Reef (North) (19-074a)",2023,23,"RJFMP",NA,NA,29.0787996881382,27.779623128373,30.4699730290805,2.69034990070754
1689,"Cobham Reef (South)",2020,6,"Census",-19.4357,148.8544,46.2467346886219,37.6743014024422,55.1891711763237,17.5148697738815
1690,"U/N Reef (19-165)",2014,18.22264,"Reefmod",NA,NA,55.737030482031,42.7499642840409,66.0873722882865,23.3374080042455
1691,"U/N Reef (19-166)",2014,18.60771,"Reefmod",NA,NA,57.0151194989747,47.2318045048457,70.3616774038759,23.1298728990301
1692,"Thatch Reef (19-167)",2014,9.271645,"Reefmod",NA,NA,54.9985864733094,43.436756461405,63.2245361381737,19.7877796767687
1693,"U/N Reef (19-168)",2014,20.20643,"Reefmod",NA,NA,67.5589340647173,63.7548106011264,71.9684697822962,8.21365918116976
1694,"U/N Reef (19-169)",2014,22.19135,"Reefmod",NA,NA,64.2040727872061,57.1652292365995,72.2264678768352,15.0612386402357
1695,"U/N Reef (19-170)",2014,20.06286,"Reefmod",NA,NA,60.5515900436249,55.7607624372499,66.3009749849198,10.5402125476698
1696,"U/N Reef (19-171)",2014,23.25697,"Reefmod",NA,NA,67.0162104892971,61.6372498441929,70.4891626030929,8.85191275889999
1697,"U/N Reef (19-172)",2014,22.3207,"Reefmod",NA,NA,65.1625517925162,60.4784709840561,69.3497897307934,8.87131874673734
1698,"Needle Reef (18-037)",2014,25.473,"Reefmod",NA,NA,60.2183401228059,53.6839027591699,67.9041433239303,14.2202405647604
1699,"Thimble Shoal (18-038)",2014,19.67814,"Reefmod",NA,NA,49.6017537070711,34.8464670357342,64.9806323176065,30.1341652818723
1700,"Dip Reef (18-039)",2023,33.011,"Manta",NA,NA,41.8627410941082,37.2828332977083,46.3811177317135,9.09828443400518
1701,"Arab Reef (18-040)",2023,20.7,"COTS",NA,NA,35.0272523281124,28.9658685018062,40.0344732261236,11.0686047243174
1702,"Faraday Reef",2024,6.198101589,"Census",-18.4223,147.3492,11.424756867313,9.26824186142549,13.2397253341136,3.97148347268814
1703,"Roxburgh Reef (18-042)",2023,31.65,"Manta",NA,NA,42.2649284133034,36.0370514256252,49.5732919025086,13.5362404768835
1704,"Fore And Aft Reef (18-043)",2018,25.991,"Manta",NA,NA,59.787872950301,53.4457328466482,65.5588889838352,12.1131561371871
1705,"U/N Reef (18-135)",2014,28.90054,"Reefmod",NA,NA,70.0907334908399,65.8303938783407,74.8934788347185,9.06308495637782
1706,"U/N Reef (18-136)",2014,29.24573,"Reefmod",NA,NA,64.9291875970889,53.4488430931936,73.3137904862387,19.864947393045
1707,"U/N Reef (18-137)",2014,31.85353,"Reefmod",NA,NA,62.5788661241597,57.7634684825159,69.0569928504658,11.29352436795
1708,"U/N Reef (18-138)",2014,18.04775,"Reefmod",NA,NA,60.882648926421,54.3952565293951,68.6918239711282,14.2965674417331
1709,"U/N Reef (18-139)",2014,23.61526,"Reefmod",NA,NA,61.6842739035717,54.545040515687,68.8406051849624,14.2955646692754
1710,"U/N Reef (18-800)",2014,30.37353,"Reefmod",NA,NA,36.497739835704,28.1449049398099,46.0627963083997,17.9178913685897
1711,"Bramble Rock Reef (19-001)",2014,18.42752,"Reefmod",NA,NA,57.3650344667938,51.2353218641632,65.5391464384092,14.303824574246
1712,"Martin Reef",2022,13,"Census",-19.4805,148.8241,26.4332359257919,22.740038753213,28.3881916011655,5.64815284795251
1713,"Showers Reef (19-076)",2023,15,"RJFMP",NA,NA,20.7298991037583,18.1749120904478,22.7446917799314,4.56977968948358
1714,"U/N Reef",2021,6,"Census",-19.2047,149.0201,34.2721968582365,26.8823571669925,41.7517476997189,14.8693905327264
1715,"U/N Reef",2021,18,"Census",-19.2267,149.0943,48.1127092469017,36.80972591453,54.9309718383663,18.1212459238363
1716,"U/N Reef (19-079)",2014,29.30997,"Reefmod",NA,NA,63.2104675893211,59.6296621458894,67.7773412758508,8.14767912996144
1717,"U/N Reef (19-080)",2014,24.77983,"Reefmod",NA,NA,61.053106438608,54.1797808515677,67.4271627923302,13.2473819407625
1718,"U/N Reef (19-173)",2014,19.94317,"Reefmod",NA,NA,66.7040154772021,58.1277423874167,74.187915541724,16.0601731543073
1719,"U/N Reef (19-174)",2014,19.7586,"Reefmod",NA,NA,55.6130122565196,44.9092791116409,66.4842852398999,21.575006128259
1720,"U/N Reef (19-175)",2014,18.2708,"Reefmod",NA,NA,60.0627063837682,52.5995921125469,70.5308550737113,17.9312629611644
1721,"U/N Reef (19-176)",2014,12.56498,"Reefmod",NA,NA,58.8077175240218,46.3968284107356,69.4440113348175,23.0471829240819
1722,"Crab Reef (19-177)",2014,20.15995,"Reefmod",NA,NA,63.9987787355488,58.7126629416222,67.6242840798508,8.91162113822867
1723,"U/N Reef (19-178)",2014,16.90844,"Reefmod",NA,NA,56.3534010172997,45.5430972551008,64.8022713235016,19.2591740684008
1724,"Howse Reef (19-179)",2014,21.61462,"Reefmod",NA,NA,62.7353342024546,55.5455950831988,70.506359573109,14.9607644899101
1725,"Westmoreland Reef (18-044)",2014,31.20344,"Reefmod",NA,NA,67.326266810245,63.4663845847609,70.5338093135934,7.06742472883252
1726,"Cotton Shoal (18-045)",2014,28.18584,"Reefmod",NA,NA,52.888701431688,43.6936863852104,67.1206419106763,23.4269555254659
1727,"Coil Reef",2024,25.93546658,"Census",-18.4349,147.5224,30.5175103330136,25.3851041015485,35.9809327272287,10.5958286256802
1728,"Pelorus (North Palm or Yanooa) Reef (18-048)",2023,12.5,"COTS",NA,NA,25.4765384073477,21.5785399211002,30.2787635292242,8.70022360812397
1729,"Orpheus (Goolboddi) Island Reef (No 1)",2020,23,"Census",-18.6021,146.4875,53.8822084533745,46.7836556055139,59.0089961588088,12.2253405532949
1730,"Herald Island Reef (19-002)",2014,29.90754,"Reefmod",NA,NA,48.8939501328903,42.6394386591954,61.6087901086395,18.9693514494441
1731,"Rattlesnake Island Reef (19-003)",2014,28.83971,"Reefmod",NA,NA,42.5528512986936,20.2628902547764,57.4934894026908,37.2305991479144
1732,"Lorne Reef (19-004)",2014,14.03882,"Reefmod",NA,NA,38.3031436170067,26.6408863893281,52.1687966423699,25.5279102530418
1733,"Paluma Shoals (19-005)",2014,22.93141,"Reefmod",NA,NA,30.3941035627671,21.0136298046357,37.0537310841854,16.0401012795497
1734,"Orchard Rocks Reef (19-006)",2014,11.7959,"Reefmod",NA,NA,58.5726130775477,49.7307756251116,66.0961497223824,16.3653740972709
1735,"Ellen Reef (19-081)",2014,26.24696,"Reefmod",NA,NA,59.4477451532837,56.2609132958132,63.528011339016,7.26709804320285
1736,"Elizabeth Reef (19-082)",2024,27.8,"RJFMP",NA,NA,30.1636955256515,29.0360591732765,31.7932319696216,2.75717279634511
1737,"U/N Reef (19-083)",2014,28.56746,"Reefmod",NA,NA,63.0782457374336,59.474839392368,66.9545266090038,7.47968721663585
1738,"U/N Reef (19-084)",2014,29.10382,"Reefmod",NA,NA,58.8766073498106,47.4816747063342,67.3147427818782,19.833068075544
1739,"U/N Reef (19-085)",2014,26.77415,"Reefmod",NA,NA,67.3155007887228,62.3198230686558,73.4124352423939,11.0926121737382
1740,"U/N Reef (19-086)",2014,26.15494,"Reefmod",NA,NA,62.749038507476,59.5482387946187,70.2837531442832,10.7355143496645
1741,"U/N Reef (19-087)",2014,27.73314,"Reefmod",NA,NA,64.812998041639,57.2788241828501,70.9954409294989,13.7166167466488
1742,"U/N Reef (19-088)",2014,30.56835,"Reefmod",NA,NA,67.9267367947038,62.6313162055287,72.156264769678,9.52494856414931
1743,"U/N Reef (19-089)",2014,30.45052,"Reefmod",NA,NA,67.8394731599994,64.5002462746184,72.115218372134,7.6149720975156
1744,"Gargoyle Reef (19-180)",2014,21.47004,"Reefmod",NA,NA,65.0417247891029,60.8124216430316,68.1778968196796,7.36547517664803
1745,"U/N Reef (19-181)",2014,20.82964,"Reefmod",NA,NA,64.558545709013,56.2754908620249,71.646661829338,15.3711709673131
1746,"U/N Reef (19-182)",2014,21.22171,"Reefmod",NA,NA,59.8800651271612,53.5959425812741,66.685557886449,13.0896153051749
1747,"U/N Reef (19-183)",2014,15.87365,"Reefmod",NA,NA,60.1045410274749,57.8273770158303,66.6880230496509,8.86064603382064
1748,"U/N Reef (19-184)",2014,22.40872,"Reefmod",NA,NA,63.2601199305736,56.1796173505107,68.6063424431625,12.4267250926519
1749,"U/N Reef (19-185)",2014,14.88856,"Reefmod",NA,NA,65.3562326151468,60.9460940133266,71.6275718825152,10.6814778691885
1750,"U/N Reef (19-186)",2014,20.9299,"Reefmod",NA,NA,61.6513744136888,54.4163031187873,70.5792128134711,16.1629096946838
1751,"Hewitt Reef (19-187)",2014,22.31633,"Reefmod",NA,NA,66.2538369044361,60.0261823352059,75.9086977784116,15.8825154432058
1752,"U/N Reef (19-188)",2014,20.27947,"Reefmod",NA,NA,58.4009249592798,53.373928744755,71.767221239657,18.393292494902
1753,"Orpheus (Goolboddi) Island Reef (No 2) (18-049b)",2014,34.45367,"Reefmod",NA,NA,66.1649754702546,61.0449309662236,71.9375364356269,10.8926054694032
1754,"Orpheus (Goolboddi) Island Reef (No 3) (18-049c)",2014,33.14639,"Reefmod",NA,NA,59.5125840273602,55.1333361843433,64.6508178326692,9.51748164832585
1755,"Orpheus (Goolboddi) Island Reef (No 4) (18-049d)",2014,34.23555,"Reefmod",NA,NA,60.6806173143368,56.7015028179758,65.1915757547824,8.49007293680656
1756,"Orpheus (Goolboddi) Island Reef (No 5) (18-049e)",2023,41.125,"MMP",NA,NA,52.2866472965959,48.4563770015286,56.0305298436856,7.57415284215708
1757,"Lady Elliot Reef (18-050)",2023,39.59,"MMP",NA,NA,53.5608046677829,46.2768997545785,60.3857280047897,14.1088282502112
1758,"Pandora Reef (18-051)",2023,50.5,"AIMS Transect",NA,NA,57.0505191846546,54.8993281441556,60.7080385190946,5.80871037493897
1759,"Curacoa (Noogoo) Reef (No 1) (18-052a)",2014,34.25119,"Reefmod",NA,NA,63.4445692217354,60.3636946697809,68.8134814058796,8.44978673609876
1760,"Cockle Bay Reef (19-009a)",2014,28.09573,"Reefmod",NA,NA,51.6827743017682,47.9294076851252,58.2866400921095,10.3572324069843
1761,"Magnetic Island Reef (No 1)",2020,5,"Census",-19.1664,146.8504,22.6205666327849,16.4158033127282,28.4111003361382,11.99529702341
1762,"Magnetic Island Reef (No 2) (19-009c)",2023,29.475,"MMP",NA,NA,37.9047614485013,30.8870560332379,48.0809912537565,17.1939352205186
1763,"Magnetic Island Reef (No 3) (19-009d)",2014,27.45091,"Reefmod",NA,NA,53.0681476762814,43.805759573609,59.5807785079706,15.7750189343617
1764,"Magnetic Island Reef (No 4) (19-009e)",2014,19.72837,"Reefmod",NA,NA,56.2140838634424,48.0745278009371,67.1188843384687,19.0443565375315
1765,"Magnetic Island Reef (No 5) (19-009f)",2014,28.08508,"Reefmod",NA,NA,51.8222169297286,39.2878613545243,62.6660478822373,23.378186527713
1766,"U/N Reef (19-090)",2014,24.95341,"Reefmod",NA,NA,66.7561398155173,60.6990620303282,71.9650539120617,11.2659918817335
1767,"Eulalie Reef (19-091)",2014,25.6063,"Reefmod",NA,NA,51.7729033535677,40.9649526168783,67.0901024098603,26.125149792982
1768,"U/N Reef (19-092)",2014,27.32217,"Reefmod",NA,NA,69.3020763474554,66.2906297542934,73.4488523716315,7.15822261733808
1769,"U/N Reef (19-093)",2014,24.25213,"Reefmod",NA,NA,66.8355879241478,61.7644293168421,71.4667776860554,9.70234836921337
1770,"U/N Reef (19-094)",2014,28.50654,"Reefmod",NA,NA,55.4220192143563,48.4358525070113,64.9210341992223,16.485181692211
1771,"U/N Reef (19-095)",2014,22.14289,"Reefmod",NA,NA,64.1254172630995,59.3644851691411,71.4708317083698,12.1063465392287
1772,"U/N Reef (19-189)",2014,20.44424,"Reefmod",NA,NA,63.6404952330944,57.1797448571565,69.8227021221415,12.642957264985
1773,"U/N Reef (19-190)",2014,21.13607,"Reefmod",NA,NA,59.5225358875558,53.0397601748918,65.0688880670401,12.0291278921484
1774,"U/N Reef (19-191)",2014,20.61988,"Reefmod",NA,NA,62.6960362290986,52.1204529791868,71.7985126373332,19.6780596581464
1775,"U/N Reef (19-192)",2014,24.65744,"Reefmod",NA,NA,59.8529322876631,56.5946463274178,68.4691002960321,11.8744539686143
1776,"U/N Reef (19-193)",2014,18.51055,"Reefmod",NA,NA,59.9316856638696,49.9431480992765,69.5050080731597,19.5618599738831
1777,"Curacoa (Noogoo) Reef (No 2) (18-052b)",2014,32.47224,"Reefmod",NA,NA,61.8997108569222,48.7204615938246,69.9175565899185,21.1970949960939
1778,"Fantome (Eumilli) Island Reef (18-053)",2014,27.64751,"Reefmod",NA,NA,62.711849122823,56.8066080447256,69.9620326555001,13.1554246107744
1779,"Great Palm Island Reef (No 1) (18-054a)",2014,32.76368,"Reefmod",NA,NA,59.2761258294694,52.3605548481796,67.5031417464144,15.1425868982348
1780,"Magnetic Island Reef (No 6) (19-009g)",2014,12.56252,"Reefmod",NA,NA,54.9875878235574,44.8599136611038,63.5893564105379,18.7294427494341
1781,"Magnetic Island Reef (No 7) (19-009h)",2014,26.92782,"Reefmod",NA,NA,56.2398170700805,52.098800519998,61.475344068213,9.37654354821501
1782,"Magnetic Island Reef (No 8) (19-009j)",2014,26.16399,"Reefmod",NA,NA,39.1304051953501,22.1821938713404,52.4086564452632,30.2264625739229
1783,"U/N Reef (19-010)",2014,29.88733,"Reefmod",NA,NA,52.4405883334476,44.271840191066,61.0268304713687,16.7549902803028
1784,"Middle Reef (19-011)",2014,34.53595,"Reefmod",NA,NA,52.0979982297735,40.9584554249243,61.5964701942879,20.6380147693637
1785,"Virago Shoal (19-012)",2014,26.86022,"Reefmod",NA,NA,44.5557362870208,32.1168137162833,55.4875099109976,23.3706961947143
1786,"Salamander Reef (19-013)",2014,24.65644,"Reefmod",NA,NA,59.9428766664969,52.7895979714761,67.1336318487992,14.344033877323
1787,"Kennedy Reef",2021,19,"Census",-19.4516,149.1563,52.2496121915078,40.1784312027716,63.1267568612782,22.9483256585066
1788,"Net Reef (19-097)",2014,21.10575,"Reefmod",NA,NA,65.1553873716388,57.9015672046829,72.8032395030387,14.9016722983558
1789,"U/N Reef (19-194)",2014,20.16508,"Reefmod",NA,NA,64.0457865008544,58.9272289517909,69.9613227099302,11.0340937581393
1790,"Napier Reef (19-195)",2025,35.7,"RJFMP",NA,NA,35.7,35.7,35.7,0
1791,"U/N Reef (19-196)",2014,22.04876,"Reefmod",NA,NA,59.8293627891094,53.3349850268956,68.6459479825485,15.3109629556529
1792,"Ross Reef",2024,10.28173072,"Census",-19.8727,149.5813,11.3097319587603,10.395040679967,12.2301909638839,1.83515028391689
1793,"U/N Reef (19-198)",2014,21.66291,"Reefmod",NA,NA,64.7180705238027,59.1537443513552,72.8914394566852,13.7376951053301
1794,"U/N Reef (19-199)",2014,16.23829,"Reefmod",NA,NA,62.6116010878059,56.3135697916837,67.8667205502411,11.5531507585574
1795,"Great Palm Island Reef (No 2) (18-054b)",2014,35.52876,"Reefmod",NA,NA,65.9568204589834,61.4636276994725,72.8269423352946,11.3633146358221
1796,"Great Palm Island Reef (No 3) (18-054c)",2014,25.60575,"Reefmod",NA,NA,61.5069907106081,57.3473473473465,66.0909761180307,8.74362877068424
1797,"Great Palm Island Reef (No 4) (18-054d)",2014,27.13139,"Reefmod",NA,NA,61.6587531215538,57.2072886750142,67.0696480702719,9.8623593952577
1798,"Great Palm Island Reef (No 5) (18-054e)",2014,27.96461,"Reefmod",NA,NA,65.0443239267556,59.0747240264938,71.1489219980801,12.0741979715863
1799,"Great Palm Island Reef (No 6) (18-054f)",2014,33.03383,"Reefmod",NA,NA,61.7644037169463,58.1206205261523,65.6594365990923,7.53881607293997
1800,"Great Palm Island Reef (No 7) (18-054g)",2014,36.36944,"Reefmod",NA,NA,66.5800690373546,62.5150948943771,69.6620365668839,7.14694167250682
1801,"Bray Reef (19-016)",2014,13.08502,"Reefmod",NA,NA,54.3676410748768,42.1964554678571,64.3239424392093,22.1274869713521
1802,"Bald Reef (19-018)",2014,34.21057,"Reefmod",NA,NA,51.5067700671016,34.1412094246451,66.4085353044007,32.2673258797555
1803,"Bowden Reef (19-019)",2025,11.8,"COTS",NA,NA,11.8,11.8,11.8,0
1804,"Morinda Shoal (19-020)",2014,29.56763,"Reefmod",NA,NA,61.0916302055636,54.7157509436321,69.569422045208,14.8536711015759
1805,"Tink Shoal (19-021)",2014,18.19543,"Reefmod",NA,NA,63.4768379250987,58.6461899079396,69.0994941826598,10.4533042747202
1806,"Wilson Shoal (19-022)",2014,35.32253,"Reefmod",NA,NA,64.5097498657798,59.6316064181042,70.0125413567441,10.38093493864
1807,"Wansfell Reef (19-098)",2021,25.078,"Manta",NA,NA,59.9316739943176,56.1183836678582,66.1870814793168,10.0686978114586
1808,"Joist Reef (19-099)",2014,19.80391,"Reefmod",NA,NA,57.9141602212719,45.6484712013351,68.9554201944451,23.30694899311
1809,"U/N Reef (19-101)",2014,20.99233,"Reefmod",NA,NA,56.8126534129264,49.582845372434,63.7680857449804,14.1852403725464
1810,"Camp Reef (19-102)",2014,19.53011,"Reefmod",NA,NA,44.047064486204,26.3853997357967,60.6122140673959,34.2268143315992
1811,"point",2025,16.16132196,"Census",-19.725,148.3573,16.16132196,16.16132196,16.16132196,0
1812,"U/N Reef (19-200)",2014,18.55002,"Reefmod",NA,NA,63.7899414371002,56.4616691377867,72.79450422946,16.3328350916733
1813,"U/N Reef (19-201)",2014,25.84147,"Reefmod",NA,NA,63.927200530965,56.8181272622887,68.1582819591603,11.3401546968716
1814,"U/N Reef (19-202)",2014,16.65652,"Reefmod",NA,NA,64.1913502323594,58.0449639402114,72.9436666879926,14.8987027477812
1815,"U/N Reef (19-203)",2014,16.99025,"Reefmod",NA,NA,66.7605326984212,59.8206430009904,71.267547824168,11.4469048231775
1816,"Round Reef",2022,11,"Census",-19.9652,149.6239,25.6872583473037,18.7942599482064,32.9751205627274,14.180860614521
1817,"Eclipse (Garoogubbee) Reef (18-058)",2014,37.72822,"Reefmod",NA,NA,61.3759967360093,57.8242868752299,68.1561559362198,10.3318690609899
1818,"Esk (Soopun) Reef (18-059)",2014,33.21977,"Reefmod",NA,NA,60.9772536638686,50.9264634859512,68.2688617132899,17.3423982273388
1819,"Barber (Boodthean) Reef (18-061)",2014,29.39145,"Reefmod",NA,NA,56.1173472538909,47.2592143610846,63.2799685361151,16.0207541750305
1820,"point",2025,22.76452007,"Census",-18.7773,146.5354,22.76452007,22.76452007,22.76452007,0
1821,"Fly Island Reef (18-064)",2014,29.52745,"Reefmod",NA,NA,61.7375692606161,57.4351486908626,67.8377728290904,10.4026241382278
1822,"Pakhoi Bank (19-023)",2014,18.36709,"Reefmod",NA,NA,63.7664472915113,57.2727871419608,70.8813038430282,13.6085167010674
1823,"Prawn Reef (19-024)",2024,20.2,"RJFMP",NA,NA,27.8376043973877,24.0025301989483,31.0559852931767,7.05345509422839
1824,"Castor Reef (19-025)",2023,28.3,"COTS",NA,NA,47.1919235639627,42.925648379384,50.7692805249849,7.84363214560093
1825,"U/N Reef (19-026)",2014,31.54889,"Reefmod",NA,NA,65.7624651470942,58.6975283547384,74.7416108893651,16.0440825346268
1826,"Pollux Reef (19-027)",2014,35.65267,"Reefmod",NA,NA,64.4757615266138,56.1060572537745,69.2472238627446,13.1411666089701
1827,"Shell Reef (19-028)",2024,35.5,"RJFMP",NA,NA,45.1984163889415,41.7180103286073,49.0141438014988,7.29613347289159
1828,"Mid Reef (19-029)",2024,30.1,"RJFMP",NA,NA,36.9322982072624,31.4622249904727,41.7490266486395,10.2868016581668
1829,"Holbourne Island Reef (No 2) (19-103b)",2014,25.58175,"Reefmod",NA,NA,64.758607948502,57.162362429398,71.5459724221105,14.3836099927125
1830,"Middle Island Reef (19-106)",2014,18.5071,"Reefmod",NA,NA,58.6224353760839,54.662200235288,64.9850993158233,10.3228990805353
1831,"Tideway Reef (No 1) (19-205a)",2014,20.64492,"Reefmod",NA,NA,59.362132868381,50.717341887887,64.4274154283911,13.7100735405041
1832,"Tideway Reef (No 2) (19-205b)",2014,16.89434,"Reefmod",NA,NA,64.203421028952,62.564405905965,71.3277978820386,8.76339197607361
1833,"Tideway Reef (No 3) (19-205c)",2014,19.31882,"Reefmod",NA,NA,59.7528708993445,48.0157388710287,69.2308211395059,21.2150822684772
1834,"U/N Reef (19-206)",2014,8.714323,"Reefmod",NA,NA,53.9531688592571,43.0791596111989,63.8216345679391,20.7424749567402
1835,"Havannah Reef (18-065)",2023,18.74,"AIMS Transect",NA,NA,36.8211828797402,33.8318700070524,38.9317863038113,5.09991629675882
1836,"Acheron Reef (18-066)",2014,29.19475,"Reefmod",NA,NA,53.8075270009103,38.4347104030939,66.1832268655831,27.7485164624891
1837,"Phillips Reef (18-067)",2014,14.92649,"Reefmod",NA,NA,54.020334637049,41.4515124647661,61.778170729131,20.3266582643649
1838,"Cordelia Rocks Reef (18-068)",2014,29.91907,"Reefmod",NA,NA,59.0507897369749,50.5738864046475,67.1293576893982,16.5554712847507
1839,"Backnumbers Reef (18-069a)",2025,10.6,"COTS",NA,NA,10.6,10.6,10.6,0
1840,"Braggs Reef",2025,19.99811519,"Census",-18.5473,147.1398,19.99811519,19.99811519,19.99811519,0
1841,"U/N Reef (19-030)",2014,31.33057,"Reefmod",NA,NA,65.2154727346687,60.2118698779527,71.2613403813102,11.0494705033575
1842,"Crotan Reef",2025,21.44239512,"Census",-19.0774,148.2311,21.44239512,21.44239512,21.44239512,0
1843,"U/N Reef (19-032)",2014,35.55009,"Reefmod",NA,NA,62.7602103205995,57.8713645143746,66.1542681166611,8.28290360228654
1844,"U/N Reef (19-033)",2014,36.93523,"Reefmod",NA,NA,65.929131691344,61.533773973926,71.6760144615086,10.1422404875825
1845,"Tabias Reef (19-034)",2014,37.54272,"Reefmod",NA,NA,63.3750236772179,54.3604175149424,71.0869538303925,16.7265363154501
1846,"U/N Reef (19-035)",2014,30.00225,"Reefmod",NA,NA,63.6835778896827,50.4363062545826,73.1996442342275,22.7633379796449
1847,"U/N Reef (19-036)",2014,32.70114,"Reefmod",NA,NA,66.2783787966363,62.9829118310234,70.6489433418527,7.66603151082933
1848,"U/N Reef (19-037)",2014,41.09077,"Reefmod",NA,NA,65.4395077596243,59.4301479801997,71.6766472923141,12.2464993121144
1849,"Dingo Reef (No 1) (19-038a)",2014,30.61088,"Reefmod",NA,NA,64.8474219764689,58.1186647247958,70.5023540807867,12.3836893559909
1850,"Seagull Reef (19-107)",2025,33,"RJFMP",NA,NA,33,33,33,0
1851,"U/N Reef (19-108)",2014,23.22192,"Reefmod",NA,NA,62.1508576672802,52.3355914094394,71.6757433642693,19.3401519548298
1852,"Fairey Reef (No 1) (19-109a)",2025,15.9,"RJFMP",NA,NA,15.9,15.9,15.9,0
1853,"Fairey Reef (No 2) (19-109b)",2014,22.44253,"Reefmod",NA,NA,63.4969620102883,58.6280947132665,68.854996059114,10.2269013458475
1854,"Hyde Reef (19-207)",2023,53.075,"Manta",NA,NA,55.5425645787856,51.5601176947416,62.3807466342596,10.820628939518
1855,"U/N Reef (19-208)",2014,10.70985,"Reefmod",NA,NA,53.9445913992213,41.1476333610504,63.9221316823293,22.7744983212789
1856,"Rebe Reef (19-209)",2023,59.291,"Manta",NA,NA,49.6781990843185,44.6316275897014,56.4424452143649,11.8108176246635
1857,"U/N Reef (19-210)",2014,10.83843,"Reefmod",NA,NA,51.1325159044016,43.0449654852857,59.9835488011555,16.9385833158697
1858,"Arc Reef (18-070)",2014,27.83602,"Reefmod",NA,NA,63.3213810402042,56.7432592691211,68.1826206305398,11.4393613614187
1859,"Glow Reef",2025,13.40297286,"Census",-18.5281,147.4026,13.40297286,13.40297286,13.40297286,0
1860,"French Reef (18-072)",2014,19.7356,"Reefmod",NA,NA,65.3920733528572,60.5045575238691,69.4981946753787,8.99363715150959
1861,"Hopkinson Reef (18-073)",2025,17.9,"COTS",NA,NA,17.9,17.9,17.9,0
1862,"Yankee Reef (18-074)",2014,27.91346,"Reefmod",NA,NA,61.742356219811,54.9039904084652,66.9678680525979,12.0638776441326
1863,"John Brewer Reef (18-075)",2023,10.2833333333333,"AIMS Transect",NA,NA,23.029428249808,19.2257878667116,28.2771659616601,9.05137809494848
1864,"Helix Reef (18-076)",2023,53.603,"Manta",NA,NA,59.1937712220073,57.0182243863138,63.5768413193739,6.55861693306012
1865,"Grub Reef",2025,20.08340127,"Census",-18.6255,147.426,20.08340127,20.08340127,20.08340127,0
1866,"Dingo Reef (No 2) (19-038b)",2014,25.79905,"Reefmod",NA,NA,65.5622953421488,59.1815707363097,71.3528586110184,12.1712878747087
1867,"Dingo Reef (No 3)",2025,16.47199621,"Census",-19.1453,148.2958,16.47199621,16.47199621,16.47199621,0
1868,"Dingo Reef (No 4)",2025,11.54337121,"Census",-19.1113,148.3448,11.54337121,11.54337121,11.54337121,0
1869,"Dingo Reef (No 5)",2025,20.19013755,"Census",-19.1205,148.3848,20.19013755,20.19013755,20.19013755,0
1870,"Fairey Reef (No 3) (19-109c)",2014,18.38361,"Reefmod",NA,NA,63.6312413696308,54.1267764376668,70.5904614638621,16.4636850261953
1871,"Rattray Reef (19-110)",2014,20.43625,"Reefmod",NA,NA,46.4619332995492,33.7630651964108,59.1398338668964,25.3767686704856
1872,"U/N Reef (19-111)",2014,18.27296,"Reefmod",NA,NA,64.297171178536,59.765504316717,67.5237441717548,7.75823985503779
1873,"U/N Reef (19-112)",2014,24.05061,"Reefmod",NA,NA,62.9528008995034,56.2471561409681,67.4072628624154,11.1601067214473
1874,"U/N Reef (19-113)",2014,25.5449,"Reefmod",NA,NA,68.8830019304937,63.5157305815771,76.0419210579076,12.5261904763305
1875,"Wackett Reef (19-211)",2025,27.4,"RJFMP",NA,NA,27.4,27.4,27.4,0
1876,"Oom Reef (19-212)",2014,8.374348,"Reefmod",NA,NA,62.3195850628104,58.0938748894996,68.6792949529546,10.585420063455
1877,"U/N Reef (19-213)",2014,10.7729,"Reefmod",NA,NA,54.7401758284131,47.1746126690634,63.2042322777642,16.0296196087007
1878,"Wyatt Earp Reef (19-214)",2014,6.445989,"Reefmod",NA,NA,54.6951189266093,43.5302364008053,64.5164659041499,20.9862295033446
1879,"Sharon Shoal (No 1) (19-215a)",2014,10.8099,"Reefmod",NA,NA,58.6620123924744,53.8096959217438,63.8143370837341,10.0046411619904
1880,"Sharon Shoal (No 2) (19-215b)",2014,11.66241,"Reefmod",NA,NA,59.2444254384539,54.0427496126145,65.378745992145,11.3359963795304
1881,"Sharon Shoal (No 3) (19-215c)",2014,10.66683,"Reefmod",NA,NA,58.5035436997991,50.5397395894853,66.2746857855822,15.7349461960969
1882,"Lodestone Reef (18-078)",2024,6.9,"COTS",NA,NA,11.4542585395199,10.2831823344368,13.3062053915624,3.02302305712555
1883,"Keeper Reef",2025,14.18641137,"Census",-18.7461,147.2683,14.18641137,14.18641137,14.18641137,0
1884,"Bowl Reef",2024,23.62217613,"Census",-18.4994,147.5389,27.1706082862202,21.4042023202925,31.6518837693142,10.2476814490217
1885,"Knife Reef (18-081)",2022,48.911,"Manta",NA,NA,59.0870489711302,54.0861737193022,63.6258366165336,9.53966289723143
1886,"Cowboys Reef (18-082)",2014,20.5243,"Reefmod",NA,NA,53.1930497861812,45.570558963859,65.95747083144,20.386911867581
1887,"Fork Reef (18-083)",2024,15.9,"COTS",NA,NA,23.0567600004107,21.6285492832374,26.3201527438242,4.69160346058682
1888,"Dingo Reef (No 6) (19-038f)",2014,27.19008,"Reefmod",NA,NA,62.9044947776422,59.9064945745224,67.5548079544383,7.64831337991585
1889,"U/N Reef",2022,8,"Census",-19.1219,148.1886,19.1600379822379,17.5276552932362,21.6929373044536,4.16528201121741
1890,"U/N Reef (19-040)",2024,44.6,"RHIS",NA,NA,50.9266451408694,46.2094138509271,53.69477333344,7.48535948251286
1891,"U/N Reef (19-041)",2014,39.92515,"Reefmod",NA,NA,69.1102284662921,63.8896984720822,73.6144680713494,9.7247695992672
1892,"U/N Reef (19-042)",2014,26.02411,"Reefmod",NA,NA,68.1735111551146,60.822896911611,75.9662017872848,15.1433048756738
1893,"U/N Reef (19-114)",2025,34.6,"RJFMP",NA,NA,34.6,34.6,34.6,0
1894,"U/N Reef (19-115)",2014,18.71404,"Reefmod",NA,NA,64.9410852088336,57.819843440605,71.0031327417947,13.1832893011897
1895,"Knuckle Reef",2025,10.60243741,"Census",-19.534,149.2729,10.60243741,10.60243741,10.60243741,0
1896,"U/N Reef (19-117)",2014,23.81929,"Reefmod",NA,NA,65.5104700664744,51.8326163689681,74.7694490755451,22.936832706577
1897,"U/N Reef (19-118a)",2014,24.94962,"Reefmod",NA,NA,58.3522090989788,43.9416781698285,73.2494660477336,29.3077878779051
1898,"U/N Reef (19-118b)",2014,26.59752,"Reefmod",NA,NA,60.4283439707314,47.1048699892923,72.1907319674122,25.0858619781199
1899,"U/N Reef (19-118c)",2014,21.37377,"Reefmod",NA,NA,65.0615153759157,61.6949630602364,70.5554903351734,8.86052727493702
1900,"U/N Reef (19-118d)",2014,25.32957,"Reefmod",NA,NA,66.7778168929057,62.2660920059464,71.365171780983,9.09907977503661
1901,"Sharon Shoal (No 4) (19-215d)",2014,11.76985,"Reefmod",NA,NA,52.0845191791657,42.4828356019251,60.6775430185019,18.1947074165769
1902,"U/N Reef (19-216)",2014,6.778208,"Reefmod",NA,NA,52.9717687884812,44.0204841298168,61.9972129560734,17.9767288262565
1903,"U/N Reef (19-217)",2014,10.83241,"Reefmod",NA,NA,54.4061833718373,48.0637150994671,61.853647614029,13.7899325145619
1904,"Williams Reef (19-218)",2025,49.9,"RJFMP",NA,NA,49.9,49.9,49.9,0
1905,"Conder Reef (19-219)",2014,8.180017,"Reefmod",NA,NA,58.264506065338,43.2494696578262,68.3747020488755,25.1252323910493
1906,"Cup Reef (North)",2024,36.234105,"Census",-18.6074,147.6333,42.8826616681923,40.0522327274168,48.83720409713,8.78497136971315
1907,"Cup Reef (South)",2024,40.49903763,"Census",-18.6416,147.598,50.7939945274448,46.3804669306388,55.4752555234902,9.09478859285144
1908,"Saucer Reef",2024,57.80739269,"Census",-18.6578,147.615,58.9907339074343,54.9620903728483,64.5759589811636,9.61386860831523
1909,"Spoon Reef (North) (18-085a)",2014,25.66227,"Reefmod",NA,NA,57.6486141076141,47.6105128216085,66.8767656572366,19.2662528356281
1910,"Spoon Reef (South) (18-085b)",2014,27.15295,"Reefmod",NA,NA,61.9953985070032,53.0593557416517,69.6356813981823,16.5763256565305
1911,"Chicken Reef (18-086)",2023,35.806,"Manta",NA,NA,52.0342029829038,49.0456723954204,55.3229079838665,6.2772355884461
1912,"Anzac Reefs (No 1) (18-087)",2014,30.89444,"Reefmod",NA,NA,63.2656650533975,59.4919241834565,66.7991819036421,7.3072577201856
1913,"Darley Reef (19-043)",2025,9.9,"COTS",NA,NA,9.9,9.9,9.9,0
1914,"Faith Reef (19-044)",2022,32.674,"Manta",NA,NA,48.9497544056863,43.7604601573521,54.6415794791033,10.8811193217512
1915,"Stanley Reef",2024,7.238892982,"Census",-19.2946,148.0796,12.2382430392141,10.3714577311671,14.2395084694985,3.86805073833141
1916,"U/N Reef (19-118e)",2014,24.378,"Reefmod",NA,NA,68.7957720177645,64.2530489637744,74.1535099399707,9.90046097619631
1917,"U/N Reef (19-118f)",2014,22.83576,"Reefmod",NA,NA,64.7311445765859,60.296763793318,68.8711245180215,8.57436072470357
1918,"U/N Reef (19-119)",2014,24.36091,"Reefmod",NA,NA,62.8177631376171,59.8576053294773,70.0620300896934,10.2044247602161
1919,"point",2025,21.59436594,"Census",-19.5473,149.3529,21.59436594,21.59436594,21.59436594,0
1920,"U/N Reef (19-121)",2014,22.35549,"Reefmod",NA,NA,65.763700657691,61.2242542532272,71.2159269063409,9.99167265311374
1921,"U/N Reef (19-122)",2014,23.08064,"Reefmod",NA,NA,62.3303058905845,55.2348187974702,71.158041087906,15.9232222904359
1922,"U/N Reef (19-123)",2014,22.22287,"Reefmod",NA,NA,65.2471422882617,58.3141610868597,71.8429594921226,13.5287984052629
1923,"U/N Reef (19-124)",2014,19.10736,"Reefmod",NA,NA,63.6609540163623,53.5325014271889,75.5478579058247,22.0153564786358
1924,"White Tip Reef (19-220)",2014,7.477456,"Reefmod",NA,NA,58.3942428100033,41.3471467696596,68.3850741273051,27.0379273576455
1925,"Bond Reef (19-221)",2014,8.996618,"Reefmod",NA,NA,56.6995087461719,49.6729361986053,64.4941714613726,14.8212352627673
1926,"Abott Reef (19-222)",2014,8.53104,"Reefmod",NA,NA,58.4078501467128,49.5153659582577,63.3772938528796,13.8619278946219
1927,"U/N Reef (19-223)",2014,10.36409,"Reefmod",NA,NA,60.7727535711733,52.9447726814612,68.3924836432629,15.4477109618017
1928,"U/N Reef (19-224)",2014,13.33579,"Reefmod",NA,NA,62.066838205501,55.3579108667009,68.9297894706151,13.5718786039141
1929,"U/N Reef",2022,56,"Census",-19.9541,150.3492,60.733292722576,49.406474132299,69.6434616657604,20.2369875334613
1930,"Kerwin Reef (19-226)",2014,7.422263,"Reefmod",NA,NA,60.7883021540812,51.1737895057556,69.0797695152921,17.9059800095365
1931,"Centipede Reef (18-088)",2024,13.1,"COTS",NA,NA,18.8675334617024,15.5552985696281,21.9066414596948,6.35134289006676
1932,"Anzac Reefs (No 2)",2024,10.36424902,"Census",-18.7208,147.889,16.4237942008908,14.999930665842,17.9533672875554,2.9534366217134
1933,"Anzac Reefs (No 3) (18-090)",2024,45.9,"RJFMP",NA,NA,51.2242958423074,48.1083000823294,54.2644813310135,6.15618124868409
1934,"Lynchs Reef (18-091)",2024,10.7,"COTS",NA,NA,15.9075510100383,12.7689434608264,18.874754213514,6.10581075268756
1935,"Anzac Reefs (No 4) (18-092)",2014,31.75906,"Reefmod",NA,NA,60.9023821617068,51.9928429505124,68.6194322402301,16.6265892897177
1936,"Anzac Reefs (No 5) (18-093)",2014,33.42004,"Reefmod",NA,NA,64.6420219491656,58.7561643853317,71.6320378405786,12.8758734552468
1937,"Anzac Reefs (No 6)",2024,12.02196523,"Census",-18.7741,147.8735,17.1114698880044,15.846111609121,18.3788094154198,2.53269780629875
1938,"Hope Reef (19-046)",2023,6.4,"COTS",NA,NA,12.5657043459338,11.9052488140521,13.2573067004561,1.35205788640408
1939,"Charity Reef (19-047)",2023,4.8,"COTS",NA,NA,8.87411400011222,5.59724554474641,11.347656041071,5.75041049632462
1940,"Old Reef (19-048)",2014,23.91248,"Reefmod",NA,NA,64.1704476679541,57.7941075998948,69.6274104039749,11.8333028040801
1941,"Lynx Reef (19-049)",2014,27.49848,"Reefmod",NA,NA,57.6057950566202,49.2926947494413,65.2229400701193,15.9302453206781
1942,"Leopard Reef (19-050)",2014,27.34449,"Reefmod",NA,NA,65.0262109809325,57.5731238388198,71.3223794065226,13.7492555677028
1943,"19-051",2025,12.85088315,"Census",-19.1125,148.6888,12.85088315,12.85088315,12.85088315,0
1944,"U/N Reef (19-052)",2014,26.63961,"Reefmod",NA,NA,63.2802926534123,56.7871200468314,68.1617961968561,11.3746761500248
1945,"U/N Reef (19-125)",2014,22.43405,"Reefmod",NA,NA,61.443169923622,54.9119670719086,69.7614408955474,14.8494738236388
1946,"U/N Reef (19-126)",2014,22.14991,"Reefmod",NA,NA,69.2977394324692,65.1953257993441,72.0051071477204,6.80978134837633
1947,"Block Reef",2025,16.03156224,"Census",-19.6973,149.3737,16.03156224,16.03156224,16.03156224,0
1948,"Line Reef (19-128)",2014,17.98905,"Reefmod",NA,NA,57.6926528215154,50.8670132237595,68.4491686941017,17.5821554703422
1949,"U/N Reef (19-129)",2014,20.84222,"Reefmod",NA,NA,65.1546709864944,51.6743065830022,75.7661375427642,24.091830959762
1950,"U/N Reef (20-608)",2014,16.03588,"Reefmod",NA,NA,60.7929814833898,56.9590191438055,65.0225165406201,8.0634973968146
1951,"U/N Reef (20-609)",2014,15.00043,"Reefmod",NA,NA,61.3598793257158,58.5950414415663,65.7281484224487,7.13310698088243
1952,"U/N Reef (20-610)",2014,14.13033,"Reefmod",NA,NA,59.816548655242,50.6102706987533,68.5385553567323,17.9282846579791
1953,"U/N Reef (20-611)",2014,14.37438,"Reefmod",NA,NA,59.2542011502659,46.8245876564414,69.7853811384402,22.9607934819988
1954,"U/N Reef (20-612)",2014,13.02405,"Reefmod",NA,NA,60.8339172311943,52.4145515640318,70.0978807232846,17.6833291592528
1955,"U/N Reef (20-613)",2014,13.25908,"Reefmod",NA,NA,59.5315132949125,49.380605490411,68.9487116117488,19.5681061213378
1956,"U/N Reef (20-614)",2014,13.3075,"Reefmod",NA,NA,57.1690179412685,46.2144694740493,66.8485435941284,20.6340741200791
1957,"U/N Reef (20-615)",2014,16.88433,"Reefmod",NA,NA,55.7832527024469,45.6693735392024,69.0473713967287,23.3779978575262
1958,"U/N Reef (20-616)",2014,12.60448,"Reefmod",NA,NA,60.8715089657397,52.8530387760516,70.8676886962568,18.0146499202052
1959,"U/N Reef (20-617)",2014,12.60452,"Reefmod",NA,NA,60.0986593191599,52.2034014130777,68.500961314093,16.2975599010152
1960,"U/N Reef (20-618)",2014,8.964327,"Reefmod",NA,NA,60.7497905931557,50.4351662952656,68.3579255555764,17.9227592603108
1961,"U/N Reef (20-619)",2014,9.669237,"Reefmod",NA,NA,63.3955869348694,59.1761271790461,66.9363340798606,7.7602069008145
1962,"Hull Reef (21-045)",2014,9.523546,"Reefmod",NA,NA,62.0567976039432,53.0354516660714,67.5395374037792,14.5040857377079
1963,"Elamang Reef (21-046)",2014,9.931645,"Reefmod",NA,NA,57.8774110684028,51.7994764598221,66.0381418145452,14.238665354723
1964,"Still Reef (21-047)",2014,10.5503,"Reefmod",NA,NA,61.9923402293711,56.4829835129992,66.9862814673345,10.5032979543354
1965,"Henderson Reef (21-048)",2014,8.165511,"Reefmod",NA,NA,59.3495123200422,49.5836745505768,69.0835670178027,19.4998924672258
1966,"U/N Reef (20-342)",2014,6.376914,"Reefmod",NA,NA,63.3495865516315,60.5055230843044,67.5889837883876,7.08346070408314
1967,"U/N Reef (20-343)",2014,10.50563,"Reefmod",NA,NA,64.0839985426228,58.0391104798113,70.7912337723177,12.7521232925064
1968,"U/N Reef (20-344)",2014,7.255714,"Reefmod",NA,NA,58.6834163394934,48.5299189834329,69.9112633323502,21.3813443489173
1969,"U/N Reef (20-345)",2014,6.206285,"Reefmod",NA,NA,56.2094885461781,45.0592851590594,65.1158791759071,20.0565940168476
1970,"U/N Reef (20-346)",2014,9.127998,"Reefmod",NA,NA,63.6850975519777,59.0707345771647,69.2875441484296,10.216809571265
1971,"U/N Reef (20-347)",2014,11.79121,"Reefmod",NA,NA,59.9499896944053,49.806607592414,68.0182319271788,18.2116243347648
1972,"U/N Reef (20-348)",2018,9.63333333333333,"AIMS Transect",NA,NA,57.8712741194154,50.5409638521663,64.6028145744744,14.0618507223081
1973,"U/N Reef (20-349)",2014,4.365965,"Reefmod",NA,NA,56.5483599963102,49.057306170342,64.4203469735764,15.3630408032344
1974,"U/N Reef (20-350)",2014,10.00853,"Reefmod",NA,NA,61.5211521265689,51.2288675018698,68.2667490853152,17.0378815834454
1975,"U/N Reef (20-444)",2014,34.89104,"Reefmod",NA,NA,60.1813509566838,55.2708813329464,63.9174289006533,8.64654756770693
1976,"U/N Reef (20-445)",2014,47.02022,"Reefmod",NA,NA,56.1099028653296,47.7565005104627,63.9137529754369,16.1572524649741
1977,"U/N Reef (20-446)",2014,47.56712,"Reefmod",NA,NA,61.3924125113493,54.4247987370619,70.7674384650637,16.3426397280018
1978,"U/N Reef (20-447)",2014,45.06744,"Reefmod",NA,NA,61.8819820929038,56.3996135447499,68.717147389026,12.3175338442761
1979,"U/N Reef (20-448)",2014,41.8902,"Reefmod",NA,NA,53.6634316337438,43.9387149175236,64.0765294103206,20.137814492797
1980,"U/N Reef (20-449)",2014,45.07037,"Reefmod",NA,NA,58.3112014245052,51.7827114823791,64.8210746382556,13.0383631558765
1981,"U/N Reef (20-450)",2014,42.89166,"Reefmod",NA,NA,56.6735080693658,52.2998502574264,63.2479089106384,10.948058653212
1982,"U/N Reef (20-451)",2014,43.16048,"Reefmod",NA,NA,56.81944892505,50.3532386911981,66.7677105086072,16.4144718174091
1983,"U/N Reef (20-620)",2014,16.91118,"Reefmod",NA,NA,57.9575112583837,47.9406590436873,65.5456588476583,17.604999803971
1984,"U/N Reef (20-621)",2014,23.33133,"Reefmod",NA,NA,53.5048731297199,44.0096824869345,64.3172141832664,20.3075316963319
1985,"U/N Reef (20-622)",2014,19.72647,"Reefmod",NA,NA,51.5239228783866,42.3560816653086,60.554661436434,18.1985797711253
1986,"U/N Reef (20-624)",2014,21.90199,"Reefmod",NA,NA,48.7853012167506,39.3321230074882,61.6707071968033,22.3385841893151
1987,"Keelan Reef (21-049)",2014,34.25541,"Reefmod",NA,NA,61.0218236636369,48.2453290701279,74.0884410675384,25.8431119974105
1988,"Noel Reef (21-050)",2014,23.10783,"Reefmod",NA,NA,66.1571464316464,55.780251676496,75.6888972390272,19.9086455625312
1989,"Penn Reef (21-051)",2014,24.16442,"Reefmod",NA,NA,61.1285385179154,46.2281229982314,73.6254210910744,27.3972980928429
1990,"Digby Reef (21-052)",2014,25.0488,"Reefmod",NA,NA,60.1479902702385,50.3149103500501,69.0151968569774,18.7002865069272
1991,"Pompey Reef (No 1) (20-351a)",2023,34.013,"Manta",NA,NA,39.4275052921437,32.7683839465393,43.9316132440271,11.1632292974878
1992,"Pompey Reef (No 2) (20-351b)",2023,16.611,"Manta",NA,NA,26.9354217819121,21.1705923948579,33.29623247657,12.1256400817122
1993,"Pompey Reef (No 3) (20-351c)",2014,3.922812,"Reefmod",NA,NA,61.0438291853546,56.1892887150525,69.6927679163466,13.5034792012941
1994,"U/N Reef (20-352)",2014,4.113279,"Reefmod",NA,NA,59.0387190145362,51.5587365274328,66.8855272342391,15.3267907068062
1995,"U/N Reef (20-353)",2023,60.323,"Manta",NA,NA,62.1208086374184,57.9757361466997,64.4829060440973,6.50716989739768
1996,"U/N Reef (20-452)",2014,10.36313,"Reefmod",NA,NA,59.9266277355606,53.7375002439102,68.4480842192222,14.710583975312
1997,"U/N Reef (20-453)",2014,7.264344,"Reefmod",NA,NA,57.0434401047173,44.6370577687946,65.8551315243402,21.2180737555455
1998,"U/N Reef (20-454)",2014,6.500877,"Reefmod",NA,NA,53.546049643716,34.6566591209656,65.4449009294579,30.7882418084923
1999,"U/N Reef (20-455)",2014,5.743653,"Reefmod",NA,NA,59.7764317140412,54.8911237471232,68.5612557690591,13.6701320219359
2000,"U/N Reef (20-456)",2025,25.5,"RJFMP",NA,NA,25.5,25.5,25.5,0
2001,"U/N Reef (20-457)",2014,11.44522,"Reefmod",NA,NA,53.6330447923195,40.8624720039104,62.9238939543856,22.0614219504752
2002,"U/N Reef (20-458)",2014,7.613389,"Reefmod",NA,NA,53.7820030291116,37.8498704892891,69.0339668374883,31.1840963481992
2003,"U/N Reef (20-459)",2014,6.827989,"Reefmod",NA,NA,57.5435418981578,48.6864208094525,68.0955403664782,19.4091195570258
2004,"U/N Reef (20-460)",2014,9.537801,"Reefmod",NA,NA,56.9788116958399,49.8498817734109,63.301933027286,13.4520512538751
2005,"U/N Reef (20-626)",2014,23.5123,"Reefmod",NA,NA,53.6345130109466,44.3193930013927,62.7556014988139,18.4362084974212
2006,"U/N Reef (20-628)",2014,27.46028,"Reefmod",NA,NA,55.734290881542,47.6949027077526,61.4996058187581,13.8047031110054
2007,"U/N Reef (20-629)",2014,18.9931,"Reefmod",NA,NA,54.2076474003289,48.0864481153417,63.5224889350023,15.4360408196605
2008,"Sandpiper Reef (21-053)",2014,18.78751,"Reefmod",NA,NA,63.277372122188,60.1911243946701,69.4034180318744,9.21229363720434
2009,"Prince Reef (21-054)",2014,12.18658,"Reefmod",NA,NA,57.5180117517521,50.0567901039572,65.2381934467609,15.1814033428038
2010,"Alarm Reef (21-055)",2014,12.74314,"Reefmod",NA,NA,53.2347504921576,43.2019976401114,64.1023521935196,20.9003545534082
2011,"U/N Reef (21-056a)",2023,26.6,"RJFMP",NA,NA,36.0037399485589,28.0557490708596,43.3725067101571,15.3167576392975
2012,"U/N Reef (21-056b)",2025,33.2,"COTS",NA,NA,33.2,33.2,33.2,0
2013,"U/N Reef (20-354)",2023,48.58,"Manta",NA,NA,52.1684776453995,47.3051733569602,62.8348897314943,15.5297163745341
2014,"U/N Reef (20-355)",2014,8.724519,"Reefmod",NA,NA,65.3643493408875,63.5285547857834,67.0019584734365,3.47340368765313
2015,"U/N Reef (20-356)",2014,9.250546,"Reefmod",NA,NA,55.8681004745067,46.9609437653805,67.4125595750763,20.4516158096958
2016,"U/N Reef (20-357)",2014,9.61801,"Reefmod",NA,NA,56.6407559239601,48.9268988596767,66.128668181357,17.2017693216803
2017,"U/N Reef (20-358)",2014,7.475008,"Reefmod",NA,NA,58.9461653536699,46.6118944652173,67.136286687981,20.5243922227638
2018,"U/N Reef (20-359)",2014,7.040296,"Reefmod",NA,NA,65.7186574189799,60.382348983567,70.6936133897726,10.3112644062056
2019,"U/N Reef (20-360)",2014,8.272,"Reefmod",NA,NA,67.8545626885528,63.737500661096,74.1039870156887,10.3664863545927
2020,"U/N Reef (20-361)",2014,5.147475,"Reefmod",NA,NA,64.8592702444914,57.4699551601635,71.82268298077,14.3527278206066
2021,"U/N Reef (20-362)",2014,8.67358,"Reefmod",NA,NA,64.5811853160036,58.6941195247383,69.3435050439635,10.6493855192252
2022,"U/N Reef (20-363)",2014,6.800116,"Reefmod",NA,NA,58.9771753111332,47.3640950239362,67.6791024994884,20.3150074755522
2023,"U/N Reef (20-461)",2014,7.639341,"Reefmod",NA,NA,62.7570583907109,56.238716443641,69.4124741225038,13.1737576788628
2024,"U/N Reef (20-462)",2014,7.286817,"Reefmod",NA,NA,57.5677729287595,46.6250107535462,65.212970805706,18.5879600521598
2025,"U/N Reef (20-463)",2014,7.819498,"Reefmod",NA,NA,56.9316399195649,44.9162878201059,67.9557575411357,23.0394697210298
2026,"U/N Reef (20-464)",2014,7.946134,"Reefmod",NA,NA,53.8945661174691,33.1382900999069,69.6807240540866,36.5424339541797
2027,"U/N Reef (20-465)",2014,7.128674,"Reefmod",NA,NA,62.223446873903,56.1256106274236,65.8701322207782,9.74452159335458
2028,"U/N Reef (20-466)",2014,7.795399,"Reefmod",NA,NA,59.9946126055549,46.3437653597657,71.4060876863218,25.0623223265561
2029,"U/N Reef (20-467)",2014,6.132452,"Reefmod",NA,NA,51.9422893068136,45.97222165754,63.6585629753857,17.6863413178457
2030,"U/N Reef (20-468)",2014,12.49549,"Reefmod",NA,NA,50.3208385894321,34.4015852692197,66.2749693671854,31.8733840979658
2031,"20-469",2023,12,"Census",-20.4999,150.6504,25.2102283913883,21.7340575738006,29.5062188889441,7.77216131514351
2032,"U/N Reef (20-470)",2014,5.335596,"Reefmod",NA,NA,50.4802629680563,35.6099276244852,66.903237338745,31.2933097142598
2033,"U/N Reef (20-471)",2014,3.493361,"Reefmod",NA,NA,59.8211193519853,53.5932110089533,68.1464105476291,14.5531995386757
2034,"U/N Reef (20-630)",2014,17.55673,"Reefmod",NA,NA,50.5662326239774,36.5699361408298,60.5687725828773,23.9988364420475
2035,"U/N Reef (20-631)",2014,16.03443,"Reefmod",NA,NA,52.4471356447444,36.8878143854649,63.016758446319,26.128944060854
2036,"U/N Reef (20-636)",2014,28.32168,"Reefmod",NA,NA,55.5403357100741,47.1064627688553,62.8550085962298,15.7485458273745
2037,"U/N Reef (20-637)",2014,24.72038,"Reefmod",NA,NA,54.1668917500179,42.4275149839395,63.8586781962041,21.4311632122646
2038,"U/N Reef (21-056c)",2014,4.058832,"Reefmod",NA,NA,47.9982747673218,38.1557346108344,58.8470476960276,20.6913130851932
2039,"U/N Reef (21-056d)",2014,4.089331,"Reefmod",NA,NA,53.253567585929,42.2446249479176,61.7683865159757,19.5237615680581
2040,"U/N Reef (21-057)",2024,33.7,"COTS",NA,NA,39.7684983430529,34.0240829245064,44.3934166755985,10.3693337510921
2041,"Vernon Rocks Reef (21-058)",2014,3.986342,"Reefmod",NA,NA,55.8491780958025,47.9719144233343,66.3885213756276,18.4166069522933
2042,"U/N Reef (20-364)",2014,7.405846,"Reefmod",NA,NA,64.0519760043788,46.4294902876008,74.3873866222841,27.9578963346834
2043,"U/N Reef (20-365)",2014,7.984436,"Reefmod",NA,NA,56.870484247417,40.6586353105986,70.8282637378073,30.1696284272087
2044,"U/N Reef (20-366)",2014,4.718224,"Reefmod",NA,NA,55.5338636259208,42.0017358560179,64.2500764385961,22.2483405825782
2045,"U/N Reef (20-367)",2014,11.2791,"Reefmod",NA,NA,56.8156080835626,46.0492123420808,68.1231719850266,22.0739596429458
2046,"U/N Reef (20-368)",2014,19.78971,"Reefmod",NA,NA,66.0225537884799,61.0385665739792,69.8745582169926,8.83599164301334
2047,"Cockatoo Reef (No 1) (20-369a)",2014,6.083772,"Reefmod",NA,NA,57.7214132794742,53.9933546372706,70.3380334773032,16.3446788400327
2048,"Cockatoo Reef (No 2) (20-369b)",2014,3.963153,"Reefmod",NA,NA,58.7283220365212,41.2739440599448,72.1891324509986,30.9151883910538
2049,"Cockatoo Reef (No 3) (20-369c)",2014,4.101533,"Reefmod",NA,NA,60.4859269723846,57.4108058344019,69.6372066594977,12.2264008250958
2050,"Cockatoo Reef (No 4) (20-369d)",2014,4.306818,"Reefmod",NA,NA,62.9534311447793,55.8413418054732,68.2045489697414,12.3632071642682
2051,"U/N Reef (20-472)",2014,11.8908,"Reefmod",NA,NA,63.3397013815731,57.6310758612938,68.8802793827445,11.2492035214507
2052,"U/N Reef (20-473)",2014,6.737019,"Reefmod",NA,NA,54.1968781041133,42.5496365246775,64.9920242141547,22.4423876894772
2053,"U/N Reef (20-474)",2014,4.666464,"Reefmod",NA,NA,65.3621065819235,59.0717554488365,70.6286145523882,11.5568591035518
2054,"U/N Reef (20-475)",2014,11.06624,"Reefmod",NA,NA,59.4191039442298,51.8264607929218,67.5209952425612,15.6945344496393
2055,"U/N Reef (20-476)",2014,6.999609,"Reefmod",NA,NA,61.5841877852937,53.9645017578076,68.9492083789694,14.9847066211619
2056,"U/N Reef (20-477)",2014,6.646233,"Reefmod",NA,NA,62.7444295268765,55.8399488349144,69.8392539733066,13.9993051383922
2057,"U/N Reef (20-478)",2014,4.994641,"Reefmod",NA,NA,65.2687499602973,58.6596048750071,70.6112025731247,11.9515976981176
2058,"U/N Reef (20-479)",2014,7.355122,"Reefmod",NA,NA,57.3873284581014,42.2789107370899,68.0829843139628,25.8040735768729
2059,"U/N Reef (20-480)",2014,10.99265,"Reefmod",NA,NA,60.3604685057603,54.0639002738269,69.7405732810845,15.6766730072576
2060,"U/N Reef (20-638)",2014,9.140333,"Reefmod",NA,NA,51.4617733134382,37.3917545899008,62.3525953759352,24.9608407860344
2061,"U/N Reef (20-642)",2014,8.02627,"Reefmod",NA,NA,51.020782374816,44.1435351665625,60.7954070613197,16.6518718947573
2062,"U/N Reef (20-800)",2014,19.32066,"Reefmod",NA,NA,62.2027873376659,55.1123375381251,67.3736546377427,12.2613170996176
2063,"(Big) Stevens Reef (20-295)",2025,29.4,"RJFMP",NA,NA,29.4,29.4,29.4,0
2064,"Liff Reef (20-296)",2014,9.045275,"Reefmod",NA,NA,54.7506956594443,48.0393334873596,60.6641425725988,12.6248090852391
2065,"Creal Reef (20-297)",2021,47.596,"Manta",NA,NA,58.4199947310876,54.9071811852432,64.5095799755142,9.60239879027105
2066,"Rip Reef",2023,18,"Census",-20.806,151.0681,33.9422643264826,31.1309287449656,40.6871205996165,9.55619185465088
2067,"U/N Reef (20-370b)",2014,13.41945,"Reefmod",NA,NA,65.4229708511276,60.9559007205198,69.6800647989174,8.72416407839761
2068,"U/N Reef (20-371)",2014,11.56338,"Reefmod",NA,NA,61.7143725755899,50.2190916125336,74.778909495097,24.5598178825634
2069,"U/N Reef (20-372)",2014,16.58052,"Reefmod",NA,NA,61.7461746251283,57.6674658475241,68.3385993171385,10.6711334696145
2070,"U/N Reef (20-373)",2014,13.91744,"Reefmod",NA,NA,62.8538276437495,57.4903884279504,72.7408089922937,15.2504205643433
2071,"20-374",2023,14,"Census",-20.7995,151.1571,28.5445458718434,26.1814283420601,31.2151721123895,5.03374377032939
2072,"U/N Reef (20-375)",2014,8.080015,"Reefmod",NA,NA,64.7954506091013,57.3620036253963,71.9085747219681,14.5465710965718
2073,"U/N Reef (20-481)",2014,11.2489,"Reefmod",NA,NA,58.2388269053436,47.0212032667558,68.2263536916392,21.2051504248834
2074,"U/N Reef (20-482)",2014,5.274147,"Reefmod",NA,NA,55.6088796879233,41.9867649623135,69.1851023065598,27.1983373442463
2075,"U/N Reef (20-483)",2014,6.959722,"Reefmod",NA,NA,59.1745009516879,50.5154657159069,69.163809148057,18.6483434321501
2076,"U/N Reef (20-484)",2014,13.23733,"Reefmod",NA,NA,62.8039742832284,55.6490535974935,69.3489228620387,13.6998692645451
2077,"U/N Reef (20-485)",2014,5.857362,"Reefmod",NA,NA,58.2645359770968,44.7110930382697,72.3544061926741,27.6433131544045
2078,"U/N Reef (20-486)",2014,7.731783,"Reefmod",NA,NA,62.5457332599419,53.5303324571904,72.6499868737669,19.1196544165766
2079,"U/N Reef (20-487)",2014,7.669423,"Reefmod",NA,NA,68.6083733636616,62.5027379307045,75.235934711456,12.7331967807516
2080,"U/N Reef (20-488)",2014,7.223504,"Reefmod",NA,NA,58.4528198512559,49.3748708641601,69.4856279623641,20.110757098204
2081,"U/N Reef (20-489)",2014,7.372389,"Reefmod",NA,NA,59.6328326378175,43.7490771678566,72.4172524563997,28.668175288543
2082,"U/N Reef (20-490)",2014,7.867091,"Reefmod",NA,NA,63.3966549652255,56.3778370255384,73.5788543847522,17.2010173592138
2083,"Martin Islet Reef (20-803)",2014,23.15793,"Reefmod",NA,NA,48.4405740111942,38.8495466581612,55.1956237443495,16.3460770861883
2084,"Warland Reef (20-298)",2023,45.1,"RJFMP",NA,NA,47.6925501510406,36.6586102952873,58.139585189393,21.4809748941056
2085,"U/N Reef (20-299a)",2014,9.909273,"Reefmod",NA,NA,62.3682972744252,54.9698453722832,68.4794245514584,13.5095791791751
2086,"U/N Reef (20-299b)",2014,8.285842,"Reefmod",NA,NA,57.2717195533981,51.7215924091789,62.0989377194473,10.3773453102685
2087,"U/N Reef (20-376)",2014,12.83336,"Reefmod",NA,NA,56.7871024285033,41.5048856809682,69.0528440213027,27.5479583403346
2088,"Olympic Reef (20-377)",2014,13.73346,"Reefmod",NA,NA,54.7545229372545,41.8765528537158,71.4543639742691,29.5778111205532
2089,"U/N Reef (20-378a)",2014,13.90168,"Reefmod",NA,NA,62.2285741085646,55.7063368414508,67.9957250594177,12.2893882179669
2090,"U/N Reef (20-378b)",2014,16.82436,"Reefmod",NA,NA,64.5820104086572,63.044603342204,68.8220411899379,5.77743784773381
2091,"U/N Reef (20-491)",2014,11.90409,"Reefmod",NA,NA,56.2498855873084,49.9917031632096,69.5594367360251,19.5677335728155
2092,"U/N Reef (20-492)",2014,7.933177,"Reefmod",NA,NA,57.8069368653596,48.6277273023402,65.8056462079212,17.1779189055809
2093,"U/N Reef (20-493)",2014,11.45275,"Reefmod",NA,NA,57.2271511389415,41.2905524333718,70.7703053806837,29.4797529473119
2094,"U/N Reef (20-494)",2014,5.857999,"Reefmod",NA,NA,58.3149157477667,47.9258837736245,69.2198203488597,21.2939365752352
2095,"U/N Reef (20-495)",2014,6.508042,"Reefmod",NA,NA,53.4947825891727,43.76828804506,65.649895870955,21.881607825895
2096,"U/N Reef (20-496)",2014,6.19084,"Reefmod",NA,NA,57.9930336313072,48.8987514699379,68.8805286245984,19.9817771546604
2097,"U/N Reef (20-497)",2014,7.283099,"Reefmod",NA,NA,58.9256730909231,50.125285352439,71.997596006325,21.872310653886
2098,"Southampton Reef",2023,12,"Census",-20.6489,150.4502,26.4323807913497,21.6474929311029,32.916845655299,11.2693527241961
2099,"Briggs Reef (No 1) (20-299d)",2015,29.167,"Manta",NA,NA,59.3016028689806,54.1031722150674,63.9144468552971,9.81127464022966
2100,"Briggs Reef (No 2) (20-299e)",2014,3.442079,"Reefmod",NA,NA,54.4142903848325,43.2319061716817,60.7760398175905,17.5441336459089
2101,"Briggs Reef (No 3) (20-299f)",2014,3.729219,"Reefmod",NA,NA,55.8440828648837,45.9339056439128,65.578184985485,19.6442793415722
2102,"Briggs Reef (No 4) (20-299g)",2014,3.926052,"Reefmod",NA,NA,52.6889914079717,40.9351393900773,61.6844640652127,20.7493246751354
2103,"U/N Reef (20-299h)",2014,3.775206,"Reefmod",NA,NA,44.5527799053849,36.462619515546,55.138173101733,18.675553586187
2104,"U/N Reef (20-299j)",2014,3.693066,"Reefmod",NA,NA,56.0013562298663,48.0266826127616,62.5406084583961,14.5139258456345
2105,"U/N Reef (20-379)",2014,23.3751,"Reefmod",NA,NA,58.3596333247651,51.5142830585049,65.4708304411282,13.9565473826233
2106,"U/N Reef (20-380)",2014,12.01956,"Reefmod",NA,NA,58.667095392966,47.8895959686122,68.9963682603095,21.1067722916972
2107,"U/N Reef (20-381)",2014,20.62569,"Reefmod",NA,NA,53.8065511036851,39.085967550917,64.1968072684265,25.1108397175095
2108,"U/N Reef (20-382)",2014,14.19422,"Reefmod",NA,NA,59.2178735052064,45.6308006936643,69.7499882960821,24.1191876024177
2109,"U/N Reef (20-383)",2024,35.7,"RJFMP",NA,NA,36.7875863721482,35.5680005033264,38.6179462336515,3.04994573032513
2110,"U/N Reef (20-384)",2014,24.47418,"Reefmod",NA,NA,62.10259760564,51.1265878726711,70.9063675862834,19.7797797136124
2111,"U/N Reef (20-385)",2014,15.78935,"Reefmod",NA,NA,64.491973194019,61.4811138042577,68.1769796028687,6.695865798611
2112,"U/N Reef (20-498)",2014,5.350075,"Reefmod",NA,NA,60.6197167711879,56.3206373941379,67.4821542803408,11.1615168862029
2113,"U/N Reef (20-499)",2014,11.02503,"Reefmod",NA,NA,57.833424016585,51.8161520268596,67.3769258816232,15.5607738547636
2114,"U/N Reef (20-500)",2014,7.409437,"Reefmod",NA,NA,60.9749358240128,53.6660548312439,72.2062422724006,18.5401874411567
2115,"U/N Reef (20-501)",2014,6.686201,"Reefmod",NA,NA,53.6271958164481,45.7943089540756,64.1039134629353,18.3096045088597
2116,"U/N Reef (20-502)",2014,7.969986,"Reefmod",NA,NA,62.5516935579985,50.0405807854876,72.2123778162544,22.1717970307669
2117,"U/N Reef (20-503)",2014,13.14436,"Reefmod",NA,NA,58.6595995125078,51.96137310698,68.4146651461248,16.4532920391448
2118,"U/N Reef (20-504)",2014,12.68108,"Reefmod",NA,NA,61.5088824299713,50.6401961158796,71.0499938346057,20.4097977187261
2119,"U/N Reef (20-505)",2014,7.577194,"Reefmod",NA,NA,53.5252571739654,37.9392737353863,66.5280717702234,28.5887980348371
2120,"U/N Reef (20-506)",2014,7.619841,"Reefmod",NA,NA,62.8474954346796,59.0696854508562,68.9885602636268,9.91887481277057
2121,"U/N Reef (20-826)",2014,14.21312,"Reefmod",NA,NA,51.7035489675485,46.0754384323386,58.578522732597,12.5030843002584
2122,"U/N Reef (20-827)",2014,15.04628,"Reefmod",NA,NA,51.1385965654263,44.0685790388533,57.6683024716209,13.5997234327676
2123,"U/N Reef (20-830)",2014,26.11186,"Reefmod",NA,NA,52.6645244055889,41.4460073983424,65.3702509344458,23.9242435361035
2124,"U/N Reef (20-300)",2014,9.59816,"Reefmod",NA,NA,53.9623112985122,43.500795840855,61.9374483246866,18.4366524838316
2125,"Cole Reefs (No2) (20-301a)",2014,10.02629,"Reefmod",NA,NA,52.1481926172126,40.9292741144643,64.2409940508792,23.3117199364149
2126,"Cole Reefs (No3) (20-301b)",2014,10.18034,"Reefmod",NA,NA,52.752921671252,40.4506243087572,62.8746883687712,22.424064060014
2127,"Cole Reefs (No1) (20-302)",2014,11.60742,"Reefmod",NA,NA,51.6460641657933,41.669177631207,59.7248236579025,18.0556460266956
2128,"U/N Reef (20-303)",2014,3.352422,"Reefmod",NA,NA,52.9823729175914,38.3811004077826,66.1427721597265,27.761671751944
2129,"U/N Reef (20-386)",2024,21.5,"RJFMP",NA,NA,23.1192950168929,21.3124709793956,25.3973049640906,4.08483398469494
2130,"U/N Reef (20-387)",2024,37.1,"RJFMP",NA,NA,39.7678723158838,36.9408487720843,41.5813913985841,4.64054262649977
2131,"U/N Reef (20-388a)",2014,17.02111,"Reefmod",NA,NA,62.0470343302169,55.6824617014679,70.574518103331,14.8920564018631
2132,"U/N Reef (20-388b)",2014,19.75697,"Reefmod",NA,NA,61.7102899402892,51.3259747062383,73.6416778255809,22.3157031193426
2133,"U/N Reef (20-388c)",2014,17.30207,"Reefmod",NA,NA,56.3391198067965,47.1285808401889,67.4336508522647,20.3050700120758
2134,"U/N Reef (20-389)",2014,13.6504,"Reefmod",NA,NA,59.2341121430702,49.2596355278458,66.3834372367195,17.1238017088737
2135,"U/N Reef (20-390)",2014,17.25049,"Reefmod",NA,NA,64.6046634723842,56.2998627258154,72.0937449350729,15.7938822092575
2136,"U/N Reef (20-507)",2014,6.70373,"Reefmod",NA,NA,57.9298144737785,45.1471731949822,67.1171808676062,21.9700076726239
2137,"U/N Reef (20-508)",2014,8.234195,"Reefmod",NA,NA,60.2705271021981,51.2959944962032,67.8197967937249,16.5238022975216
2138,"U/N Reef (20-509)",2014,6.382564,"Reefmod",NA,NA,57.7507719383735,43.000238559383,69.4857615863384,26.4855230269554
2139,"U/N Reef (20-510)",2014,7.474195,"Reefmod",NA,NA,54.7474255026947,35.5429646646954,66.1025853791479,30.5596207144525
2140,"U/N Reef (20198)",2014,4.474958,"Reefmod",NA,NA,56.4148890365365,42.8190863933186,67.8689772506444,25.0498908573258
2141,"U/N Reef (20-512)",2014,9.230289,"Reefmod",NA,NA,52.6353840599179,41.7336443779334,64.5568316769915,22.8231872990581
2142,"U/N Reef (20-513)",2014,7.156303,"Reefmod",NA,NA,55.6423374997857,45.6014429420842,68.806912701448,23.2054697593638
2143,"U/N Reef (20-854)",2014,15.19488,"Reefmod",NA,NA,67.812465669476,64.8293802935047,71.5739709878774,6.74459069437269
2144,"Oom Shoal (21-002)",2014,8.446176,"Reefmod",NA,NA,48.3623102148602,38.5408324783904,58.2365041049087,19.6956716265183
2145,"Slade (Oyster) Island Reef (21-004)",2014,9.714322,"Reefmod",NA,NA,42.9074722707768,32.9829127150226,51.8848830480791,18.9019703330565
2146,"Downward Patches (No 1) (21-005a)",2014,9.695232,"Reefmod",NA,NA,55.0147502298581,44.0587494346121,64.1900244399386,20.1312750053265
2147,"McIntyre Reef (20-304)",2025,46.7,"RJFMP",NA,NA,46.7,46.7,46.7,0
2148,"Goble Reefs (East) (20-305)",2014,3.317084,"Reefmod",NA,NA,46.9110052070736,35.1626523290122,55.2625585093201,20.099906180308
2149,"Goble Reefs (West) (20-306)",2014,3.139602,"Reefmod",NA,NA,56.2802115572681,52.096137814034,65.7354643379003,13.6393265238663
2150,"Chauvel Reefs (North) (20-307)",2014,9.855421,"Reefmod",NA,NA,58.0447832726555,45.6709057536803,67.9253686815255,22.2544629278451
2151,"U/N Reef (20-391)",2014,15.35087,"Reefmod",NA,NA,66.0127085206676,58.3744205365598,71.7574598074827,13.3830392709229
2152,"U/N Reef (20-392)",2014,31.39645,"Reefmod",NA,NA,59.0703992962395,53.4810962261696,66.2697544037704,12.7886581776008
2153,"U/N Reef (20-393)",2014,42.70448,"Reefmod",NA,NA,60.6891739130862,55.366251078153,65.6543063238964,10.2880552457434
2154,"U/N Reef (20-394)",2014,43.67482,"Reefmod",NA,NA,54.2215642988029,43.6226085732506,63.9063221321761,20.2837135589255
2155,"U/N Reef (20-395)",2014,40.71737,"Reefmod",NA,NA,56.4704543323184,49.2145995840337,67.1681184787981,17.9535188947644
2156,"Newell Reef (20-396)",2014,41.92614,"Reefmod",NA,NA,59.0299645283033,50.9725729571773,70.6763617649384,19.7037888077611
2157,"U/N Reef (20-514)",2014,8.660971,"Reefmod",NA,NA,65.2551914191658,60.1237578653021,72.3152459199535,12.1914880546514
2158,"U/N Reef (20-515)",2014,7.463918,"Reefmod",NA,NA,51.4155126255804,31.4603130108168,69.9506306339969,38.4903176231801
2159,"U/N Reef (20-516)",2014,6.562897,"Reefmod",NA,NA,61.0013903910751,54.3791692067462,66.6478327785316,12.2686635717853
2160,"U/N Reef (20-517)",2014,9.248009,"Reefmod",NA,NA,57.0702840165478,46.72147584031,63.9129005101005,17.1914246697905
2161,"U/N Reef (20-518)",2014,8.505602,"Reefmod",NA,NA,56.4604708695276,48.7041654261608,65.8832428756576,17.1790774494968
2162,"U/N Reef (20-519)",2014,6.969678,"Reefmod",NA,NA,62.1829439215955,57.3004477615531,65.568424252639,8.26797649108588
2163,"U/N Reef (20-520)",2014,10.57309,"Reefmod",NA,NA,62.4278475109652,56.7590554299083,70.1554617135724,13.3964062836641
2164,"U/N Reef (20-521)",2014,7.808764,"Reefmod",NA,NA,52.6146238060384,46.2354713858906,62.0409246568648,15.8054532709742
2165,"U/N Reef (20-522)",2014,7.563681,"Reefmod",NA,NA,56.7856677139875,45.1520049694187,68.6707488900733,23.5187439206546
2166,"Downward Patches (No 2) (21-005b)",2014,10.75336,"Reefmod",NA,NA,51.9205468285351,45.9047845011879,60.9160964410183,15.0113119398304
2167,"Downward Patches (No 3) (21-005c)",2014,11.40813,"Reefmod",NA,NA,39.6305938453973,27.0078698464887,53.3043560680434,26.2964862215547
2168,"Downward Patches (No 4) (21-005d)",2014,8.548691,"Reefmod",NA,NA,50.8063598834788,43.8162273140274,61.3489165108434,17.5326891968159
2169,"Downward Patches (No 5) (21-005e)",2014,9.820326,"Reefmod",NA,NA,47.7882790611198,32.2378814242049,61.5362969251079,29.298415500903
2170,"Downward Patches (No 6) (21-005f)",2014,8.299527,"Reefmod",NA,NA,46.9323260332816,25.8675800837098,59.8443155409428,33.9767354572331
2171,"Downward Patches (No 7) (21-005g)",2014,9.037111,"Reefmod",NA,NA,51.0650214190492,30.5242550860531,67.0728680883049,36.5486130022518
2172,"Dangerous Reef (21-006)",2014,10.75243,"Reefmod",NA,NA,54.927420493417,47.6767019004973,66.3665435431969,18.6898416426995
2173,"Flat Top Reef (21-007)",2014,22.16832,"Reefmod",NA,NA,42.0560285998615,25.4151048842282,58.302361534283,32.8872566500548
2174,"Chauvel Reefs (South) (20-308)",2023,37.5,"RJFMP",NA,NA,54.277235333284,48.0519361774743,61.2106882240258,13.1587520465515
2175,"Tern Reef (20-309)",2023,26.4533333333333,"AIMS Transect",NA,NA,41.7164516448221,35.9150047187118,46.3062076832216,10.3912029645098
2176,"Bushy-Redbill Reef (20-310)",2025,5.6,"COTS",NA,NA,5.6,5.6,5.6,0
2177,"U/N Reef (20-397)",2014,40.07085,"Reefmod",NA,NA,60.7644182574483,56.8158840577587,66.2018352475187,9.38595118976001
2178,"U/N Reef (20-398)",2014,40.69876,"Reefmod",NA,NA,60.1748778135589,46.3477242515957,70.5321653492391,24.1844410976434
2179,"U/N Reef (20-399)",2014,44.28874,"Reefmod",NA,NA,59.0376819005199,47.1679834262748,70.3199032853843,23.1519198591095
2180,"U/N Reef (20-400)",2014,42.84117,"Reefmod",NA,NA,56.1460635523307,46.3806202099936,66.519195459076,20.1385752490824
2181,"Deliverance Bank (20-401)",2014,10.82301,"Reefmod",NA,NA,55.7603074970697,47.7735306174947,63.5476275095133,15.7740968920185
2182,"Sheriff Shoal (20-402)",2014,19.01746,"Reefmod",NA,NA,67.3193271356214,58.1569349284573,72.5563760515552,14.399441123098
2183,"U/N Reef (20-523)",2014,7.043162,"Reefmod",NA,NA,58.2470050007339,52.2093200980536,62.9314339585962,10.7221138605426
2184,"U/N Reef (20-524)",2014,7.237153,"Reefmod",NA,NA,60.8988395070297,54.004452503105,68.4532299276319,14.4487774245269
2185,"U/N Reef (20-527)",2014,9.087526,"Reefmod",NA,NA,61.2836359817759,51.9211178868192,72.2212518891872,20.3001340023679
2186,"U/N Reef (20-531)",2014,7.585135,"Reefmod",NA,NA,58.4914105248162,50.9346446123209,68.3019103523119,17.367265739991
2187,"U/N Reef (20-540)",2014,9.993255,"Reefmod",NA,NA,59.7301325204816,49.1533512485679,68.7131816069149,19.559830358347
2188,"U/N Reef (20-543)",2014,8.472519,"Reefmod",NA,NA,61.9006917136032,57.6464967388246,67.7665691228254,10.1200723840008
2189,"U/N Reef (20-545)",2014,8.529655,"Reefmod",NA,NA,64.1935946410177,53.2788363028371,71.5477692713293,18.2689329684922
2190,"U/N Reef (20-546)",2014,8.528657,"Reefmod",NA,NA,53.014680017182,44.4465967381887,63.3039339205877,18.857337182399
2191,"U/N Reef (20-548)",2014,8.985746,"Reefmod",NA,NA,60.4130908172576,51.1407344006112,69.0818547122083,17.9411203115971
2192,"U/N Reef (20-370d)",2014,17.03387,"Reefmod",NA,NA,62.2183053806143,57.4756873923965,69.3248120269316,11.8491246345351
2193,"Round Top Reef (21-009)",2014,16.76223,"Reefmod",NA,NA,52.159871490326,47.0311994504369,61.7399990965527,14.7087996461158
2194,"Dudgeon Ledge (21-012)",2014,13.59923,"Reefmod",NA,NA,52.3309213135215,41.4882012209408,65.3492498359272,23.8610486149864
2195,"Hay Reef (21-013)",2014,9.442086,"Reefmod",NA,NA,50.2934547484454,44.3946979120654,57.6726440513836,13.2779461393182
2196,"Highwater Reef (21-014)",2014,10.83771,"Reefmod",NA,NA,49.7486601944206,40.3404656421477,58.8505243309618,18.5100586888141
2197,"Victor Reef (21-015)",2014,22.87796,"Reefmod",NA,NA,62.5130533135734,57.2193544204945,68.0452372214267,10.8258828009322
2198,"Coral Point Reef (21-016)",2014,13.57947,"Reefmod",NA,NA,70.5395645137781,65.6310664606612,76.465541464875,10.8344750042138
2199,"U/N Reef (21-018)",2014,18.62129,"Reefmod",NA,NA,64.1910401698119,57.9630476458617,70.5591810586208,12.5961334127591
2200,"U/N Reef (20-311)",2014,5.672143,"Reefmod",NA,NA,57.784996527409,42.3924235973497,70.4939955826788,28.101571985329
2201,"U/N Reef (20-312)",2014,5.333696,"Reefmod",NA,NA,59.331285394922,49.6807236848048,66.7879083269233,17.1071846421185
2202,"U/N Reef (20-313)",2014,5.448089,"Reefmod",NA,NA,51.1937800664472,39.0435506627573,61.1490920350661,22.1055413723088
2203,"U/N Reef (20-314)",2014,5.912153,"Reefmod",NA,NA,54.0640291647265,32.4304384152357,66.7868176090088,34.3563791937731
2204,"U/N Reef (20-315a)",2014,7.523505,"Reefmod",NA,NA,61.7234938281819,52.3137233920576,69.6179372967302,17.3042139046726
2205,"U/N Reef (20-315b)",2014,8.003185,"Reefmod",NA,NA,61.6576457195479,54.7704216248444,71.5686912819196,16.7982696570752
2206,"U/N Reef (20-315c)",2014,6.659372,"Reefmod",NA,NA,59.2773174127383,51.1392207623095,64.3937828489872,13.2545620866777
2207,"U/N Reef (20-316)",2014,7.756405,"Reefmod",NA,NA,60.2631369936704,51.0617738126367,73.1844437701591,22.1226699575224
2208,"U/N Reef (20-317)",2014,6.538582,"Reefmod",NA,NA,51.0586527522682,36.1596844787725,62.895046123611,26.7353616448385
2209,"U/N Reef (20-318)",2014,6.580738,"Reefmod",NA,NA,51.5605470192348,38.752680472525,60.9028141421377,22.1501336696127
2210,"Pigeon Reef (20-403)",2014,19.44603,"Reefmod",NA,NA,52.2229694444625,44.1892819079084,64.4296879769408,20.2404060690325
2211,"U/N Reef (20-404)",2014,11.9253,"Reefmod",NA,NA,51.4743838883345,47.3685655505225,57.8548464453258,10.4862808948034
2212,"Coppersmith Reef (20-407)",2014,8.055524,"Reefmod",NA,NA,50.7305507728778,41.6392715983501,59.7355558932634,18.0962842949133
2213,"U/N Reef (20-370c)",2014,11.92314,"Reefmod",NA,NA,59.3963759798926,49.6895935962399,71.0994868025412,21.4098932063013
2214,"U/N Reef (20-553)",2014,11.64185,"Reefmod",NA,NA,66.6248276636955,62.1898666883127,70.5710365422271,8.38116985391443
2215,"U/N Reef (20-555)",2014,18.67076,"Reefmod",NA,NA,57.9696456908947,48.1027183494686,68.1732035634822,20.0704852140135
2216,"U/N Reef (20-556)",2014,6.154119,"Reefmod",NA,NA,57.165749097806,44.6616262807151,66.7856000598156,22.1239737791005
2217,"U/N Reef (20-557)",2014,8.675166,"Reefmod",NA,NA,57.6146627045352,42.7424234486836,71.8973416564343,29.1549182077507
2218,"U/N Reef (20-558)",2014,3.647932,"Reefmod",NA,NA,44.2575932614899,37.4010219862968,54.5346059561667,17.13358396987
2219,"U/N Reef (20-559)",2014,4.14462,"Reefmod",NA,NA,60.59067974554,55.0595152063846,64.8876255930404,9.82811038665577
2220,"U/N Reef (20-560)",2014,10.11894,"Reefmod",NA,NA,58.9557758334996,51.8800976041153,67.4548822537519,15.5747846496365
2221,"U/N Reef (20-561)",2014,20.66021,"Reefmod",NA,NA,57.6603510173159,41.8305222910691,72.3465268738618,30.5160045827927
2222,"U/N Reef (20-562)",2014,18.10541,"Reefmod",NA,NA,62.5717158619339,57.5673954022181,68.6778031026823,11.1104077004642
2223,"U/N Reef (20-563)",2014,18.91593,"Reefmod",NA,NA,54.1512449198929,40.9213858637365,67.2388924564723,26.3175065927358
2224,"Freshwater Point Reef (21-019)",2014,24.70605,"Reefmod",NA,NA,56.4974186587939,50.2886865423289,65.9715697174213,15.6828831750925
2225,"Cullen Reef (21-020)",2014,10.1869,"Reefmod",NA,NA,60.6690852419084,56.0186050453002,68.0333458054313,12.014740760131
2226,"Irving Island Reef (21-021)",2014,17.88595,"Reefmod",NA,NA,62.0855174869652,53.0149204846996,71.8414607603156,18.826540275616
2227,"Phillips Reef (21-022)",2014,8.793453,"Reefmod",NA,NA,59.4415603938539,51.5349402234781,67.6468595649379,16.1119193414598
2228,"Taffy Reef (21-023)",2014,22.58459,"Reefmod",NA,NA,64.4708595992433,57.6898706437665,72.6312875945844,14.9414169508179
2229,"Glendower Point Reef (21-024)",2014,28.73157,"Reefmod",NA,NA,62.0115893424066,50.661558952297,74.1241620231642,23.4626030708672
2230,"Penrith Reef (21-025)",2023,10.5866666666667,"AIMS Transect",NA,NA,20.7904487032641,13.5728742663281,28.0837627539205,14.5108884875924
2231,"U/N Reef (20-319)",2014,5.511966,"Reefmod",NA,NA,63.9243880914879,57.8293877203409,71.7167704897312,13.8873827693903
2232,"U/N Reef (20-320)",2014,5.74385,"Reefmod",NA,NA,65.6227237145171,58.5770821740706,73.699492153098,15.1224099790274
2233,"U/N Reef (20-321)",2014,6.144303,"Reefmod",NA,NA,63.4273261170507,60.5258548990561,67.6213307355261,7.09547583647002
2234,"U/N Reef (20-322)",2014,4.310277,"Reefmod",NA,NA,55.5632098131909,42.852569917759,68.467231949441,25.614662031682
2235,"U/N Reef (20-323)",2014,7.041462,"Reefmod",NA,NA,66.5993598184781,56.3913829727105,73.8443090163181,17.4529260436076
2236,"U/N Reef (20-324)",2014,3.808278,"Reefmod",NA,NA,53.0742596428329,42.9119614562886,62.037540075748,19.1255786194594
2237,"Plum Pudding Reef (20-409)",2014,14.14982,"Reefmod",NA,NA,56.2743469596072,47.143742896465,63.4492048076443,16.3054619111793
2238,"U/N Reef (20-410)",2014,25.40481,"Reefmod",NA,NA,65.4210691486939,56.185272265963,72.0574119452853,15.8721396793224
2239,"U/N Reef (20-411)",2014,24.84697,"Reefmod",NA,NA,62.7911667536557,54.768744591768,69.4136706670083,14.6449260752403
2240,"U/N Reef (20-412)",2014,26.01839,"Reefmod",NA,NA,65.623000125418,56.6190109753763,71.9778880744837,15.3588770991074
2241,"U/N Reef (20-564)",2014,23.78454,"Reefmod",NA,NA,63.1921916796706,55.962040156581,69.4110062119361,13.4489660553551
2242,"U/N Reef (20-565)",2014,26.56987,"Reefmod",NA,NA,58.3056063697539,48.9684787425338,66.445966064159,17.4774873216253
2243,"U/N Reef (20-566)",2014,14.04845,"Reefmod",NA,NA,64.2568360695336,59.898681629461,71.6709095352856,11.7722279058247
2244,"U/N Reef (20-567)",2014,13.94757,"Reefmod",NA,NA,59.5200716903939,50.7697444761735,67.0907422408143,16.3209977646408
2245,"U/N Reef (20-568)",2014,14.49945,"Reefmod",NA,NA,61.5295695695802,56.5394455613811,66.3775086515498,9.83806309016876
2246,"U/N Reef (20-569)",2014,15.38456,"Reefmod",NA,NA,60.9211207457336,49.5104735986543,70.8725687026979,21.3620951040436
2247,"U/N Reef (20-570)",2014,25.76098,"Reefmod",NA,NA,62.6084734523236,51.7976430927876,72.3479427443456,20.550299651558
2248,"Bailey Reef (21-026)",2014,9.704808,"Reefmod",NA,NA,60.5796313419447,52.3810691155506,67.0516129165217,14.6705438009711
2249,"Snare Peak Reef (21-027)",2014,18.2535,"Reefmod",NA,NA,56.1710863644044,48.249356466494,62.7857899581403,14.5364334916462
2250,"Overfall Reef (21-029)",2014,21.03224,"Reefmod",NA,NA,61.563242607023,55.5095456236109,66.2964780464533,10.7869324228424
2251,"U/N Reef (20-325)",2014,5.117592,"Reefmod",NA,NA,61.1412054215761,54.2132359583508,69.8761410113211,15.6629050529702
2252,"Molar Reef",2023,14,"Census",-20.6253,150.8036,27.7162288259433,19.8919551683447,33.5878238702349,13.6958687018902
2253,"U/N Reef (20-327)",2014,4.019401,"Reefmod",NA,NA,57.3144224754047,47.0712779953636,67.1686054847696,20.0973274894059
2254,"U/N Reef (20-328a)",2014,5.717069,"Reefmod",NA,NA,61.4008213531895,50.5118305180636,70.1343225158099,19.6224919977463
2255,"U/N Reef (20-328b)",2014,7.208604,"Reefmod",NA,NA,60.5323794605011,50.6670545779205,70.9872586921739,20.3202041142533
2256,"U/N Reef (20-413)",2014,24.08031,"Reefmod",NA,NA,64.4959569845184,59.7271929831796,71.6592677277943,11.9320747446147
2257,"U/N Reef (20-414)",2014,23.46206,"Reefmod",NA,NA,63.0961578123152,53.9081545096646,68.6450711443367,14.7369166346721
2258,"U/N Reef (20-415)",2014,23.58819,"Reefmod",NA,NA,60.4522504579977,52.7812198818404,70.3610227484739,17.5798028666335
2259,"U/N Reef (20-416)",2014,23.94148,"Reefmod",NA,NA,64.3740084654881,60.566476686039,67.7816416876899,7.21516500165093
2260,"U/N Reef (20-417)",2014,20.35773,"Reefmod",NA,NA,61.9911683533211,54.8443027326359,67.4279872368226,12.5836845041866
2261,"U/N Reef (20-418)",2014,22.03001,"Reefmod",NA,NA,64.7642733853018,56.9435258888244,72.6264762670029,15.6829503781785
2262,"U/N Reef (20-419)",2014,24.885,"Reefmod",NA,NA,45.4104443770765,23.2417898358145,59.1923235288856,35.9505336930711
2263,"U/N Reef (20-420)",2014,24.33821,"Reefmod",NA,NA,48.4507787861112,35.8310559085138,59.7981190274474,23.9670631189336
2264,"U/N Reef (20-421)",2014,24.1232,"Reefmod",NA,NA,44.0380833861795,36.2557208734169,52.0993789890302,15.8436581156133
2265,"U/N Reef (20-422)",2014,24.95253,"Reefmod",NA,NA,49.9344019113353,37.7857465347617,61.1086930480235,23.3229465132618
2266,"U/N Reef (20-571)",2014,27.59792,"Reefmod",NA,NA,70.4830748503503,64.2976250105403,76.1322551507374,11.8346301401971
2267,"U/N Reef (20-572)",2014,26.06105,"Reefmod",NA,NA,67.3724402016786,64.1146205961298,71.7560292237317,7.6414086276019
2268,"U/N Reef (20-573)",2014,23.73461,"Reefmod",NA,NA,63.4123604631917,49.7579319351124,75.8941717486732,26.1362398135608
2269,"U/N Reef (20-574)",2014,21.31436,"Reefmod",NA,NA,61.981294884468,54.8604761718815,68.3557767605978,13.4953005887163
2270,"U/N Reef (20-575)",2014,26.83221,"Reefmod",NA,NA,67.7960032010675,63.360627653392,72.269186492406,8.90855883901402
2271,"U/N Reef (20-576)",2014,26.9039,"Reefmod",NA,NA,63.2619573233415,55.5543097693878,71.4118426223774,15.8575328529896
2272,"U/N Reef (20-577)",2014,24.92373,"Reefmod",NA,NA,62.9117194224052,54.0077581921165,73.4629549019653,19.4551967098489
2273,"U/N Reef (20-578)",2014,25.47987,"Reefmod",NA,NA,64.1178414716075,57.5402850753095,70.7838258575205,13.243540782211
2274,"U/N Reef (20-579)",2014,17.18305,"Reefmod",NA,NA,62.0819444832685,55.4527880480657,69.9794807970928,14.5266927490271
2275,"U/N Reef (20-580)",2014,9.15452,"Reefmod",NA,NA,57.5410427058432,50.145553166689,64.7586196603633,14.6130664936742
2276,"U/N Reef (20-581)",2014,7.297963,"Reefmod",NA,NA,52.2080552984583,41.894853873872,61.4842181100121,19.5893642361401
2277,"Prudhoe Island Reef (21-031)",2014,20.34551,"Reefmod",NA,NA,65.3355661482862,58.1206491728863,71.6717139797448,13.5510648068584
2278,"Prudhoe Shoal (21-032)",2014,30.94457,"Reefmod",NA,NA,61.7957479976669,54.164082949233,70.3455884103859,16.1815054611529
2279,"Reid Reef (21-033)",2014,31.28005,"Reefmod",NA,NA,63.7593241602982,57.2737254338979,69.3254665793475,12.0517411454496
2280,"Double Island Reef (21-034)",2014,31.63083,"Reefmod",NA,NA,62.6875358976279,58.2503898912295,66.0178477024519,7.76745781122242
2281,"U/N Reef (20-328c)",2014,7.882503,"Reefmod",NA,NA,58.6682720897966,51.1553158047827,66.8118994787979,15.6565836740152
2282,"U/N Reef (20-328d)",2014,9.715511,"Reefmod",NA,NA,58.816445186254,47.9092860575431,69.1368335454572,21.2275474879141
2283,"U/N Reef (20-328e)",2014,6.36402,"Reefmod",NA,NA,61.5855670721881,53.893260735586,70.5926580423263,16.6993973067403
2284,"U/N Reef (20-328f)",2014,9.241109,"Reefmod",NA,NA,59.0155481240055,51.4422877933599,68.4265403993209,16.9842526059609
2285,"U/N Reef (20-329)",2014,8.919271,"Reefmod",NA,NA,56.6279316337248,46.7393336145968,69.0258155532699,22.2864819386731
2286,"U/N Reef (20-330)",2014,8.436922,"Reefmod",NA,NA,62.8951839836386,51.533583477627,73.2054925250658,21.6719090474388
2287,"U/N Reef (20-331)",2014,8.931273,"Reefmod",NA,NA,58.7629855440741,46.1286027370917,67.5574451281562,21.4288423910645
2288,"U/N Reef (20-332)",2014,6.877506,"Reefmod",NA,NA,61.1129777114757,52.9578936564448,66.4274219573188,13.469528300874
2289,"U/N Reef (20-333)",2014,6.060478,"Reefmod",NA,NA,64.72625922711,61.6892786769401,71.1007997787613,9.41152110182122
2290,"U/N Reef (20-334)",2014,3.451224,"Reefmod",NA,NA,51.6783311515844,42.9391782663013,62.7060036666095,19.7668254003082
2291,"U/N Reef (20-423)",2014,29.40787,"Reefmod",NA,NA,59.2729402522982,47.193718592187,67.2179371257726,20.0242185335856
2292,"U/N Reef (20-424)",2014,30.25075,"Reefmod",NA,NA,62.7977841290939,56.6625741585461,68.0343528092726,11.3717786507266
2293,"U/N Reef (20-425)",2014,28.08988,"Reefmod",NA,NA,61.3389098085346,53.9313686772464,69.3049407129157,15.3735720356693
2294,"U/N Reef (20-426)",2014,35.87136,"Reefmod",NA,NA,63.5337833993644,59.4716444040953,67.5641945013938,8.09255009729844
2295,"U/N Reef (20-427)",2014,34.5516,"Reefmod",NA,NA,54.8450708375768,41.8886522989987,64.8747871066656,22.9861348076668
2296,"U/N Reef (20-428)",2014,35.50289,"Reefmod",NA,NA,54.257583557261,39.1469575892309,66.4523257222363,27.3053681330054
2297,"U/N Reef (20-429)",2014,33.22509,"Reefmod",NA,NA,60.8677146292265,50.0375647690422,70.520555571474,20.4829908024318
2298,"U/N Reef (20-430)",2014,37.75736,"Reefmod",NA,NA,57.6408736358,50.6009794006666,66.3036657034597,15.7026863027931
2299,"U/N Reef (20-431)",2014,37.20817,"Reefmod",NA,NA,53.8843561120016,38.361624656261,64.8379807995059,26.4763561432449
2300,"U/N Reef (20-432)",2014,40.075,"Reefmod",NA,NA,55.253878114406,48.451087063371,64.5208777959917,16.0697907326207
2301,"U/N Reef (20-582)",2014,16.45618,"Reefmod",NA,NA,65.4877671935938,54.8994577219384,75.1440523408394,20.244594618901
2302,"U/N Reef (20-583)",2014,19.75705,"Reefmod",NA,NA,64.9140504623614,54.4436789934993,73.1899034462087,18.7462244527094
2303,"U/N Reef (20-585)",2014,13.21561,"Reefmod",NA,NA,58.469637870818,47.8028715381499,71.5528565648931,23.7499850267432
2304,"U/N Reef (20-586)",2014,11.81809,"Reefmod",NA,NA,66.3297713879386,61.2317764430825,70.6656516741284,9.4338752310459
2305,"U/N Reef (20-587)",2014,17.00899,"Reefmod",NA,NA,66.7569147630805,60.0047712623742,74.7706614711092,14.765890208735
2306,"U/N Reef (20-588)",2014,11.06719,"Reefmod",NA,NA,61.0194394827123,48.1936417755586,72.9866522750879,24.7930104995293
2307,"U/N Reef (20-589)",2014,15.15602,"Reefmod",NA,NA,59.6668542276501,49.5865406055288,68.734748149302,19.1482075437732
2308,"U/N Reef (20-590)",2014,11.20853,"Reefmod",NA,NA,53.1897487341175,36.368635114115,66.0286780858949,29.66004297178
2309,"U/N Reef (20-591)",2014,13.88284,"Reefmod",NA,NA,60.4743534341142,42.0672038960423,74.3075256439964,32.240321747954
2310,"U/N Reef (20-592)",2014,14.90832,"Reefmod",NA,NA,62.8337895049671,59.9650580618099,66.1905089914549,6.22545092964501
2311,"U/N Reef (20-593)",2014,14.85178,"Reefmod",NA,NA,56.1020892054016,46.0674577141552,66.8910390154876,20.8235813013324
2312,"U/N Reef (20-594)",2014,13.34542,"Reefmod",NA,NA,54.8634370360176,41.3394640117495,66.7080405346998,25.3685765229504
2313,"U/N Reef (20-595)",2014,15.54937,"Reefmod",NA,NA,59.7587721260347,54.8861656556809,70.2473216611971,15.3611560055162
2314,"Lloyd Shoal (21-035)",2014,32.38077,"Reefmod",NA,NA,56.9786575041874,54.2630732682027,67.2146437304674,12.9515704622647
2315,"Viscount Shoals (No 1) (21-036a)",2014,10.10283,"Reefmod",NA,NA,59.3354182584959,48.8081824744144,65.6883648926185,16.8801824182041
2316,"Viscount Shoals (No 2) (21-036b)",2014,10.04027,"Reefmod",NA,NA,56.3540221393563,49.0811845705066,67.7153735402504,18.6341889697437
2317,"Viscount Shoals (No 3) (21-036c)",2014,8.889922,"Reefmod",NA,NA,57.2642372004402,45.1641723447008,68.6470407588205,23.4828684141197
2318,"Renou Reef (21-037)",2014,17.99779,"Reefmod",NA,NA,64.9601924790604,54.0654411758451,74.1972382430588,20.1317970672137
2319,"U/N Reef (20-335)",2014,4.39417,"Reefmod",NA,NA,58.9034866610076,51.7215248553904,67.1230207122934,15.401495856903
2320,"U/N Reef (20-336)",2014,7.157773,"Reefmod",NA,NA,57.7025373888857,45.8235199623801,69.4819861522887,23.6584661899086
2321,"U/N Reef (20-337)",2014,5.932629,"Reefmod",NA,NA,62.7157826942982,53.0073778209365,69.1792048245098,16.1718270035733
2322,"U/N Reef (20-338)",2014,4.955484,"Reefmod",NA,NA,58.6958380610549,48.7484031116629,70.5864349497156,21.8380318380527
2323,"U/N Reef (20-433)",2014,36.14163,"Reefmod",NA,NA,54.8058155623444,46.0923658108624,65.5754372444014,19.483071433539
2324,"U/N Reef (20-434)",2014,35.36462,"Reefmod",NA,NA,57.8251186000561,52.9672027428528,63.226415193122,10.2592124502691
2325,"U/N Reef (20-435)",2014,39.46876,"Reefmod",NA,NA,61.4776738461769,42.4754585142938,71.9782087724839,29.5027502581901
2326,"U/N Reef (20-436)",2014,34.16019,"Reefmod",NA,NA,56.0871931470321,48.4754242826919,66.3362226192924,17.8607983366005
2327,"U/N Reef (20-437)",2014,40.94784,"Reefmod",NA,NA,59.5437445084239,52.9368649861277,63.1154123387006,10.1785473525728
2328,"U/N Reef (20-438)",2014,46.12288,"Reefmod",NA,NA,54.3189200370561,43.315873244879,61.5501656757499,18.2342924308708
2329,"U/N Reef (20-439)",2014,45.67699,"Reefmod",NA,NA,58.9364300179667,46.0548171151141,69.0306162842219,22.9757991691078
2330,"U/N Reef (20-440)",2014,33.14718,"Reefmod",NA,NA,62.2919493012814,55.8802254751583,66.9926070097628,11.1123815346044
2331,"U/N Reef (20-441)",2014,17.44873,"Reefmod",NA,NA,52.8242735723922,44.7574662014072,58.660972805156,13.9035066037488
2332,"U/N Reef (20-442)",2014,45.53487,"Reefmod",NA,NA,55.7670725431769,48.1828813375077,68.2488068412811,20.0659255037734
2333,"U/N Reef (20-443)",2014,44.55032,"Reefmod",NA,NA,60.7503293782827,56.5719293970955,65.7418395791433,9.16991018204786
2334,"U/N Reef (20-596)",2014,15.41601,"Reefmod",NA,NA,63.5270081934782,56.1633928974655,69.9639011045446,13.8005082070792
2335,"U/N Reef (20-597)",2014,16.07772,"Reefmod",NA,NA,63.3791104776937,56.325165143088,68.1901739744257,11.8650088313377
2336,"U/N Reef (20-598)",2014,15.50914,"Reefmod",NA,NA,55.7340927935564,43.5948911691925,69.0254291181677,25.4305379489752
2337,"U/N Reef (20-599)",2014,16.20721,"Reefmod",NA,NA,59.4781052177667,52.035311028778,65.7992201914813,13.7639091627033
2338,"U/N Reef (20-600)",2014,10.34711,"Reefmod",NA,NA,60.278556258264,47.8545077538502,66.6886320148854,18.8341242610351
2339,"U/N Reef (20-601)",2014,12.34968,"Reefmod",NA,NA,61.4063275858458,47.6513040688093,71.2424063875472,23.5911023187379
2340,"U/N Reef (20-602)",2014,13.81651,"Reefmod",NA,NA,54.3426792587234,38.9109487114469,71.0045889651793,32.0936402537324
2341,"U/N Reef (20-603)",2014,11.62,"Reefmod",NA,NA,51.3543012088927,41.9996033300363,60.1646456866289,18.1650423565926
2342,"U/N Reef (20-604)",2014,14.27203,"Reefmod",NA,NA,58.5243419900507,46.6902262381895,69.6485434815642,22.9583172433747
2343,"U/N Reef (20-605)",2014,8.359098,"Reefmod",NA,NA,56.3979521133082,48.1280339648054,63.5727693737521,15.4447354089467
2344,"U/N Reef (20-607)",2014,14.28297,"Reefmod",NA,NA,58.9758162567217,53.0599999109698,64.7508473315552,11.6908474205855
2345,"Knight Reef (21-039)",2014,18.35998,"Reefmod",NA,NA,56.7519563362708,39.6998955395527,70.0296160670864,30.3297205275337
2346,"Minster Reef (21-040)",2014,11.78188,"Reefmod",NA,NA,56.1461143588355,50.9813811195256,66.1253880293656,15.14400690984
2347,"Festing Shoal (21-041)",2014,11.21328,"Reefmod",NA,NA,66.3740806874702,58.4067625018968,75.1127346171749,16.7059721152781
2348,"Beaver Shoal (21-043)",2014,11.57779,"Reefmod",NA,NA,61.3293418394149,56.3074118384217,70.7566343300743,14.4492224916526
2349,"Beverlac Reef (21-044)",2014,9.081493,"Reefmod",NA,NA,54.2026999422375,44.692780093299,63.534244869398,18.841464776099
2350,"U/N Reef (20-339a)",2014,4.068511,"Reefmod",NA,NA,62.206008823826,54.9893649255662,70.1066928097341,15.1173278841678
2351,"20-339b",2023,22,"Census",-20.7067,150.9378,40.4416273967137,36.0291984881496,45.9228498505526,9.89365136240295
2352,"U/N Reef (20-340)",2014,5.318444,"Reefmod",NA,NA,59.0842825494944,44.8433333276754,71.3067742254927,26.4634408978173
2353,"U/N Reef (20-341)",2014,6.350407,"Reefmod",NA,NA,51.022114579286,40.3549753493565,63.7148475147568,23.3598721654002
2354,"Thomas Reef (No 1) (20-234a)",2014,15.72286,"Reefmod",NA,NA,49.9340213639168,43.1873673925764,61.0890455488746,17.9016781562982
2355,"Thomas Reef (No 2) (20-234b)",2014,4.311862,"Reefmod",NA,NA,52.4932541135025,40.0447043178344,61.7702148317437,21.7255105139093
2356,"Thomas Reef (No 3) (20-234c)",2014,5.25238,"Reefmod",NA,NA,49.6744567833237,45.4571446829403,53.4372241836359,7.98007950069558
2357,"St Bees Island Reef (No 2) (20-279b)",2014,23.34885,"Reefmod",NA,NA,62.7090373929991,54.3184234347622,70.8726512672687,16.5542278325065
2358,"St Bees Island Reef (No 3) (20-279c)",2014,14.15504,"Reefmod",NA,NA,60.3735771270572,50.7400735988009,69.9442494929075,19.2041758941066
2359,"Aspatria Reef",2023,18,"Census",-20.9346,149.4706,29.786451999143,22.5830630039529,37.5540906782051,14.9710276742522
2360,"Wheatley Shoal (20-282)",2014,10.17122,"Reefmod",NA,NA,66.8484406504436,61.8434433946542,70.5759437889281,8.73250039427396
2361,"Flimby Shoal (20-283)",2014,10.4481,"Reefmod",NA,NA,53.1484166641774,40.5302765807004,69.8821970648841,29.3519204841837
2362,"Hesket Reef (20-284)",2014,14.29204,"Reefmod",NA,NA,58.5123698314728,48.066928069826,64.8033318113685,16.7364037415425
2363,"Shaw Island Reef (No 5) (20-102i)",2014,14.18849,"Reefmod",NA,NA,53.7643082762456,40.121278104189,64.3114598211006,24.1901817169116
2364,"Shaw Island Reef (No 6) (20-102e)",2014,13.2307,"Reefmod",NA,NA,48.2868583853887,39.9978957417703,54.8733011071509,14.8754053653807
2365,"Shaw Island Reef (No 7) (20-102f)",2014,19.34963,"Reefmod",NA,NA,53.6046582705937,48.036800314239,60.3841982907691,12.3473979765301
2366,"U/N Reef (20-184)",2014,7.174451,"Reefmod",NA,NA,53.7396203344343,40.7892213608215,63.7986973930835,23.0094760322619
2367,"20-185a",2023,31,"Census",-20.3541,150.5844,46.2963828720085,37.6044217083374,54.8408538754243,17.2364321670868
2368,"U/N Reef (20-185b)",2014,4.65529,"Reefmod",NA,NA,51.3115243938568,33.0309262018025,67.2359692432418,34.2050430414392
2369,"Thomas Reef (No 4) (20-234d)",2014,13.87951,"Reefmod",NA,NA,53.9231137285338,47.1270239135837,61.1667032119225,14.0396792983388
2370,"Thomas Reef (No 5) (20-234e)",2014,15.86205,"Reefmod",NA,NA,53.5179418999816,44.7295234484753,64.1892906970746,19.4597672485992
2371,"Thomas Reef (No 6) (20-234f)",2014,9.299203,"Reefmod",NA,NA,53.8843299382431,46.1382907101601,63.4307691986322,17.2924784884721
2372,"Thomas Reef (No 7) (20-234g)",2014,15.19739,"Reefmod",NA,NA,52.4177027631733,46.3037668695185,58.9926339901121,12.6888671205936
2373,"Green Reef (20-285)",2014,28.54903,"Reefmod",NA,NA,42.9234205546608,33.1039059819842,54.8711930878969,21.7672871059126
2374,"Parker Reef (20-286)",2014,19.40145,"Reefmod",NA,NA,55.4397364607974,43.9320768901518,64.4959693506258,20.5638924604741
2375,"Credlin Reefs (East) (20-287)",2023,11.27,"Manta",NA,NA,20.981783020564,14.8610496741194,25.9174558778208,11.0564062037015
2376,"Credlin Reefs (West) (20-288)",2014,21.19943,"Reefmod",NA,NA,57.5304606177912,53.4466345495932,65.5137764921333,12.06714194254
2377,"Shaw Island Reef (No 8) (20-102g)",2014,21.47749,"Reefmod",NA,NA,56.359261999295,49.7785015254247,62.6926605601527,12.914159034728
2378,"Shaw Island Reef (No 9) (20-102h)",2014,17.55873,"Reefmod",NA,NA,58.3919413527534,49.5250623029921,65.6312096255857,16.1061473225936
2379,"Shaw Island Reef (No 10) (20-102k)",2014,17.84306,"Reefmod",NA,NA,55.0926270934871,46.7816608825408,63.4635520511627,16.6818911686219
2380,"Shaw Island Reef (No 11) (20-102j)",2014,17.64965,"Reefmod",NA,NA,58.8296224992764,54.092545807474,64.6624008085786,10.5698550011046
2381,"Shaw Island Reef (No 12) (20-102l)",2014,20.8352,"Reefmod",NA,NA,53.5060211062783,41.5807672415162,62.3208604732972,20.7400932317809
2382,"U/N Reef (20-103)",2014,22.69578,"Reefmod",NA,NA,63.7119043322958,58.744501068801,72.3865158259318,13.6420147571308
2383,"U/N Reef (20-185c)",2014,3.791256,"Reefmod",NA,NA,59.3412850090406,52.9410888987947,70.3816718640164,17.4405829652216
2384,"U/N Reef (20-186)",2014,4.259578,"Reefmod",NA,NA,58.5504409032668,45.725608860779,68.4634906798696,22.7378818190906
2385,"Muirhead Reef (20-187)",2014,4.447028,"Reefmod",NA,NA,58.7882275609403,40.4991705652859,69.6196347378077,29.1204641725218
2386,"U/N Reef (20-188)",2014,6.401742,"Reefmod",NA,NA,58.5918216032005,53.3832858861463,64.4881249054989,11.1048390193526
2387,"U/N Reef (20-189)",2014,7.438489,"Reefmod",NA,NA,63.8475370638977,53.3390020453571,72.3975339656156,19.0585319202584
2388,"Thomas Reef (No 8) (20-234h)",2014,15.95152,"Reefmod",NA,NA,52.9357989509829,49.7064747633739,61.9825066275198,12.2760318641459
2389,"Fairlight Reef (20-235)",2014,5.8785,"Reefmod",NA,NA,48.3913033176676,34.563305779186,62.8567919380761,28.29348615889
2390,"St Helen Reef (20-236)",2014,6.35948,"Reefmod",NA,NA,49.9339356027044,34.4732125347434,61.3975547414351,26.9243422066917
2391,"Goldsmith Island Reef (No 1) (20-237a)",2014,13.32433,"Reefmod",NA,NA,56.8390353817377,53.5545709109964,59.7742135611263,6.21964265012993
2392,"Goldsmith Island Reef (No 2) (20-237b)",2014,24.89332,"Reefmod",NA,NA,54.0808294104912,43.5088698264619,61.539143616226,18.030273789764
2393,"Calder Reef (20-289)",2014,18.87055,"Reefmod",NA,NA,60.6482438198264,52.6361277693087,65.7113984552787,13.07527068597
2394,"Scawfell Reef (No 1) (20-290a)",2023,4.3,"COTS",NA,NA,13.4580470477962,11.7190341231596,14.8275121203011,3.10847799714147
2395,"Scawfell Reef (No 2) (20-290b)",2014,20.60969,"Reefmod",NA,NA,50.6013423417317,42.2964699853516,62.2590512440425,19.9625812586908
2396,"Three Rocks Reef (20-291)",2014,20.28138,"Reefmod",NA,NA,51.3222754870834,42.8943477550346,57.9288250064641,15.0344772514295
2397,"Square Reef (20-105)",2014,16.53207,"Reefmod",NA,NA,62.6229927474993,59.6645785101835,66.9153664601933,7.25078795000978
2398,"Peta Patches (No 1) (20-106a)",2014,19.20183,"Reefmod",NA,NA,67.2344315825629,64.8825922580009,70.1552735655492,5.27268130754834
2399,"Peta Patches (No 2) (20-106b)",2014,14.93473,"Reefmod",NA,NA,66.3467903283536,62.5298395187212,71.0971949395939,8.56735542087272
2400,"Peta Patches (No 3) (20-106c)",2014,17.48092,"Reefmod",NA,NA,65.6238989098806,61.9938080019739,72.3604972532277,10.3666892512538
2401,"Peta Patches (No 4) (20-106d)",2014,18.8339,"Reefmod",NA,NA,66.6973268547726,53.8352505091612,74.8788715708868,21.0436210617256
2402,"U/N Reef (20-107)",2014,16.78324,"Reefmod",NA,NA,65.0731232203585,59.2272708407622,69.4718227788893,10.2445519381271
2403,"U/N Reef (20-108)",2014,14.90749,"Reefmod",NA,NA,60.2327888539647,56.1383878662583,68.582996979242,12.4446091129837
2404,"U/N Reef (20-109)",2014,18.17587,"Reefmod",NA,NA,66.9000993276664,60.0881003280175,74.9961257474515,14.908025419434
2405,"U/N Reef (20-190)",2014,5.165437,"Reefmod",NA,NA,55.8255452619865,43.9582508714117,66.7091000876437,22.750849216232
2406,"U/N Reef (20-191)",2014,6.445754,"Reefmod",NA,NA,54.2173858046895,46.6272213115269,61.2844061654188,14.6571848538919
2407,"20-192",2025,20.37029176,"Census",-20.3978,150.583,20.37029176,20.37029176,20.37029176,0
2408,"U/N Reef (20-193)",2014,3.93928,"Reefmod",NA,NA,61.4441943393306,53.2526688045744,69.2092434236789,15.9565746191045
2409,"U/N Reef (20-194a)",2014,3.928779,"Reefmod",NA,NA,62.1757324444522,57.6641926026282,68.6639030835671,10.9997104809389
2410,"U/N Reef (20-194b)",2014,3.300618,"Reefmod",NA,NA,53.4622017717221,45.1415497239588,64.0469268300828,18.905377106124
2411,"Goldsmith Island Reef (No 3) (20-237c)",2014,21.89462,"Reefmod",NA,NA,60.7063639197923,53.8375914286202,68.9268559339835,15.0892645053633
2412,"Goldsmith Island Reef (No 4) (20-237d)",2014,23.42813,"Reefmod",NA,NA,55.6542246890959,44.4070389663531,62.8101484629671,18.403109496614
2413,"Goldsmith Island Reef (No 5) (20-237e)",2014,25.91289,"Reefmod",NA,NA,67.1369112637415,62.3217893252176,73.1291949880738,10.8074056628562
2414,"Goldsmith Island Reef (No 6) (20-237f)",2014,28.07385,"Reefmod",NA,NA,55.1759539484384,49.7699358469565,61.8072192155986,12.0372833686421
2415,"U/N Reef (20-237g)",2014,23.33427,"Reefmod",NA,NA,58.9744902632439,51.0918571213378,71.0606926173954,19.9688354960576
2416,"Derwent Reef (20-292)",2014,20.19785,"Reefmod",NA,NA,50.6433485680708,42.3908948703211,57.8492071952205,15.4583123248995
2417,"Skull Rock Reef (20-293)",2014,20.53344,"Reefmod",NA,NA,64.2503310884424,57.8591605369176,72.5402359156592,14.6810753787416
2418,"(Little) Stevens Reef (20-294)",2023,19.5,"RJFMP",NA,NA,34.263124733934,29.4308343543844,38.7750500448094,9.344215690425
2419,"U/N Reef (20-110)",2014,17.24886,"Reefmod",NA,NA,59.8834292563688,55.5707024367922,66.0280634510447,10.4573610142525
2420,"Edgell Reefs (No 2) (20-111)",2014,15.34059,"Reefmod",NA,NA,66.0134031825119,59.7359698174868,71.4985378670794,11.7625680495927
2421,"Edgell Reefs (No 5) (20-112)",2014,13.56068,"Reefmod",NA,NA,68.0432399583569,64.7896280349772,72.4475435879986,7.65791555302148
2422,"Ben Reef (20-113)",2023,45.804,"Manta",NA,NA,57.0890447820266,50.7839712946829,63.9238805722928,13.1399092776099
2423,"U/N Reef (20-114)",2014,15.13985,"Reefmod",NA,NA,55.5152192494775,44.3502890067406,65.1391427424556,20.7888537357151
2424,"U/N Reef (20-194c)",2014,3.531375,"Reefmod",NA,NA,61.9179619940816,57.302606758967,70.1103664018831,12.8077596429161
2425,"U/N Reef (20-195)",2014,6.203415,"Reefmod",NA,NA,60.2590676698347,46.0038774498296,72.9991621428171,26.9952846929874
2426,"U/N Reef (20-196)",2014,7.363185,"Reefmod",NA,NA,61.2864824265088,52.6445971142331,69.2343935137123,16.5897963994792
2427,"20-197",2023,50,"Census",-20.4467,150.7262,50.9969806321063,33.9957290917958,62.7882492561778,28.7925201643819
2428,"U/N Reef (20-511)",2014,6.61745,"Reefmod",NA,NA,63.7786661593246,52.8129832288325,73.3594255726999,20.5464423438674
2429,"Silversmith Reef (20-238)",2014,9.228272,"Reefmod",NA,NA,54.4315933274224,46.8484536829909,61.0015383516513,14.1530846686604
2430,"Pincer Reef (20-239)",2014,19.98684,"Reefmod",NA,NA,60.0698315134377,47.7622307439664,69.8799414214257,22.1177106774593
2431,"Teague Reef",2022,0,"Census",-20.3035,149.0689,5.67964853567723,3.38713588237761,6.66224693503753,3.27511105265991
2432,"Surprise Rock Reef (20-083)",2014,3.536732,"Reefmod",NA,NA,42.2930874481901,36.1036824863612,51.6761459232185,15.5724634368573
2433,"Little Bugatti (Wheatley) Reef",2022,3,"Census",-20.0264,150.243,9.76988725719042,6.75187910835073,12.2996550759841,5.54777596763336
2434,"Edgell Reefs (No 1) (20-116)",2014,16.77304,"Reefmod",NA,NA,66.3697913015096,61.1740546147549,71.4995391873539,10.325484572599
2435,"Edgell Reefs (No 3) (20-117)",2014,15.95745,"Reefmod",NA,NA,65.8533128543003,56.2227471647542,74.5867962368341,18.3640490720799
2436,"U/N Reef (20-118)",2014,11.84107,"Reefmod",NA,NA,58.2760541248923,40.4810822057661,72.337020564976,31.8559383592099
2437,"U/N Reef",2020,5,"Census",-20.0867,150.4166,34.1048004518868,30.213115934331,39.0736321094688,8.86051617513782
2438,"Wup Reef (20-120)",2014,19.43116,"Reefmod",NA,NA,68.0431622329815,64.578492469722,71.742578650118,7.16408618039601
2439,"U/N Reef (20-121)",2014,5.693323,"Reefmod",NA,NA,52.9702938198252,33.1275929698147,64.89974415199,31.7721511821753
2440,"U/N Reef (20-122)",2014,13.18519,"Reefmod",NA,NA,53.5508173096866,36.2104833016225,67.7907011191226,31.5802178175002
2441,"U/N Reef (20-199)",2014,6.28273,"Reefmod",NA,NA,53.3742929966999,39.1877151280002,64.9315496294762,25.743834501476
2442,"U/N Reef (20-200)",2014,4.315714,"Reefmod",NA,NA,51.0877148972942,38.3495280551289,65.6217438251349,27.272215770006
2443,"U/N Reef (20-201)",2014,5.577334,"Reefmod",NA,NA,50.4698042364004,37.4823310746569,66.7304533268687,29.2481222522118
2444,"U/N Reef (20-202)",2014,5.768998,"Reefmod",NA,NA,54.206938919637,38.291546475101,66.0591314756605,27.7675850005595
2445,"Defiance (Dalys) Island Reef (20-203)",2014,12.71751,"Reefmod",NA,NA,49.5867265608405,41.791034015772,58.9313674749401,17.1403334591681
2446,"Defiance Reefs (North) (20-204a)",2014,11.87936,"Reefmod",NA,NA,53.7741542446842,43.5324783476351,61.3611827346973,17.8287043870622
2447,"Anchorsmith Reef (20-241)",2014,15.5143,"Reefmod",NA,NA,52.1392634342906,40.0420146061749,59.9539357720978,19.9119211659228
2448,"Blackcombe Reef (20-242)",2014,17.18923,"Reefmod",NA,NA,55.3671424333574,46.4841421016845,63.0278900665906,16.5437479649061
2449,"Anvil Reef (20-243)",2014,11.69193,"Reefmod",NA,NA,54.6620262527621,44.9746982551034,63.7463020489425,18.771603793839
2450,"Carondelet Reef (20-244)",2014,10.96857,"Reefmod",NA,NA,52.1013478275136,44.0757360677525,60.3170904396664,16.2413543719139
2451,"Pentecost Reef (20-085)",2014,13.03711,"Reefmod",NA,NA,55.7397209374199,47.4425057325621,65.2972178002469,17.8547120676848
2452,"U/N Reef (20-123)",2014,15.33109,"Reefmod",NA,NA,60.1210228218997,44.9203906965843,69.9793224505745,25.0589317539901
2453,"U/N Reef (20-124)",2014,16.31017,"Reefmod",NA,NA,60.9918989500387,51.8974148825318,68.3729510925744,16.4755362100426
2454,"U/N Reef (20-125)",2014,6.422131,"Reefmod",NA,NA,57.8805986938094,47.9975695485013,69.3051683133957,21.3075987648944
2455,"U/N Reef (20-126)",2014,7.122514,"Reefmod",NA,NA,54.3610843679156,42.4353380515406,64.0856733561337,21.6503353045931
2456,"Bugatti Reef (20-127)",2014,7.357266,"Reefmod",NA,NA,59.1806310256532,49.3482387574669,68.3637038431905,19.0154650857236
2457,"Callum Shoal (20-1271)",2014,16.31691,"Reefmod",NA,NA,56.436258199887,44.7162970549483,63.8000422998632,19.0837452449148
2458,"Defiance Reefs (South) (20-204b)",2014,10.56563,"Reefmod",NA,NA,46.9729047526059,37.7829028983569,58.8596077361559,21.076704837799
2459,"U/N Reef (20-205)",2014,13.91602,"Reefmod",NA,NA,53.4742833655721,46.1193767416804,60.6039020133844,14.484525271704
2460,"Ripple Rocks Reef (20-206)",2014,7.115331,"Reefmod",NA,NA,47.3012036547509,38.9653598159662,54.0217146241248,15.0563548081587
2461,"Blacksmith Reef (20-245)",2014,14.03722,"Reefmod",NA,NA,56.2579945753444,43.124992366782,71.4885751164267,28.3635827496447
2462,"Hammer Reef (20-246)",2014,14.31151,"Reefmod",NA,NA,62.4168742752019,56.7605122684489,67.5921995665778,10.8316872981289
2463,"Cole Island Reef (20-086)",2014,14.25055,"Reefmod",NA,NA,54.3843383891824,48.1179568354832,60.5728102159159,12.4548533804327
2464,"Edgell Reefs (No 4) (20-128)",2014,16.98733,"Reefmod",NA,NA,65.6863202329,55.0759842931356,75.5887317108203,20.5127474176847
2465,"Henderson Reefs (20-129)",2014,16.14807,"Reefmod",NA,NA,67.5045409949418,60.4756683644265,73.6676662066306,13.1919978422041
2466,"U/N Reef (20-130)",2025,34.3,"RJFMP",NA,NA,34.3,34.3,34.3,0
2467,"U/N Reef (20-131)",2014,5.318077,"Reefmod",NA,NA,59.3784387355894,46.7555842676048,70.0473888214866,23.2918045538818
2468,"Cape Rock Reef (20-207)",2014,6.698688,"Reefmod",NA,NA,60.4236712892211,57.0114889438306,64.7042460866937,7.69275714286312
2469,"North Repulse Reef (20-208)",2014,12.79241,"Reefmod",NA,NA,53.729682527309,46.5730345111713,64.1108514915114,17.5378169803401
2470,"Ladysmith Reef (20-247)",2014,8.394676,"Reefmod",NA,NA,57.9948290089859,52.26634714105,64.6796249507557,12.4132778097057
2471,"Locksmith Reef (20-248)",2014,9.521064,"Reefmod",NA,NA,59.2886576738609,53.99639204849,67.8105299934347,13.8141379449447
2472,"Geranium Shoal (20-249)",2014,11.06893,"Reefmod",NA,NA,52.4848924493377,42.5511589771497,60.1598860905374,17.6087271133877
2473,"Bellows Reef (20-250)",2014,9.416988,"Reefmod",NA,NA,60.8440804863226,55.9605707162894,68.4857121129699,12.5251413966805
2474,"Forge Reef (20-251)",2014,9.6527,"Reefmod",NA,NA,57.017037554173,47.9895848754056,65.4240361653731,17.4344512899675
2475,"Farrier Reef (20-252)",2014,20.91944,"Reefmod",NA,NA,62.0567430090732,53.5762671815275,71.2782271727104,17.701959991183
2476,"Anne Island Reef (20-087)",2014,13.0434,"Reefmod",NA,NA,56.0742889532639,49.7950428005706,60.5852950507106,10.7902522501399
2477,"Jester Reef (20-088)",2014,13.79386,"Reefmod",NA,NA,47.8941980309246,38.7996087072594,55.7548653499341,16.9552566426747
2478,"U/N Reef (20-132)",2014,4.938503,"Reefmod",NA,NA,65.6265545224751,60.8380766048633,68.6401535902504,7.80207698538716
2479,"East Repulse Reef (20-209)",2014,13.58062,"Reefmod",NA,NA,59.9783895175496,54.4732011693738,65.9144332869021,11.4412321175283
2480,"South Repulse Reef (20-210)",2014,14.64992,"Reefmod",NA,NA,36.2575016246281,28.0337856511779,47.313568949444,19.2797832982661
2481,"U/N Reef (20-211)",2014,28.92548,"Reefmod",NA,NA,43.7961139188755,34.4831838629476,55.3089880418156,20.8258041788679
2482,"U/N Reef (20-212)",2014,20.33286,"Reefmod",NA,NA,37.5348151743163,23.2436127217213,48.3670181871917,25.1234054654704
2483,"Gould Island Reef (20-213)",2014,18.46633,"Reefmod",NA,NA,44.7438841907367,35.755649296956,52.2828557283427,16.5272064313866
2484,"Linne Island Reef (No 1) (20-253a)",2014,19.4748,"Reefmod",NA,NA,61.464842088584,58.8897346272931,65.2628865368172,6.37315190952415
2485,"Linne Island Reef (No 2) (20-253b)",2014,23.17087,"Reefmod",NA,NA,56.7179424003816,49.5304814412804,63.2799417134281,13.7494602721477
2486,"Linne Island Reef (No 3) (20-253c)",2014,28.76718,"Reefmod",NA,NA,54.363174634913,48.3703407838264,60.2950390528856,11.9246982690592
2487,"Linne Island Reef (No 4) (20-253d)",2014,23.838,"Reefmod",NA,NA,57.0986040681119,49.4913274658343,64.3391612765753,14.847833810741
2488,"Deloraine Reef (20-089)",2014,27.93992,"Reefmod",NA,NA,56.9995744914762,51.9716868808143,60.9444577827981,8.97277090198379
2489,"Hunt Reef (20-134)",2014,20.42097,"Reefmod",NA,NA,56.4023292538498,46.1371950158738,69.7422805034259,23.605085487552
2490,"Robertson Reefs (No 1) (20-135)",2014,19.04691,"Reefmod",NA,NA,60.7832726237389,57.0004343087174,68.8537841031985,11.853349794481
2491,"Robertson Reefs (No 2) (20-136)",2014,21.28966,"Reefmod",NA,NA,65.1322032497614,58.0975902159432,70.7327299441608,12.6351397282176
2492,"Midge Reef (20-214)",2014,15.85481,"Reefmod",NA,NA,36.6916633147043,21.8983416482755,48.2225589119622,26.3242172636867
2493,"U/N Reef (20-215)",2014,24.94053,"Reefmod",NA,NA,45.0291836156024,30.7009698446122,57.0960133610758,26.3950435164636
2494,"U/N Reef (20-216)",2014,36.91806,"Reefmod",NA,NA,43.2057170331421,38.3855339607864,52.8640976582926,14.4785636975062
2495,"U/N Reef (20-217)",2014,19.58561,"Reefmod",NA,NA,44.1551619753212,30.9094818843255,54.0505937888332,23.1411119045076
2496,"U/N Reef (20-218)",2014,41.6655,"Reefmod",NA,NA,39.431016175983,28.1882150565754,49.2648879502636,21.0766728936883
2497,"Cave Reef (20-219a)",2014,21.0721,"Reefmod",NA,NA,48.2051346653492,39.848343243818,55.4843801058063,15.6360368619884
2498,"Tinsmith Reef (20-254)",2014,27.81155,"Reefmod",NA,NA,52.4782336391344,43.485374079432,59.4911023490348,16.0057282696028
2499,"Solder Reef (20-255)",2014,28.94216,"Reefmod",NA,NA,55.4304685584132,47.9444293379124,61.7662275754605,13.8217982375481
2500,"U/N Reef (20-257a)",2014,28.45711,"Reefmod",NA,NA,64.2870317753092,56.5666294354241,70.4227174547156,13.8560880192915
2501,"Lindeman Island Reef (No 1) (20-090a)",2014,15.53157,"Reefmod",NA,NA,53.6698114942467,46.008742213688,60.3049567705867,14.2962145568987
2502,"Lindeman Island Reef (No 2) (20-090b)",2014,16.24026,"Reefmod",NA,NA,53.8263749621647,41.6306070858537,64.9053292146574,23.2747221288037
2503,"Lindeman Island Reef (No 3) (20-090c)",2014,15.15623,"Reefmod",NA,NA,51.5467706859945,41.8975619524632,60.3563431040541,18.4587811515909
2504,"Lindeman Island Reef (No 4) (20-090d)",2014,14.64926,"Reefmod",NA,NA,53.5556547609654,51.1517568211575,59.8366089311164,8.68485210995894
2505,"Robertson Reefs (No 3) (20-137)",2014,19.89912,"Reefmod",NA,NA,65.1222736236494,59.4184515142768,69.3447599548114,9.92630844053458
2506,"Bax Reef (20-138)",2023,25.6,"RJFMP",NA,NA,38.5411600402178,26.4698183322739,49.498137117658,23.028318785384
2507,"Robertson Reefs (No 4) (20-139)",2014,15.2815,"Reefmod",NA,NA,59.2055998369256,51.9395414154093,69.4779684312177,17.5384270158084
2508,"Nixon Reef (20-140)",2014,16.46753,"Reefmod",NA,NA,52.6437030081164,39.6534908822499,63.3463121613705,23.6928212791206
2509,"U/N Reef (20-141)",2014,11.20366,"Reefmod",NA,NA,58.6784539494795,44.5979809494234,68.3614412831941,23.7634603337707
2510,"Pigeon Reef (20-219b)",2014,29.0137,"Reefmod",NA,NA,45.2432588314045,32.4527103943845,56.1440499385036,23.6913395441192
2511,"High Islands Reef (North) (20-220)",2014,14.7324,"Reefmod",NA,NA,42.1040815008292,30.0875776327684,55.2064673344748,25.1188897017064
2512,"Ingot Island Reef (20-257b)",2014,31.02174,"Reefmod",NA,NA,58.6510397059449,47.8931697476126,64.6718347815136,16.778665033901
2513,"Specie Shoal (20-258)",2014,13.13742,"Reefmod",NA,NA,51.7150944876723,41.1462579446147,64.8581721037667,23.7119141591521
2514,"Io Reef (20-259)",2014,9.824773,"Reefmod",NA,NA,56.8227935150154,43.9119135523758,65.611747274907,21.6998337225312
2515,"Bullion Rocks Reef (20-260)",2014,26.24175,"Reefmod",NA,NA,62.8898801635471,59.739918166936,65.2438655289266,5.5039473619906
2516,"Coffin Reef (20-261)",2014,15.66679,"Reefmod",NA,NA,55.3784042462577,51.3203178836052,61.7922706922327,10.4719528086275
2517,"Lindeman Island Reef (No 5) (20-090e)",2014,13.46195,"Reefmod",NA,NA,51.2951777891936,40.5666230751348,60.2910866157537,19.7244635406189
2518,"Baynham Reef (20-091)",2014,15.32269,"Reefmod",NA,NA,52.7810050405589,46.6140246190865,59.4252011328412,12.8111765137546
2519,"Sidney Reef (20-092)",2014,12.73855,"Reefmod",NA,NA,56.7274071557701,51.0963660273085,61.1697102136501,10.0733441863415
2520,"U/N Reef (20-142)",2014,15.5254,"Reefmod",NA,NA,56.5257126919571,43.6710771948862,65.3592486362484,21.6881714413621
2521,"U/N Reef (20-143)",2014,16.16885,"Reefmod",NA,NA,58.4637477227882,49.5612628189047,68.65028019602,19.0890173771153
2522,"Cannan Reef (20-144)",2023,17.024,"Manta",NA,NA,28.9259446026594,22.0990410873444,34.874407562984,12.7753664756396
2523,"Packer Reefs (20-145)",2014,15.67522,"Reefmod",NA,NA,56.9874089538964,47.9039454680017,63.5778755395211,15.6739300715194
2524,"Boulton Reef (20-146)",2023,33.1,"RJFMP",NA,NA,50.7144759754717,44.1889064606695,57.743922019845,13.5550155591755
2525,"U/N Reef (20-147)",2014,11.78367,"Reefmod",NA,NA,59.0712960164409,49.7025923513705,67.033050817387,17.3304584660164
2526,"High Islands Reef (South) (20-221)",2014,13.60583,"Reefmod",NA,NA,44.7462011863007,36.9606793273385,55.2549200027545,18.294240675416
2527,"Carpet Snake Reef (20-222)",2014,21.87325,"Reefmod",NA,NA,35.7947842982194,21.535560955989,47.6732850212409,26.1377240652519
2528,"Low Rock Reef (20-223)",2014,16.78086,"Reefmod",NA,NA,37.2960941775255,25.6104676118752,50.4824740149033,24.8720064030282
2529,"Croaker Reef (20-224)",2014,12.31745,"Reefmod",NA,NA,48.7577842531691,39.2447306394193,58.736039853784,19.4913092143647
2530,"Wigton Island Reef (No 1) (20-262a)",2014,22.64787,"Reefmod",NA,NA,54.8730915295917,46.9225108205054,63.8192442349708,16.8967334144654
2531,"Wigton Island Reef (No 2) (20-262b)",2014,23.97827,"Reefmod",NA,NA,54.8232008553297,47.90328748437,60.5373462535608,12.6340587691908
2532,"Silloth Reef (20-263)",2014,23.45455,"Reefmod",NA,NA,58.4033885688968,44.3491934012046,69.3107220074185,24.961528606214
2533,"Allonby Reef (20-264)",2014,28.96616,"Reefmod",NA,NA,60.2404799900781,49.1985303546659,70.1610297624822,20.9624994078163
2534,"Comston Reef (20-093)",2014,17.57692,"Reefmod",NA,NA,55.5729717353969,47.6172148896132,68.4083577657808,20.7911428761676
2535,"U/N Reef (20-148)",2014,15.70909,"Reefmod",NA,NA,58.3158756127152,50.5344651973469,68.8057577286077,18.2712925312608
2536,"U/N Reef (20-149)",2014,7.419506,"Reefmod",NA,NA,57.2017230396529,42.5802991882413,68.5612393273785,25.9809401391372
2537,"U/N Reef (20-150)",2014,16.37149,"Reefmod",NA,NA,55.628414080055,48.7935386604002,59.7956671449068,11.0021284845066
2538,"U/N Reef (20-151)",2014,16.54861,"Reefmod",NA,NA,56.6825566026022,44.0281183685063,63.6968218087661,19.6687034402598
2539,"U/N Reef (20-152)",2014,14.31742,"Reefmod",NA,NA,54.8850000567378,40.0612440804227,66.3153057532786,26.2540616728559
2540,"U/N Reef (20-153)",2014,15.36653,"Reefmod",NA,NA,55.5275701130933,45.0319070333374,65.4133799443758,20.3814729110384
2541,"U/N Reef (20-154)",2014,11.79575,"Reefmod",NA,NA,53.3017949476101,30.9069968729389,68.0544231961983,37.1474263232594
2542,"U/N Reef (20-155)",2014,12.65006,"Reefmod",NA,NA,55.9644544370103,42.0534871630406,68.9872984192988,26.9338112562582
2543,"U/N Reef (20-156)",2014,11.04273,"Reefmod",NA,NA,53.5861810607948,40.3169158532277,65.6080400166743,25.2911241634466
2544,"U/N Reef (20-157)",2014,10.85433,"Reefmod",NA,NA,57.546424154471,47.167164572198,67.4907246387168,20.3235600665188
2545,"U/N Reef (20-158)",2014,11.60358,"Reefmod",NA,NA,54.5798663307983,43.8774366973324,64.1114624691805,20.2340257718481
2546,"U/N Reef (20-159)",2014,10.75601,"Reefmod",NA,NA,59.7926670504148,51.6730976662727,69.4912624159148,17.8181647496421
2547,"U/N Reef (20-160)",2014,9.398815,"Reefmod",NA,NA,58.5781385850693,44.0890805447813,68.7478052506833,24.658724705902
2548,"Rabbit Reef (20-225)",2014,26.09489,"Reefmod",NA,NA,40.2949130810911,26.008300291831,52.4507538480038,26.4424535561728
2549,"Fish Reef (20-226)",2014,12.93367,"Reefmod",NA,NA,51.8192781529357,45.8108503585318,58.1203604472875,12.3095100887557
2550,"Maryport Reef (20-266)",2014,19.50175,"Reefmod",NA,NA,55.9133306395735,45.0756107617099,65.8451639393781,20.7695531776682
2551,"Edgell Rock Reef (20-267)",2014,22.83164,"Reefmod",NA,NA,57.4867379870956,47.35333422896,64.3286005188522,16.9752662898922
2552,"Baxendell Shoal (20-268)",2014,14.88293,"Reefmod",NA,NA,57.5516773594617,45.8964828074936,68.2667771143768,22.3702943068832
2553,"Cockermouth Reef",2021,1,"Census",-20.7787,149.3975,18.8700867720647,15.4599979643375,22.5275041033924,7.06750613905491
2554,"Seaforth Reef (20-095)",2023,12.51,"MMP",NA,NA,26.7202284765333,23.3166516177834,29.4248240253098,6.10817240752641
2555,"Mansell Reef (20-096)",2014,16.75281,"Reefmod",NA,NA,58.5266315294768,51.5936442821939,65.5702703777472,13.9766260955533
2556,"U/N Reef (20-161)",2014,11.0247,"Reefmod",NA,NA,61.8713623948282,52.7707601511222,71.964526606148,19.1937664550257
2557,"U/N Reef (20-162)",2014,12.74254,"Reefmod",NA,NA,59.4695803769944,55.9848504537163,66.1955501505928,10.2106996968765
2558,"U/N Reef (20-163)",2014,11.30866,"Reefmod",NA,NA,64.8916747284253,60.3310140149428,70.6176296225526,10.2866156076098
2559,"U/N Reef (20-164)",2014,11.74702,"Reefmod",NA,NA,63.8934269298839,59.5049602163682,70.3246040615346,10.8196438451664
2560,"U/N Reef (20-165)",2014,9.269366,"Reefmod",NA,NA,55.4199911475121,42.2514886135377,66.6756798137995,24.4241912002618
2561,"U/N Reef (20-166)",2014,9.237729,"Reefmod",NA,NA,60.3953365328258,58.8659246972005,69.3143367763055,10.448412079105
2562,"Mausoleum Reef (20-227)",2014,25.4611,"Reefmod",NA,NA,43.3520272357278,31.7008987185032,51.8089833259587,20.1080846074555
2563,"Newry Reef (20-228)",2014,18.83441,"Reefmod",NA,NA,47.8943967800146,33.8255790806422,60.9180216088938,27.0924425282516
2564,"Carlisle Reef",2021,2,"Census",-20.8011,149.2813,20.3128396688635,11.3637710841466,27.2990177205857,15.9352466364391
2565,"Brush Island Reef (20-098)",2014,15.41216,"Reefmod",NA,NA,56.3244517461146,52.2856623907031,59.4907609380042,7.20509854730111
2566,"Little Lindeman Reef (20-099)",2014,13.89112,"Reefmod",NA,NA,50.7993379599666,40.9641617202442,60.4449557419382,19.4807940216939
2567,"U/N Reef (20-167)",2014,3.701328,"Reefmod",NA,NA,53.195584329898,41.7260196784922,63.0867707768124,21.3607510983202
2568,"U/N Reef (20-168)",2014,10.17421,"Reefmod",NA,NA,56.6655222751346,51.754483703181,63.5297556847359,11.7752719815549
2569,"U/N Reef (20-170)",2014,8.394566,"Reefmod",NA,NA,61.1760956060247,56.4837314676701,66.5796497568093,10.0959182891392
2570,"U/N Reef (20-171)",2014,9.340104,"Reefmod",NA,NA,51.2436424339437,34.2813630724983,60.495276265019,26.2139131925207
2571,"Red Cliff Islands Reef (20-229)",2014,27.10365,"Reefmod",NA,NA,37.0779580647625,23.8315531636727,52.3583771257645,28.5268239620919
2572,"U/N Reef (20-230)",2014,21.0811,"Reefmod",NA,NA,49.9778815848286,36.8207940381155,60.0112247622024,23.1904307240869
2573,"Brampton Reef",2021,1,"Census",-20.8162,149.267,18.5126563350158,11.7366639851387,23.5606274511554,11.8239634660166
2574,"Bolton Shoal (20-272)",2014,17.98268,"Reefmod",NA,NA,55.1341925027692,48.1867211856538,62.0847818878872,13.8980607022334
2575,"Fantome Rocks (20-273)",2014,9.05529,"Reefmod",NA,NA,58.7378828242392,55.8848357417061,65.748489848638,9.86365410693188
2576,"U/N Reef (20-274)",2014,15.54511,"Reefmod",NA,NA,42.0283001621884,27.4854510537273,56.6905310878459,29.2050800341187
2577,"Wedge Island Reef (20-275)",2014,10.74078,"Reefmod",NA,NA,43.5878719593494,30.0209086114827,52.8456159678957,22.824707356413
2578,"Hyde Rock Reef (20-276)",2014,10.2619,"Reefmod",NA,NA,57.9680654301099,50.1173427586839,65.981869784431,15.8645270257471
2579,"Triangle Island Reef (20-100)",2014,11.14743,"Reefmod",NA,NA,49.4287371937149,40.3876555795633,57.373324407264,16.9856688277007
2580,"Yellow Rock Reef (20-101)",2014,14.90855,"Reefmod",NA,NA,47.1079247890921,37.6010886595548,55.567939314753,17.9668506551982
2581,"Shaw Island Reef (No 1)",2021,0,"Census",-20.4368,149.0809,15.851101600592,7.62354521208852,21.3017137145996,13.6781685025111
2582,"U/N Reef (20-172)",2014,3.864675,"Reefmod",NA,NA,49.0943988562279,41.7636438226574,58.6268517372003,16.8632079145429
2583,"U/N Reef (20-173)",2014,12.5903,"Reefmod",NA,NA,57.7017106041989,55.1913626907736,64.6702721934796,9.47890950270595
2584,"U/N Reef (20-174)",2014,7.001956,"Reefmod",NA,NA,61.2825932279556,49.3965156735343,68.823233453688,19.4267177801537
2585,"U/N Reef (20-175)",2014,9.513013,"Reefmod",NA,NA,58.2547089701818,57.1857318903716,64.6630964877623,7.47736459739068
2586,"U/N Reef (20-176)",2014,6.155095,"Reefmod",NA,NA,63.8810649372327,56.6045952303601,69.8253863391156,13.2207911087555
2587,"U/N Reef (20-177)",2014,11.6113,"Reefmod",NA,NA,57.9536163065568,50.2295226166701,66.6497751092192,16.4202524925491
2588,"U/N Reef (20-178)",2014,6.788289,"Reefmod",NA,NA,64.2109675849258,60.7519001126097,70.9958100003927,10.243909887783
2589,"Volskow Reef (20-231)",2014,13.1211,"Reefmod",NA,NA,52.9957896392657,46.5453784996637,58.5730470431089,12.0276685434451
2590,"Keyser Reef (20-232)",2014,15.53689,"Reefmod",NA,NA,54.8647612982494,48.4076512069406,63.6421720570835,15.2345208501429
2591,"Keswick Island Reef (No 1)",2021,6,"Census",-20.9101,149.3914,32.572445674343,26.6093369484339,37.8825615886264,11.2732246401925
2592,"Keswick Island Reef (No 2)",2021,7,"Census",-20.9185,149.4009,25.3011223297805,20.9742026563829,28.6505617195754,7.67635906319245
2593,"Keswick Island Reef (No 3) (20-277c)",2014,27.59438,"Reefmod",NA,NA,62.3579722353032,52.0956157575317,73.5216626922593,21.4260469347276
2594,"St Bees Island Reef (No 1) (20-279a)",2014,20.27365,"Reefmod",NA,NA,57.0306849134509,52.2125919135049,65.183485871008,12.9708939575031
2595,"Shaw Island Reef (No 2)",2021,1,"Census",-20.4584,149.0799,21.6618160666618,14.9144980254136,26.1838552520852,11.2693572266716
2596,"Shaw Island Reef (No 3) (20-102c)",2014,14.90394,"Reefmod",NA,NA,58.1306846294889,51.2776162335093,69.3169642439994,18.03934801049
2597,"Shaw Island Reef (No 4) (20-102d)",2014,14.74888,"Reefmod",NA,NA,48.6220041168067,33.2142583897387,67.9133625656671,34.6991041759284
2598,"U/N Reef (20-104)",2021,48.28,"AIMS Transect",NA,NA,64.9321108549855,60.206906058459,68.3673371868535,8.16043112839445
2599,"U/N Reef (20-179)",2014,3.849812,"Reefmod",NA,NA,57.3310538220142,41.0874661246482,69.2066353301911,28.1191692055429
2600,"U/N Reef (20-180)",2014,11.9862,"Reefmod",NA,NA,52.2224923881637,42.714742078577,64.9853220469255,22.2705799683485
2601,"U/N Reef (20-181)",2014,9.671288,"Reefmod",NA,NA,48.6100139807074,32.8346690969984,65.1752731640472,32.3406040670488
2602,"20-182",2023,36,"Census",-20.3331,150.5783,44.8593549586685,31.9919756210301,55.2519579715889,23.2599823505588
2603,"U/N Reef (20-183)",2014,7.365424,"Reefmod",NA,NA,60.3830959222629,49.4593137123665,68.3295029058552,18.8701891934887
2604,"Long Rock Reef (20-233)",2014,12.85609,"Reefmod",NA,NA,59.6070420107154,53.3576939944278,64.7327611126956,11.3750671182678
2605,"U/N Reef (21-686)",2014,30.18074,"Reefmod",NA,NA,67.3434562939912,64.1342762113499,71.5605615519152,7.4262853405653
2606,"U/N Reef (21-687)",2014,35.0257,"Reefmod",NA,NA,68.2861399608107,60.6006014637793,75.5638764457049,14.9632749819257
2607,"U/N Reef (21-688)",2014,36.47666,"Reefmod",NA,NA,68.3909117513217,63.6678266692635,73.1893726519414,9.52154598267782
2608,"U/N Reef (21-689)",2014,36.75152,"Reefmod",NA,NA,67.6852919025805,63.9999726879103,74.0333504746027,10.0333777866924
2609,"U/N Reef (21-690)",2014,37.9882,"Reefmod",NA,NA,64.9873291474794,57.7098531843676,72.946499895515,15.2366467111474
2610,"U/N Reef (21-691)",2014,39.95089,"Reefmod",NA,NA,65.8242481248939,61.6393944553537,71.5264903705144,9.88709591516074
2611,"U/N Reef (21-692)",2014,36.72145,"Reefmod",NA,NA,68.3143042113034,64.7908657468101,72.1231193727492,7.3322536259391
2612,"U/N Reef (21-693)",2014,35.76441,"Reefmod",NA,NA,69.8754847724028,68.0331962796028,71.7391317964298,3.70593551682705
2613,"U/N Reef (21-694)",2014,34.93828,"Reefmod",NA,NA,68.2932485871237,60.4805596608275,72.4472049284457,11.9666452676182
2614,"U/N Reef (21-695)",2014,37.53745,"Reefmod",NA,NA,64.6559371778879,61.3368172832663,70.0941107115602,8.75729342829386
2615,"U/N Reef (21-696)",2014,33.55557,"Reefmod",NA,NA,66.8678990729177,64.1837312281409,70.8245075698753,6.64077634173438
2616,"McEwen Reef (22-015)",2014,45.75149,"Reefmod",NA,NA,63.2929648848738,53.2698825204088,72.0425635955992,18.7726810751904
2617,"Pilot Reef (22-016)",2014,36.87714,"Reefmod",NA,NA,58.6283529599955,45.7198640678034,68.4611454532721,22.7412813854687
2618,"Boyle Reef (22-017)",2014,31.36728,"Reefmod",NA,NA,62.223337591087,55.753328313467,67.4794827891831,11.7261544757161
2619,"Tide Reef (22-018)",2014,13.55747,"Reefmod",NA,NA,57.9037262989662,49.5681911251215,64.8852780434762,15.3170869183547
2620,"Long Island Reef (22-019)",2014,33.86169,"Reefmod",NA,NA,61.440667172492,56.518376954607,71.3904734599049,14.872096505298
2621,"U/N Reef (21-480)",2014,22.28768,"Reefmod",NA,NA,69.0477064894906,63.1516660972164,74.9666641008292,11.8149980036128
2622,"U/N Reef (21-481)",2014,22.02307,"Reefmod",NA,NA,69.9866391299666,63.3447645337016,74.7903501909357,11.4455856572341
2623,"U/N Reef (21-482)",2014,28.70883,"Reefmod",NA,NA,69.1560291344197,64.0342786682122,75.1313955704206,11.0971169022084
2624,"U/N Reef (21-483)",2014,32.47157,"Reefmod",NA,NA,59.5168313531334,42.5008334551092,71.4818894720012,28.981056016892
2625,"U/N Reef (21-484)",2014,20.9667,"Reefmod",NA,NA,64.7540255023581,62.80201183444,72.8627694731915,10.0607576387515
2626,"U/N Reef (21-485)",2014,21.21887,"Reefmod",NA,NA,65.1947204957399,59.3892040078412,71.715183980402,12.3259799725608
2627,"U/N Reef (21-486)",2025,34.2,"RJFMP",NA,NA,34.2,34.2,34.2,0
2628,"Obstruction Reef (21-552)",2014,23.54628,"Reefmod",NA,NA,62.5640830691504,55.389236770177,70.3857553516057,14.9965185814286
2629,"U/N Reef (21-553)",2025,28.8,"COTS",NA,NA,28.8,28.8,28.8,0
2630,"U/N Reef (21-554)",2025,19,"COTS",NA,NA,19,19,19,0
2631,"U/N Reef (21-555)",2014,17.9102,"Reefmod",NA,NA,64.9912186668233,59.236264402796,69.6391664706281,10.4029020678321
2632,"Gannett Cay Reef (21-556)",2023,3.194,"Manta",NA,NA,11.2772319963723,9.16326654075831,12.6642597070094,3.50099316625107
2633,"U/N Reef (21-557)",2023,4.3,"RJFMP",NA,NA,14.1512035727984,11.3093693940311,18.762450658837,7.45308126480595
2634,"U/N Reef (21-697)",2014,36.04912,"Reefmod",NA,NA,69.212353794839,64.1514039531238,73.6585757820888,9.50717182896504
2635,"U/N Reef (21-698)",2014,35.77316,"Reefmod",NA,NA,63.0639201793414,59.1107411153822,65.7220673164314,6.61132620104921
2636,"U/N Reef (21-699)",2014,37.30496,"Reefmod",NA,NA,67.6450824862784,64.3623198154747,70.5604603222989,6.19814050682412
2637,"U/N Reef (21-700)",2014,27.87542,"Reefmod",NA,NA,62.3130336482237,54.1695468874263,70.2658752242742,16.0963283368479
2638,"U/N Reef (21-701)",2014,25.54034,"Reefmod",NA,NA,63.0009574322696,54.786021411979,70.626682424819,15.84066101284
2639,"U/N Reef (21-702)",2014,28.07788,"Reefmod",NA,NA,63.4186726170285,58.6527910132524,69.5948013003787,10.9420102871263
2640,"U/N Reef (21-703)",2014,35.35659,"Reefmod",NA,NA,67.4695361851726,62.9781646750734,72.7071165949939,9.72895191992052
2641,"U/N Reef (21-704)",2014,35.49446,"Reefmod",NA,NA,67.6335244257391,63.0968361610812,72.8483206471141,9.75148448603287
2642,"U/N Reef (21-705)",2014,34.73823,"Reefmod",NA,NA,66.2748287269222,59.4324759151985,72.6927170887046,13.2602411735061
2643,"U/N Reef (21-706)",2014,30.77696,"Reefmod",NA,NA,63.9628232177996,55.0118358295663,72.0458303087714,17.0339944792051
2644,"U/N Reef (21-707)",2014,36.72028,"Reefmod",NA,NA,66.9558032675582,61.4103678498034,71.0506129724346,9.64024512263125
2645,"U/N Reef (21-487)",2014,24.57662,"Reefmod",NA,NA,61.5967046863238,57.5420472395701,67.1556466936937,9.61359945412364
2646,"U/N Reef (21-488)",2024,53.7,"RJFMP",NA,NA,55.9844314992336,53.1561388179362,58.6417555815803,5.4856167636441
2647,"U/N Reef (21-489)",2024,46.4,"RJFMP",NA,NA,49.7467075625765,49.3140034799128,50.3517208841496,1.03771740423679
2648,"Turrum Reef (21-490)",2023,30.2,"RJFMP",NA,NA,44.6361510573465,37.4873048142964,50.1790394813413,12.6917346670449
2649,"U/N Reef (21-491)",2025,46.9,"RJFMP",NA,NA,46.9,46.9,46.9,0
2650,"U/N Reef (21-558)",2023,39.314,"Manta",NA,NA,52.6401995606205,48.9045150520734,57.9250767044624,9.02056165238893
2651,"U/N Reef (21-559)",2023,26.8,"RJFMP",NA,NA,36.7546483123986,29.5435748841505,42.15274635782,12.6091714736695
2652,"U/N Reef (21-560)",2014,19.43297,"Reefmod",NA,NA,65.1237344690657,53.7509946475853,76.7602634494674,23.009268801882
2653,"U/N Reef (21-561)",2014,32.57642,"Reefmod",NA,NA,56.9594490342015,43.6937548288298,66.9990122304696,23.3052574016398
2654,"U/N Reef (21-708)",2014,35.06725,"Reefmod",NA,NA,65.2838768797271,58.5875187730074,69.3575627199712,10.7700439469639
2655,"U/N Reef (21-709)",2014,26.90532,"Reefmod",NA,NA,60.9015609664076,45.945050387794,72.5061836222645,26.5611332344705
2656,"U/N Reef (21-710)",2014,38.88735,"Reefmod",NA,NA,67.5357621276173,62.5340632540438,70.6496755321291,8.11561227808536
2657,"U/N Reef (21-711)",2014,37.97589,"Reefmod",NA,NA,69.1971689133017,64.6378736344971,73.8206783268213,9.18280469232421
2658,"U/N Reef (21-712)",2014,35.92173,"Reefmod",NA,NA,64.9831098007055,57.8189522338204,71.4405230587433,13.6215708249229
2659,"U/N Reef (21-713)",2014,35.91452,"Reefmod",NA,NA,66.6998572550971,60.2973785985961,74.4620935905587,14.1647149919626
2660,"U/N Reef (21-714)",2014,24.0012,"Reefmod",NA,NA,60.6614536345727,54.2782033337808,66.6399590358791,12.3617557020983
2661,"U/N Reef (21-715)",2014,31.6441,"Reefmod",NA,NA,64.9238362208162,59.4292088612332,72.4699805048666,13.0407716436334
2662,"U/N Reef (21-716)",2014,34.72258,"Reefmod",NA,NA,64.0103757696508,57.8229040312993,69.5465345350472,11.723630503748
2663,"U/N Reef (21-717)",2014,30.47987,"Reefmod",NA,NA,53.0021100077189,43.0195752351688,64.5061174604137,21.4865422252449
2664,"U/N Reef (21-718)",2014,34.47075,"Reefmod",NA,NA,63.4485082314507,53.6955352779098,71.8966209651873,18.2010856872775
2665,"West Side Reef (22-020)",2014,36.85995,"Reefmod",NA,NA,61.435847713613,53.5831096103928,71.5856888735302,18.0025792631373
2666,"Double Rocks Reef (North) (22-021a)",2014,12.22002,"Reefmod",NA,NA,41.5552163683654,36.3829316238081,47.2800737045515,10.8971420807434
2667,"Double Rocks Reef (South) (22-021b)",2014,11.67568,"Reefmod",NA,NA,50.6813354497003,36.0569392488922,60.7503726019928,24.6934333531006
2668,"U/N Reef (21-492)",2014,24.90009,"Reefmod",NA,NA,60.8525082195403,55.4348765025363,72.0865733337353,16.651696831199
2669,"U/N Reef (21-493)",2014,28.25604,"Reefmod",NA,NA,66.9434902472697,59.4686361382694,75.7944746145401,16.3258384762707
2670,"U/N Reef (21-494)",2014,24.98481,"Reefmod",NA,NA,66.1376430076546,59.2608526751408,72.9221047110653,13.6612520359245
2671,"Bacchi Reef (21-495)",2025,34.8,"RJFMP",NA,NA,34.8,34.8,34.8,0
2672,"Turner Reef (21-562)",2023,10.778,"Manta",NA,NA,24.5346474157825,21.0376339836679,27.3892122262665,6.35157824259864
2673,"U/N Reef (21-563)",2014,17.90598,"Reefmod",NA,NA,63.4513869881302,52.2371680658133,73.3071781954088,21.0700101295954
2674,"Half Tide Reef (21-564)",2014,22.42954,"Reefmod",NA,NA,65.8806677649083,60.3719377372848,70.150401612792,9.77846387550712
2675,"Bills Reef",2021,5,"Census",-21.7866,152.593,19.9362890702905,15.861773653619,23.5416833319944,7.67990967837535
2676,"U/N Reef (21-719)",2014,35.26679,"Reefmod",NA,NA,67.5511885179909,62.515826147658,72.4039503007335,9.88812415307549
2677,"U/N Reef (21-720)",2014,34.87273,"Reefmod",NA,NA,66.9800854054543,58.5716382404408,73.6864380171132,15.1147997766724
2678,"U/N Reef (21-721)",2014,26.98049,"Reefmod",NA,NA,60.847165664875,51.1233289504028,72.6521337795835,21.5288048291807
2679,"U/N Reef (21-722)",2014,33.01903,"Reefmod",NA,NA,64.9063918367358,56.476229190067,72.0847017910209,15.6084726009539
2680,"U/N Reef (21-723)",2014,33.34551,"Reefmod",NA,NA,66.3704304328521,60.8339461235924,73.343259826009,12.5093137024166
2681,"U/N Reef (21-724)",2014,25.894,"Reefmod",NA,NA,61.0820279629083,52.0992361773431,68.7742195117578,16.6749833344147
2682,"U/N Reef (21-725)",2014,31.44597,"Reefmod",NA,NA,66.9145935383546,63.2248988875744,71.7197912559303,8.49489236835584
2683,"U/N Reef (21-726)",2014,27.44953,"Reefmod",NA,NA,61.6531471448483,51.94460206343,67.6303283192117,15.6857262557818
2684,"Coal Reef (22-024)",2014,31.17654,"Reefmod",NA,NA,65.0433140075387,59.300920029026,74.2514484159851,14.9505283869591
2685,"One Fathom Patch (22-026)",2014,26.80403,"Reefmod",NA,NA,61.9007625736066,57.351522186072,68.9717595570074,11.6202373709354
2686,"Turtle Island Reef (22-027)",2014,29.70735,"Reefmod",NA,NA,63.3868967536849,56.8817739625524,69.1625680798823,12.2807941173299
2687,"U/N Reef (22-028)",2014,34.68802,"Reefmod",NA,NA,57.0849282140296,50.6996343576784,61.9854947858805,11.285860428202
2688,"Woods Reef (22-029)",2014,36.02745,"Reefmod",NA,NA,60.3635123777903,48.2568274484666,70.140644286454,21.8838168379874
2689,"Shields Reef (22-030)",2014,3.500449,"Reefmod",NA,NA,60.7037514592065,51.720329852997,69.4966322666756,17.7763024136787
2690,"U/N Reef (21-496)",2023,40.8,"RJFMP",NA,NA,47.4679541691283,37.8453231385116,54.5581653351087,16.7128421965972
2691,"Thomas Reef (21-497)",2014,22.68132,"Reefmod",NA,NA,64.3620277077247,58.3543617331355,72.7959551530471,14.4415934199117
2692,"U/N Reef (21-498)",2014,24.18705,"Reefmod",NA,NA,66.2848058629368,59.7817510073946,72.8922508174074,13.1104998100127
2693,"U/N Reef (21-499)",2025,22.2,"COTS",NA,NA,22.2,22.2,22.2,0
2694,"Blu-Lion Reef",2021,3,"Census",-21.8213,152.6275,17.0853686970891,11.8462255965974,22.362143997429,10.5159184008316
2695,"U/N Reef (21-567)",2014,27.70106,"Reefmod",NA,NA,57.7368138773382,49.317398980499,67.1186416560378,17.8012426755388
2696,"U/N Reef (21-568)",2014,25.97279,"Reefmod",NA,NA,58.6591720568254,45.0949972953044,70.6624176475205,25.5674203522161
2697,"U/N Reef",2021,9,"Census",-21.8483,152.5358,24.4438286151958,16.9979152040418,30.6134018112504,13.6154866072086
2698,"Triangle Reef",2021,6,"Census",-21.846,152.6356,23.941030449341,18.8986722967066,30.1875927351862,11.2889204384796
2699,"U/N Reef (21-571)",2014,23.97795,"Reefmod",NA,NA,63.0527472397072,56.1403568748688,68.9687588770071,12.8284020021384
2700,"Small Lagoon Reef (21-572)",2022,7.571,"Manta",NA,NA,18.7660639074698,16.2145709171935,22.9694701800293,6.75489926283576
2701,"U/N Reef (21-727)",2014,33.80777,"Reefmod",NA,NA,62.9100025282783,51.3405726193913,72.3488455412476,21.0082729218563
2702,"U/N Reef (21-728)",2014,33.55857,"Reefmod",NA,NA,69.4627741111759,66.8031888676123,71.8596834194394,5.05649455182707
2703,"U/N Reef (21-729)",2014,30.98789,"Reefmod",NA,NA,64.8943557488195,56.2869572244156,72.1594941703394,15.8725369459238
2704,"U/N Reef (21-730)",2014,24.51587,"Reefmod",NA,NA,65.0584261315336,63.2911429470908,69.7861997241334,6.49505677704258
2705,"U/N Reef (21-731)",2014,30.99497,"Reefmod",NA,NA,64.4029324989431,53.5679182534366,72.0776513855065,18.5097331320699
2706,"U/N Reef (21-732)",2014,33.37485,"Reefmod",NA,NA,62.8596072305582,58.2151926026271,70.5752692750887,12.3600766724616
2707,"U/N Reef (21-733)",2014,29.69218,"Reefmod",NA,NA,57.5401482989406,41.1075076983334,69.3141932325136,28.2066855341802
2708,"U/N Reef (21-734)",2014,37.99412,"Reefmod",NA,NA,67.1855948112256,63.9383607542799,70.5834258333205,6.64506507904065
2709,"U/N Reef (21-735)",2014,27.24224,"Reefmod",NA,NA,59.8678186638777,52.6836236130307,68.9776629831991,16.2940393701684
2710,"Morkar Reef (21-421)",2014,10.03743,"Reefmod",NA,NA,57.4015640869117,41.4086725589478,66.2504934281291,24.8418208691813
2711,"U/N Reef (21-500)",2023,63.1,"RJFMP",NA,NA,64.1893176054973,60.432322944872,68.2514608979508,7.81913795307887
2712,"Recreation Reef (21-501)",2025,13.1,"COTS",NA,NA,13.1,13.1,13.1,0
2713,"U/N Reef (21-502)",2023,28.9,"RJFMP",NA,NA,43.2818708899856,37.2570580801008,50.1230500293231,12.8659919492223
2714,"U/N Reef (21-503)",2014,17.00117,"Reefmod",NA,NA,59.4001033788898,52.1532846987047,68.2630427754395,16.1097580767348
2715,"U/N Reef (21-573)",2014,26.49747,"Reefmod",NA,NA,63.2377666491793,55.2574645851148,71.2476892547889,15.9902246696741
2716,"U/N Reef (21-574)",2014,24.00444,"Reefmod",NA,NA,62.7880686964123,52.1811483366893,69.1812264955653,17.000078158876
2717,"Heart Reef",2021,4,"Census",-21.8944,152.6571,18.1870465383306,12.8039982513077,22.5481455937177,9.74414734240993
2718,"U/N Reef (21-576)",2014,23.0955,"Reefmod",NA,NA,62.5100638793599,50.4623530055613,68.8573427135686,18.3949897080073
2719,"Central Reef (21-577)",2014,23.57193,"Reefmod",NA,NA,62.4906372450327,54.9424137924604,68.5710757244849,13.6286619320245
2720,"U/N Reef (21-578)",2014,21.89902,"Reefmod",NA,NA,57.3143345070196,42.0595579119344,68.467364883489,26.4078069715546
2721,"Hill Reef",2021,1,"Census",-21.9117,152.6724,12.9917180354521,7.44618834389187,16.8484396589175,9.40225131502563
2722,"U/N Reef (21-736)",2014,24.0057,"Reefmod",NA,NA,62.1900582409448,53.450185225579,69.4280416809116,15.9778564553326
2723,"U/N Reef (21-737)",2014,35.19236,"Reefmod",NA,NA,69.1089192625325,62.9914081542278,74.158453928084,11.1670457738562
2724,"U/N Reef (21-738)",2014,37.64611,"Reefmod",NA,NA,64.0561566857487,55.1575270185148,68.9961740147071,13.8386469961923
2725,"U/N Reef (21-739)",2014,35.16282,"Reefmod",NA,NA,70.1898388843807,64.838265791996,76.0985067908324,11.2602409988364
2726,"U/N Reef (21-740)",2014,30.01074,"Reefmod",NA,NA,54.3772973468366,47.4662868782467,62.6524395806392,15.1861527023925
2727,"U/N Reef (21-741)",2014,34.8814,"Reefmod",NA,NA,69.259429941135,65.2486581262005,73.1752032691583,7.92654514295782
2728,"U/N Reef (21-742)",2014,34.1653,"Reefmod",NA,NA,71.4804464423544,66.9103281495299,78.3551853410488,11.4448571915189
2729,"U/N Reef (21-743)",2014,33.82853,"Reefmod",NA,NA,64.8434675012402,57.3156460404823,73.4782074923514,16.1625614518691
2730,"U/N Reef (21-744)",2014,22.93155,"Reefmod",NA,NA,63.5545623563306,61.6004398540947,67.0299040416492,5.42946418755454
2731,"Marble Reef (21-423a)",2014,29.39405,"Reefmod",NA,NA,61.578595734573,52.9887109337573,71.0862261931436,18.0975152593863
2732,"Marble Reef (21-423b)",2014,6.532849,"Reefmod",NA,NA,60.6904036010731,50.0729948474844,69.6429964182627,19.5700015707784
2733,"Allandale Reef (21-424)",2014,2.953102,"Reefmod",NA,NA,57.3786103095976,44.8314449978948,67.5136399980217,22.682195000127
2734,"Tynemouth Island Reef (No 1) (21-425a)",2014,10.29424,"Reefmod",NA,NA,59.5863227740214,46.0851078685458,71.6151073809515,25.5299995124057
2735,"Tynemouth Island Reef (No 2) (21-425b)",2014,9.558566,"Reefmod",NA,NA,55.9249091015877,41.2299310258306,67.9643551428247,26.7344241169941
2736,"U/N Reef (21-504)",2014,19.21163,"Reefmod",NA,NA,70.9654908394023,66.661612742173,75.694240127898,9.03262738572504
2737,"Isobel Bennett Reef (21-505)",2023,46.2,"RJFMP",NA,NA,56.0179980139515,44.0628868795705,65.5138888871638,21.4510020075933
2738,"U/N Reef (21-506)",2014,23.94135,"Reefmod",NA,NA,65.9816143879652,61.3045971839075,69.7520133204452,8.44741613653773
2739,"U/N Reef (21-580)",2014,19.11413,"Reefmod",NA,NA,65.4624752493942,62.6278480595284,68.5257938243988,5.89794576487039
2740,"U/N Reef (21-581)",2014,24.63905,"Reefmod",NA,NA,62.9740957826929,53.6931868438066,70.5044275691369,16.8112407253303
2741,"Beacon Reef",2021,2,"Census",-21.9358,152.6879,17.9299906395748,12.526763840517,25.3698318089899,12.8430679684729
2742,"U/N Reef (21-583)",2014,23.69792,"Reefmod",NA,NA,66.5137149745516,60.4155244598245,72.3879054087191,11.9723809488946
2743,"Jenkins Reef (21-584)",2022,3.966,"Manta",NA,NA,11.8127077452945,8.63649008232292,14.0496776839227,5.41318760159983
2744,"U/N Reef (21-585)",2023,3.8,"RJFMP",NA,NA,12.1651917555323,10.3709141894244,15.2450064145606,4.87409222513624
2745,"U/N Reef (21-745)",2014,35.77413,"Reefmod",NA,NA,66.6959687176893,62.0075447402871,72.8633657947075,10.8558210544205
2746,"U/N Reef (21-746)",2014,23.36275,"Reefmod",NA,NA,64.4136804936408,54.3049135314124,72.4234243634462,18.1185108320338
2747,"U/N Reef (21-747)",2014,19.34857,"Reefmod",NA,NA,55.9073628563558,46.0639190887908,65.3675286409392,19.3036095521484
2748,"U/N Reef (21-748)",2014,33.73895,"Reefmod",NA,NA,68.8683092604763,64.1557239089656,75.6017498557001,11.4460259467345
2749,"U/N Reef (21-749)",2014,29.26313,"Reefmod",NA,NA,62.9898287803312,47.6890204000796,73.9144029046955,26.2253825046159
2750,"U/N Reef (21-750)",2014,32.67113,"Reefmod",NA,NA,69.221313197143,66.2440516038857,75.3578306314123,9.11377902752665
2751,"U/N Reef (21-751)",2014,30.99306,"Reefmod",NA,NA,64.4282973910377,57.5223201329805,74.0487375859254,16.5264174529449
2752,"U/N Reef (21-752)",2014,25.1525,"Reefmod",NA,NA,66.7116780697364,59.9961935716475,72.4145371098852,12.4183435382378
2753,"High Peak Reef",2024,13.49291257,"Census",-21.9571,150.6876,14.6846937987555,13.0872007218734,16.7024330463832,3.61523232450982
2754,"Morpeth Reef (21-430)",2014,3.391887,"Reefmod",NA,NA,62.9705162581941,57.7368221743575,70.422584735524,12.6857625611664
2755,"U/N Reef (21-507)",2023,78.5,"RJFMP",NA,NA,68.5803324847035,57.2217502444551,78.8095932902949,21.5878430458398
2756,"U/N Reef (21-508)",2014,25.5259,"Reefmod",NA,NA,60.8988996121326,54.9033717591503,68.6768069919861,13.7734352328358
2757,"U/N Reef (21-509)",2023,50.6,"RJFMP",NA,NA,52.7381082749321,42.9580858170389,65.1940224087102,22.2359365916713
2758,"U/N Reef (21-510)",2014,30.78263,"Reefmod",NA,NA,56.221691045225,42.9514456758737,64.2416397486684,21.2901940727947
2759,"Frigate Reef (21-511)",2014,26.05754,"Reefmod",NA,NA,65.1206333059423,58.3416150914168,72.5713826363426,14.2297675449258
2760,"Follett Reef (21-586)",2014,18.13796,"Reefmod",NA,NA,58.0772423371524,48.0298222317408,69.200910846902,21.1710886151612
2761,"U/N Reef (21-587)",2014,20.59929,"Reefmod",NA,NA,69.491206686676,64.5210086095901,73.9159788933298,9.39497028373974
2762,"Wade Reef (21-588)",2023,11.563,"Manta",NA,NA,24.2251455096947,20.4019531630663,27.5644532832143,7.16250012014796
2763,"Littles Reef (21-589)",2025,41.8,"RJFMP",NA,NA,41.8,41.8,41.8,0
2764,"U/N Reef (21-590)",2025,41.5,"RJFMP",NA,NA,41.5,41.5,41.5,0
2765,"U/N Reef (21-591)",2023,19.8966666666667,"AIMS Transect",NA,NA,34.4710546714868,29.6954209606891,41.79609500666,12.100674045971
2766,"Adroit Shoal (21-592)",2014,14.96909,"Reefmod",NA,NA,57.9783822991691,45.9892971610284,69.8241124407582,23.8348152797297
2767,"U/N Reef (21-753)",2014,36.15951,"Reefmod",NA,NA,68.629988349447,60.1887155816011,73.9835105653426,13.7947949837414
2768,"U/N Reef (21-754)",2014,29.45846,"Reefmod",NA,NA,67.5794576416581,60.7881364540607,72.6121078234341,11.8239713693734
2769,"U/N Reef (21-755)",2014,36.73334,"Reefmod",NA,NA,66.2974902436613,63.3033681301277,70.6628365587914,7.3594684286637
2770,"U/N Reef (21-756)",2014,34.06789,"Reefmod",NA,NA,66.2265464449471,57.1798640716186,74.5993499028414,17.4194858312228
2771,"U/N Reef (21-757)",2014,21.47798,"Reefmod",NA,NA,59.672607921723,46.6872001224891,70.8122738770585,24.1250737545693
2772,"U/N Reef (21-758)",2014,42.86576,"Reefmod",NA,NA,69.3404207995334,63.7011535483407,75.7984657601908,12.0973122118501
2773,"U/N Reef (21-759)",2014,53.33139,"Reefmod",NA,NA,68.4341456946392,64.3409754658693,74.0714564870902,9.73048102122091
2774,"U/N Reef (21-760)",2014,30.63216,"Reefmod",NA,NA,59.2667420550341,46.0143033982084,73.2481392635497,27.2338358653412
2775,"Berwick Reef (21-431)",2014,3.453308,"Reefmod",NA,NA,61.1599150761935,53.1446788421742,68.4732650129793,15.328586170805
2776,"Heralds Reef Prong (21-432)",2014,29.26388,"Reefmod",NA,NA,62.9703964447679,53.9976012438241,73.7817425904468,19.7841413466226
2777,"U/N Reef (21-433)",2014,25.56977,"Reefmod",NA,NA,62.2441957188301,52.8006957154794,72.9428820580462,20.1421863425667
2778,"Heralds Prong No 3 (21-434)",2014,33.71826,"Reefmod",NA,NA,66.1226091712669,58.6427797101271,74.5105149883506,15.8677352782234
2779,"U/N Reef (21-512)",2023,39.6,"RJFMP",NA,NA,50.2933965507152,36.4394741820928,61.824196508855,25.3847223267622
2780,"U/N Reef (21-513)",2014,20.661,"Reefmod",NA,NA,63.6342812419748,55.3205577638917,72.5526301110466,17.2320723471549
2781,"Detour Reef (21-514)",2024,40.5,"COTS",NA,NA,43.3294686146093,41.9332932038269,44.8261713057506,2.89287810192363
2782,"Owens Shoal (21-593)",2014,7.707442,"Reefmod",NA,NA,68.7891823218722,65.0401819740819,70.8959845734448,5.8558025993629
2783,"U/N Reef (21-594)",2014,15.01131,"Reefmod",NA,NA,58.7729969144299,46.6493700808557,68.8830384970462,22.2336684161905
2784,"U/N Reef (21-595)",2014,14.51851,"Reefmod",NA,NA,69.4141623727917,63.4694376579005,74.8930083812811,11.4235707233806
2785,"U/N Reef (21-596)",2014,14.49563,"Reefmod",NA,NA,63.7859713622802,58.7426464721357,71.196056515438,12.4534100433024
2786,"U/N Reef (21-597)",2014,14.66915,"Reefmod",NA,NA,57.9516684849331,50.684622545767,70.5449147771704,19.8602922314034
2787,"U/N Reef (21-598)",2014,23.36448,"Reefmod",NA,NA,62.532364542511,50.6960093113523,69.9730470167597,19.2770377054074
2788,"U/N Reef (21-599)",2014,10.22619,"Reefmod",NA,NA,63.2668004464706,57.2114000291811,72.3401910199844,15.1287909908034
2789,"U/N Reef (21-600)",2014,21.23541,"Reefmod",NA,NA,54.0344564722933,46.4870142895208,66.6649213391894,20.1779070496686
2790,"U/N Reef (21-601)",2014,20.36712,"Reefmod",NA,NA,66.3090900789464,56.6280940960025,74.4766926962039,17.8485986002013
2791,"U/N Reef (21-761)",2014,22.97755,"Reefmod",NA,NA,63.7400976813449,55.9843775112931,70.1269469135847,14.1425694022916
2792,"U/N Reef (21-762)",2014,27.6034,"Reefmod",NA,NA,68.8265251714817,65.7268228195512,75.838429455951,10.1116066363998
2793,"U/N Reef (21-763)",2014,17.45551,"Reefmod",NA,NA,59.167771323091,53.5650125157311,66.3593230234927,12.7943105077616
2794,"U/N Reef (21-764)",2014,22.8262,"Reefmod",NA,NA,58.2743192792997,52.3546405044931,65.1957982253077,12.8411577208146
2795,"U/N Reef (21-768)",2014,25.88931,"Reefmod",NA,NA,55.2977463366479,42.5968196219922,65.0570274423662,22.4602078203739
2796,"U/N Reef (21-769)",2014,30.14929,"Reefmod",NA,NA,59.6617973390417,52.0943806838667,66.5832906662003,14.4889099823336
2797,"U/N Reef (21-770)",2014,34.53238,"Reefmod",NA,NA,63.269317332847,56.4393107986397,69.5326100857287,13.093299287089
2798,"U/N Reef (21-771)",2014,43.60787,"Reefmod",NA,NA,69.5235632589183,65.6666482795874,73.9465724077183,8.27992412813084
2799,"U/N Reef (21-772)",2014,48.98928,"Reefmod",NA,NA,68.9041142775655,62.4483280216228,75.7699728288154,13.3216448071926
2800,"U/N Reef (21-773)",2014,32.27264,"Reefmod",NA,NA,65.0861216025708,60.9204417985315,69.5002165705575,8.57977477202597
2801,"U/N Reef (21-774)",2014,32.96306,"Reefmod",NA,NA,62.8400676681183,52.338471667812,76.0977841634082,23.7593124955962
2802,"U/N Reef (21-775)",2014,39.15747,"Reefmod",NA,NA,64.2317977935789,59.3407729395243,71.3409431806626,12.0001702411383
2803,"Bell Reef (21-435)",2014,28.51933,"Reefmod",NA,NA,65.2596184552417,57.9210514909121,70.2283280674058,12.3072765764937
2804,"U/N Reef (21-436)",2014,15.9835,"Reefmod",NA,NA,63.0636896247325,52.2137522095948,68.8940382206764,16.6802860110816
2805,"U/N Reef (21-437)",2014,29.25641,"Reefmod",NA,NA,65.5754741509863,59.1509805564165,72.362555405126,13.2115748487095
2806,"U/N Reef (21-438)",2025,28,"COTS",NA,NA,28,28,28,0
2807,"U/N Reef (21-439)",2014,13.10898,"Reefmod",NA,NA,61.8864009841996,48.9465456938001,72.155434023277,23.2088883294768
2808,"U/N Reef (21-515)",2014,21.07253,"Reefmod",NA,NA,60.5923184652087,50.2315478105337,69.3090779085851,19.0775300980514
2809,"U/N Reef (21-516)",2014,23.5342,"Reefmod",NA,NA,62.763360611616,56.3654457107859,69.6321326182266,13.2666869074407
2810,"Small Reef (21-517)",2023,77.3,"RJFMP",NA,NA,63.2630293049956,43.5044180988205,78.1726884013014,34.6682703024809
2811,"Price Cay Reef (21-518)",2014,25.06114,"Reefmod",NA,NA,64.2612041302717,60.0982855071186,70.3510089261222,10.2527234190036
2812,"U/N Reef (21-602)",2014,22.99909,"Reefmod",NA,NA,63.7709462275298,56.7333547118797,72.8752147112134,16.1418599993337
2813,"U/N Reef (21-603)",2014,20.27516,"Reefmod",NA,NA,62.2538992842831,52.7895373164587,68.9040505986099,16.1145132821512
2814,"U/N Reef (21-604)",2014,18.0558,"Reefmod",NA,NA,66.1040897866505,62.4501305155616,69.67538793839,7.22525742282832
2815,"U/N Reef (21-605)",2014,16.18125,"Reefmod",NA,NA,60.3799768475322,51.8889941817808,67.4568882347714,15.5678940529906
2816,"U/N Reef (21-606)",2014,23.98418,"Reefmod",NA,NA,62.4896978448867,48.0863295992034,72.3448294351772,24.2584998359738
2817,"U/N Reef (21-607)",2014,23.49933,"Reefmod",NA,NA,58.1768871340978,47.7694507958922,68.8865958433936,21.1171450475014
2818,"U/N Reef (21-608)",2014,28.44818,"Reefmod",NA,NA,60.1321604676895,50.9714419999244,68.3418194437087,17.3703774437843
2819,"U/N Reef (21-609)",2014,22.40331,"Reefmod",NA,NA,69.5139112889922,65.7507840835285,73.817071009875,8.06628692634649
2820,"U/N Reef (21-610)",2014,27.18999,"Reefmod",NA,NA,67.6367467815468,63.5865329436091,73.2610259974561,9.67449305384693
2821,"U/N Reef (21-611)",2014,26.73583,"Reefmod",NA,NA,64.0244182923648,56.9680856124694,72.0533361940968,15.0852505816274
2822,"U/N Reef (21-612)",2014,25.98399,"Reefmod",NA,NA,54.5444743734697,36.0122798526385,68.3782479177094,32.3659680650709
2823,"U/N Reef (21-613)",2014,25.52292,"Reefmod",NA,NA,66.9048800134069,62.2545218756132,72.7651714666196,10.5106495910065
2824,"U/N Reef (21-776)",2014,49.74907,"Reefmod",NA,NA,68.8062593102274,62.4332492902231,74.4626585171403,12.0294092269172
2825,"U/N Reef (21-777)",2014,31.14741,"Reefmod",NA,NA,61.8842629900165,51.8069276538755,71.8860138299369,20.0790861760614
2826,"U/N Reef (21-778)",2014,39.91211,"Reefmod",NA,NA,65.6152156661018,56.8624349070194,72.2804829882847,15.4180480812652
2827,"U/N Reef (21-779)",2014,32.00191,"Reefmod",NA,NA,65.100424121168,59.8224879989473,71.4903393563209,11.6678513573736
2828,"U/N Reef (21-780)",2014,31.49821,"Reefmod",NA,NA,62.2906309081988,54.0030572418801,72.7076627394823,18.7046054976022
2829,"U/N Reef (21-781)",2014,25.69386,"Reefmod",NA,NA,64.8937047103886,61.7682698306124,73.2542906967296,11.4860208661172
2830,"U/N Reef (21-782)",2014,41.39114,"Reefmod",NA,NA,62.8192255072309,56.2698893186016,68.8301414292922,12.5602521106907
2831,"U/N Reef (21-783)",2014,42.46872,"Reefmod",NA,NA,59.3942777597128,47.5756617315356,71.5474580724163,23.9717963408807
2832,"U/N Reef",2021,29,"Census",-21.4569,152.5767,48.6118001731387,39.4257416653094,59.1989009583195,19.7731592930101
2833,"U/N Reef (21-785)",2014,42.87743,"Reefmod",NA,NA,62.3522218418765,54.3390146298775,68.8846307728116,14.5456161429341
2834,"U/N Reef (21-786)",2014,38.66433,"Reefmod",NA,NA,61.6718374466108,51.6529086372747,71.2144492584443,19.5615406211696
2835,"U/N Reef (21-440)",2014,12.21488,"Reefmod",NA,NA,65.2081588807571,59.6489931241741,71.1454274284843,11.4964343043102
2836,"U/N Reef (21-441)",2025,32.2,"COTS",NA,NA,32.2,32.2,32.2,0
2837,"U/N Reef",2020,10,"Census",-21.5235,151.9151,42.9553947278466,38.6789168630624,47.9166440168096,9.23772715374719
2838,"U/N Reef (21-443)",2024,60.5,"RJFMP",NA,NA,61.5999697701976,58.6360710231719,64.5274460310636,5.89137500789171
2839,"U/N Reef (21-444)",2024,48.3,"RJFMP",NA,NA,50.3862212665586,48.541413943981,51.8447884819434,3.30337453796242
2840,"U/N Reef (21-445)",2014,32.79183,"Reefmod",NA,NA,66.424363528122,62.1939446521157,69.7867652508061,7.59282059869044
2841,"U/N Reef",2020,25,"Census",-21.5757,151.9379,57.8065591254038,55.641172901891,63.7819968484289,8.14082394653796
2842,"U/N Reef (21-447)",2014,35.01291,"Reefmod",NA,NA,69.4800113558666,65.4615887613488,74.307859631142,8.84627086979327
2843,"Turtle Reef (21-519)",2014,22.12516,"Reefmod",NA,NA,62.9181436605892,53.0810448141635,71.1983807216158,18.1173359074523
2844,"U/N Reef (21-520)",2023,5.5,"COTS",NA,NA,17.6401941251105,12.5533414793474,21.8737739140958,9.32043243474843
2845,"U/N Reef (21-521)",2023,6.4,"COTS",NA,NA,17.9840329973401,15.6335067449986,19.6935441431333,4.06003739813465
2846,"U/N Reef (21-522)",2014,25.37857,"Reefmod",NA,NA,61.4122793821208,52.256294635602,68.1247248880198,15.8684302524178
2847,"U/N Reef (21-523)",2014,20.2885,"Reefmod",NA,NA,60.3667850655046,46.2003878835043,71.3689947048215,25.1686068213172
2848,"U/N Reef (21-614)",2014,24.16675,"Reefmod",NA,NA,57.191638323806,45.9871525283127,64.4498873920306,18.4627348637179
2849,"U/N Reef (21-615)",2014,25.66125,"Reefmod",NA,NA,66.5047248141688,61.5004949164417,72.0399417335028,10.539446817061
2850,"U/N Reef (21-616)",2014,23.70112,"Reefmod",NA,NA,60.1374431359765,55.1086069034771,67.0748657362458,11.9662588327687
2851,"U/N Reef (21-617)",2014,22.76712,"Reefmod",NA,NA,54.7898835566285,44.07814866843,64.043829379723,19.9656807112929
2852,"U/N Reef (21-618)",2014,27.84188,"Reefmod",NA,NA,70.2261117892719,63.8781145030087,76.0262728625505,12.1481583595418
2853,"U/N Reef (21-619)",2014,23.31892,"Reefmod",NA,NA,57.6303652495293,52.4321375468092,65.4278503390748,12.9957127922657
2854,"U/N Reef (21-620)",2014,16.89843,"Reefmod",NA,NA,55.8442746889944,40.678413327018,70.9428489068625,30.2644355798445
2855,"U/N Reef (21-621)",2014,16.52114,"Reefmod",NA,NA,55.7479528426438,45.2166213433638,66.2955238219383,21.0789024785746
2856,"U/N Reef (21-622)",2014,19.98324,"Reefmod",NA,NA,64.5543657616959,62.1780696422873,70.3438980907793,8.16582844849204
2857,"U/N Reef (21-623)",2014,32.89564,"Reefmod",NA,NA,60.5704044753314,52.1302848513245,70.4745280829827,18.3442432316582
2858,"U/N Reef (21-787)",2014,39.12023,"Reefmod",NA,NA,67.2999139073173,59.6394287404369,73.7694803376717,14.1300515972347
2859,"U/N Reef (21-788)",2014,26.5942,"Reefmod",NA,NA,59.8833069323354,49.8952673328709,70.6877161082252,20.7924487753543
2860,"U/N Reef (21-789)",2014,43.88877,"Reefmod",NA,NA,64.6608385274171,60.6389124479695,72.1410867603834,11.5021743124139
2861,"U/N Reef (21-791)",2014,3.77068,"Reefmod",NA,NA,53.9381389340469,42.564422769148,64.9885661688028,22.4241433996548
2862,"U/N Reef (21-792)",2014,13.82306,"Reefmod",NA,NA,65.5216439489846,61.7649795858782,69.7900285373262,8.02504895144802
2863,"U/N Reef (21-793)",2014,8.175517,"Reefmod",NA,NA,68.964662250554,64.1287703985226,73.2827827312744,9.15401233275175
2864,"U/N Reef (21-794)",2014,11.52964,"Reefmod",NA,NA,64.8764933930616,54.735379480254,73.5947397229674,18.8593602427134
2865,"U/N Reef (21-795)",2014,12.18449,"Reefmod",NA,NA,58.9571107746772,47.1222917523926,68.0763743696082,20.9540826172155
2866,"U/N Reef (21-796)",2014,20.01319,"Reefmod",NA,NA,62.6936798491777,60.8716961714109,72.2872905907453,11.4155944193344
2867,"U/N Reef (21-797)",2014,24.04812,"Reefmod",NA,NA,58.9603720100702,49.9344063287869,67.5889399014378,17.6545335726509
2868,"U/N Reef (21-798)",2014,21.04712,"Reefmod",NA,NA,66.1676760778717,62.106191631132,71.8013617184493,9.69517008731728
2869,"U/N Reef (21-799)",2014,22.8468,"Reefmod",NA,NA,60.2114466210948,53.656689041215,69.2981875805521,15.6414985393371
2870,"U/N Reef (21-448)",2014,31.22751,"Reefmod",NA,NA,62.1050643979343,56.5813350546562,70.5275168815078,13.9461818268516
2871,"U/N Reef (21-449)",2014,21.45988,"Reefmod",NA,NA,63.2615037738918,54.416665875025,71.8301636579519,17.4134977829269
2872,"U/N Reef (21-450)",2014,21.49922,"Reefmod",NA,NA,64.3401478607592,61.9120499686626,69.5836720748902,7.6716221062276
2873,"U/N Reef (21-451)",2014,18.14253,"Reefmod",NA,NA,65.7625327937727,60.1440398279714,70.2185116042494,10.074471776278
2874,"U/N Reef (21-452)",2014,26.70138,"Reefmod",NA,NA,65.0449890421901,57.3728474703788,72.3064452459936,14.9335977756148
2875,"U/N Reef (21-453)",2024,51.4,"RJFMP",NA,NA,52.2261113465853,50.7041504873951,54.2222075117968,3.51805702440165
2876,"Houdini Reef",2025,18.58190289,"Census",-21.8234,152.4279,18.58190289,18.58190289,18.58190289,0
2877,"U/N Reef (21-525)",2023,53.4,"RJFMP",NA,NA,51.0851918368988,36.5041891564678,62.997453009745,26.4932638532772
2878,"U/N Reef (21-526)",2023,33.1,"COTS",NA,NA,44.7787980965529,32.1220575532826,55.1713116506565,23.0492540973739
2879,"U/N Reef (21-527)",2014,29.54737,"Reefmod",NA,NA,64.1065466440726,59.2035010466319,68.3690600318511,9.16555898521921
2880,"U/N Reef (21-528)",2014,22.27597,"Reefmod",NA,NA,62.1455490876616,54.8201160764463,69.023748325001,14.2036322485547
2881,"U/N Reef (21-529)",2022,54.181,"Manta",NA,NA,53.0174988477933,45.7191239772874,65.7938802171015,20.0747562398141
2882,"U/N Reef (21-530)",2014,23.18843,"Reefmod",NA,NA,60.6582706809473,47.4976035340213,70.585681006963,23.0880774729417
2883,"U/N Reef (21-624)",2014,21.12884,"Reefmod",NA,NA,55.8407691575274,38.2171552216504,67.4297873857593,29.2126321641088
2884,"U/N Reef (21-625)",2014,34.44535,"Reefmod",NA,NA,58.9405895713048,48.9101948236545,67.305064574516,18.3948697508615
2885,"U/N Reef (21-626)",2014,15.47237,"Reefmod",NA,NA,68.4344107451275,64.7514928445893,71.6748962347337,6.92340339014447
2886,"U/N Reef (21-627)",2014,26.88756,"Reefmod",NA,NA,65.3571951873096,58.864352477004,69.8136512075625,10.9492987305584
2887,"U/N Reef (21-628)",2014,23.94855,"Reefmod",NA,NA,63.9955516101234,60.3297222732667,70.3458021528506,10.0160798795839
2888,"U/N Reef (21-629)",2014,46.8088,"Reefmod",NA,NA,56.790555932828,50.5493625431484,66.1810314598954,15.6316689167469
2889,"U/N Reef (21-630)",2014,36.79075,"Reefmod",NA,NA,67.4759816391576,63.4393925977159,72.817686238317,9.37829364060102
2890,"U/N Reef (21-800)",2014,19.3968,"Reefmod",NA,NA,57.2954479941566,50.6481562622565,65.7939681350916,15.1458118728351
2891,"U/N Reef (21-801)",2014,24.10344,"Reefmod",NA,NA,57.9778238746394,46.1252341537277,68.7535688666989,22.6283347129712
2892,"U/N Reef (21-804)",2014,26.32302,"Reefmod",NA,NA,62.1006528801587,49.7793537442439,71.3858610780415,21.6065073337975
2893,"U/N Reef (21-805)",2014,24.43243,"Reefmod",NA,NA,60.9115733704875,49.8980331588755,70.405549609754,20.5075164508785
2894,"U/N Reef (21-806)",2014,14.38381,"Reefmod",NA,NA,55.6927365177206,45.2696037141024,65.675495914828,20.4058922007257
2895,"U/N Reef (21-807)",2014,22.62298,"Reefmod",NA,NA,62.5996454506272,57.5236071462575,68.5425036808757,11.0188965346182
2896,"U/N Reef (21-808)",2014,18.10737,"Reefmod",NA,NA,62.819916626655,57.047489345758,70.9870908076685,13.9396014619105
2897,"U/N Reef (21-809)",2014,17.39544,"Reefmod",NA,NA,59.1563762765703,52.7640155428673,66.8463871756616,14.0823716327943
2898,"U/N Reef (21-810)",2014,23.49342,"Reefmod",NA,NA,59.4495421023847,51.5392772511891,68.0409434453606,16.5016661941715
2899,"U/N Reef (21-454)",2025,25.7,"COTS",NA,NA,25.7,25.7,25.7,0
2900,"U/N Reef (21-455)",2014,24.0292,"Reefmod",NA,NA,69.698205542389,64.1386623192921,75.7418826363514,11.6032203170593
2901,"U/N Reef (21-456)",2014,29.89753,"Reefmod",NA,NA,64.5339807442257,60.8571882838155,69.7053070998844,8.84811881606894
2902,"U/N Reef (21-457)",2014,28.01637,"Reefmod",NA,NA,65.927261103749,59.8502063906275,72.6709662547844,12.8207598641569
2903,"U/N Reef (21-458)",2014,27.81813,"Reefmod",NA,NA,65.0408024346649,58.8648881255878,72.3116236063232,13.4467354807354
2904,"Heralds Prong No 2 (21-459)",2014,26.12486,"Reefmod",NA,NA,67.7998228969282,61.3565368483245,72.7954091847522,11.4388723364277
2905,"U/N Reef (21-531)",2014,21.39769,"Reefmod",NA,NA,57.2954337424998,52.0005559299958,63.5613108944555,11.5607549644597
2906,"U/N Reef (21-532)",2023,43.1,"COTS",NA,NA,48.9872920500937,36.7006005215561,57.6114538226084,20.9108533010522
2907,"U/N Reef (21-533)",2014,22.17978,"Reefmod",NA,NA,62.5243829830468,57.7983126957272,69.1489027296067,11.3505900338794
2908,"U/N Reef (21-534)",2014,25.56697,"Reefmod",NA,NA,64.9175066290898,58.8694976284144,71.940375131248,13.0708775028336
2909,"U/N Reef (21-535)",2014,32.79802,"Reefmod",NA,NA,62.1994849818542,48.9715681459093,73.6071998554716,24.6356317095622
2910,"Mervs Reef (21-536)",2014,18.18351,"Reefmod",NA,NA,61.2156802476459,52.5050679469435,71.190373334873,18.6853053879294
2911,"U/N Reef (21-537)",2014,28.09016,"Reefmod",NA,NA,63.2402763599791,55.2909641249972,70.2282063597134,14.9372422347162
2912,"U/N Reef (21-631)",2014,33.60734,"Reefmod",NA,NA,64.8715810113927,58.3795641933156,69.1039565661623,10.7243923728468
2913,"U/N Reef (21-632)",2014,37.27008,"Reefmod",NA,NA,63.063685879998,59.9269466781653,66.8364747796204,6.90952810145514
2914,"U/N Reef (21-633)",2014,38.15444,"Reefmod",NA,NA,72.9904510554429,67.8944277493226,77.6518352690041,9.75740751968154
2915,"U/N Reef (21-634)",2014,47.59622,"Reefmod",NA,NA,72.6182131948575,67.6412301676953,75.2914051526428,7.65017498494748
2916,"U/N Reef (21-635)",2014,38.08742,"Reefmod",NA,NA,68.8109126559682,65.5711697763405,73.2939506961415,7.72278091980095
2917,"U/N Reef (21-636)",2014,29.98055,"Reefmod",NA,NA,68.0647312617982,62.5970102341163,74.2738188393646,11.6768086052483
2918,"U/N Reef (21-637)",2014,44.30064,"Reefmod",NA,NA,70.9775954710006,64.8593924422225,76.8914965818429,12.0321041396205
2919,"U/N Reef (21-638)",2014,50.74136,"Reefmod",NA,NA,68.9589039407865,57.8712748117492,76.922892679312,19.0516178675628
2920,"U/N Reef (21-639)",2014,36.59068,"Reefmod",NA,NA,66.6858425952751,62.7892071515897,70.778114724112,7.98890757252234
2921,"U/N Reef (21-640)",2014,38.80194,"Reefmod",NA,NA,66.4208243631803,60.9364617095343,71.0661942423012,10.1297325327669
2922,"U/N Reef (21-641)",2014,37.41549,"Reefmod",NA,NA,70.7546516545662,60.5399201451709,78.8085625420939,18.268642396923
2923,"U/N Reef (21-642)",2014,48.37096,"Reefmod",NA,NA,70.5220137692298,64.4905415728569,75.0156129764136,10.5250714035567
2924,"U/N Reef (21-811)",2014,31.68617,"Reefmod",NA,NA,66.3177107054677,57.6011922778057,73.1052845331398,15.504092255334
2925,"U/N Reef (21-812)",2014,26.14895,"Reefmod",NA,NA,63.6309056322775,59.2720390799215,71.6864487250043,12.4144096450828
2926,"U/N Reef (21-813)",2014,29.45446,"Reefmod",NA,NA,64.4235202224092,61.6131463595848,70.4479793581382,8.8348329985534
2927,"U/N Reef (21-814)",2014,28.87323,"Reefmod",NA,NA,63.1855355777844,59.5535402129278,68.4125356082987,8.85899539537088
2928,"U/N Reef (21-815)",2014,19.3066,"Reefmod",NA,NA,65.6165526914769,58.1472551121914,71.1654621349348,13.0182070227434
2929,"U/N Reef (21-816)",2014,19.94783,"Reefmod",NA,NA,64.3164474203982,52.3976924204973,73.2667626628281,20.8690702423308
2930,"U/N Reef (21-817)",2014,26.2537,"Reefmod",NA,NA,59.6388662562775,47.5528388961467,68.0468664488171,20.4940275526703
2931,"U/N Reef (21-818)",2014,15.28302,"Reefmod",NA,NA,57.73113896467,44.091963372941,70.9836741985273,26.8917108255863
2932,"U/N Reef (21-819)",2014,18.84906,"Reefmod",NA,NA,52.7785841505016,43.1821809713906,61.1539698540829,17.9717888826923
2933,"U/N Reef (21-820)",2014,20.84933,"Reefmod",NA,NA,53.6527806925571,41.1785168246807,69.0701909474093,27.8916741227286
2934,"U/N Reef (21-821)",2014,32.98771,"Reefmod",NA,NA,65.9912182667447,57.9739175098768,72.1997440972438,14.2258265873671
2935,"U/N Reef (21-822)",2014,13.48218,"Reefmod",NA,NA,62.6964488692282,47.2613984321837,74.0802604155175,26.8188619833339
2936,"U/N Reef (21-465)",2025,23.6,"COTS",NA,NA,23.6,23.6,23.6,0
2937,"U/N Reef (21-466)",2024,20.3,"COTS",NA,NA,21.5216617012516,20.3454964981323,22.7027448416492,2.35724834351691
2938,"U/N Reef",2020,3,"Census",-21.8867,151.9263,30.5754791036015,23.5888216430526,36.816293575326,13.2274719322734
2939,"Emperor Reef (21-538)",2024,31.6,"COTS",NA,NA,34.6281144608643,33.0443161592112,36.4654755376005,3.42115937838928
2940,"U/N Reef (21-539)",2025,31.4,"COTS",NA,NA,31.4,31.4,31.4,0
2941,"U/N Reef (21-540)",2014,23.87435,"Reefmod",NA,NA,58.2114700804213,48.2004179023037,71.0874190744842,22.8870011721805
2942,"U/N Reef (21-541)",2014,26.0789,"Reefmod",NA,NA,56.7011748980721,48.8381961716303,67.1391097221186,18.3009135504882
2943,"U/N Reef (21-542)",2023,55.3,"RJFMP",NA,NA,59.1100288120597,48.9923924682338,67.5010571162764,18.5086646480426
2944,"Long Reef (21-543)",2025,23.1,"RJFMP",NA,NA,23.1,23.1,23.1,0
2945,"U/N Reef (21-643)",2014,47.76645,"Reefmod",NA,NA,67.4383348386895,62.2699302172094,73.082409628786,10.8124794115766
2946,"U/N Reef (21-644)",2014,45.93095,"Reefmod",NA,NA,64.5904570109259,55.9941634844849,72.6145390037782,16.6203755192932
2947,"U/N Reef (21-645)",2014,40.97414,"Reefmod",NA,NA,68.2313444751069,63.2342095578462,74.9406546599331,11.7064451020869
2948,"U/N Reef (21-655)",2014,35.66193,"Reefmod",NA,NA,60.9694049913364,54.2936514502708,71.7616572964613,17.4680058461905
2949,"U/N Reef (21-656)",2014,37.43659,"Reefmod",NA,NA,61.2097155828614,54.5629378061276,70.5592095134954,15.9962717073678
2950,"U/N Reef (21-657)",2014,47.37093,"Reefmod",NA,NA,67.0701575478121,64.1263660592573,70.5142103660503,6.38784430679303
2951,"U/N Reef (21-658)",2014,32.27254,"Reefmod",NA,NA,65.2057738314453,58.2817562381197,74.2344596886914,15.9527034505717
2952,"U/N Reef (21-659)",2014,30.899,"Reefmod",NA,NA,66.2934166608684,64.2192710879119,69.7608864190735,5.54161533116159
2953,"U/N Reef (21-660)",2014,27.99582,"Reefmod",NA,NA,68.8494591049731,64.3091409146408,73.6713570207899,9.36221610614908
2954,"U/N Reef (21-661)",2014,34.20185,"Reefmod",NA,NA,66.1622947589735,57.9525698513979,73.6450238748217,15.6924540234239
2955,"U/N Reef (21-663)",2014,36.12204,"Reefmod",NA,NA,66.717096094325,59.5262166399158,74.5026012623548,14.976384622439
2956,"U/N Reef (21-823)",2014,15.65213,"Reefmod",NA,NA,59.5196123986859,50.3468415119031,66.8672473341017,16.5204058221986
2957,"U/N Reef (21-824)",2014,17.96063,"Reefmod",NA,NA,61.5565828685993,52.2896461681368,71.089400886073,18.7997547179362
2958,"U/N Reef (21-825)",2014,16.2813,"Reefmod",NA,NA,59.1028574209973,47.8521997057757,68.1907704360328,20.3385707302572
2959,"U/N Reef (21-826)",2014,15.09461,"Reefmod",NA,NA,64.7364811673234,61.3308429404888,68.252879428724,6.92203648823525
2960,"U/N Reef (21-827)",2014,10.6413,"Reefmod",NA,NA,60.2268302940255,53.775417665863,69.1300127309963,15.3545950651333
2961,"U/N Reef (21-828)",2014,17.07828,"Reefmod",NA,NA,62.38572978341,54.4021923647633,70.3347476189502,15.9325552541869
2962,"U/N Reef (21-460)",2024,12.9,"COTS",NA,NA,14.480568518017,13.45263686326,15.4874083434617,2.03477148020172
2963,"U/N Reef (21-461)",2014,24.90813,"Reefmod",NA,NA,64.9345889996803,57.9115483699731,70.2866905701142,12.3751422001411
2964,"U/N Reef (21-462)",2014,22.07305,"Reefmod",NA,NA,61.9353136791568,49.9961279822119,71.8777041266969,21.881576144485
2965,"U/N Reef",2020,19,"Census",-21.7345,151.9442,45.78650739872,40.4292282304338,52.0401376542409,11.6109094238071
2966,"U/N Reef (21-464)",2023,61.4,"COTS",NA,NA,63.117027122794,57.8125231946899,67.3728783931553,9.56035519846537
2967,"U/N Reef (21-544)",2023,39.2,"COTS",NA,NA,49.0521495982569,40.9487633569506,58.5093732809007,17.5606099239502
2968,"Moon Reef (21-545)",2014,24.56004,"Reefmod",NA,NA,62.5790593892869,54.5093772284074,70.2999630969072,15.7905858684998
2969,"U/N Reef",2021,8,"Census",-21.9309,152.4926,27.3443402687484,22.2442031251894,31.1790806121839,8.93487748699447
2970,"U/N Reef (21-547)",2014,23.76093,"Reefmod",NA,NA,59.593897919854,50.0340951979095,69.9062383920567,19.8721431941472
2971,"U/N Reef (21-664)",2014,32.89153,"Reefmod",NA,NA,56.5460498935982,51.792393889081,64.2847536995169,12.4923598104359
2972,"U/N Reef (21-665)",2014,21.80163,"Reefmod",NA,NA,66.9848790245572,63.8481836044461,70.8578212192542,7.00963761480815
2973,"U/N Reef (21-666)",2014,19.86888,"Reefmod",NA,NA,55.6364235926708,46.1921472901825,67.7477876759819,21.5556403857994
2974,"U/N Reef (21-667)",2014,28.63653,"Reefmod",NA,NA,67.110830329999,60.7029415097447,71.7874245209238,11.0844830111791
2975,"U/N Reef (21-668)",2014,33.78278,"Reefmod",NA,NA,58.4306761841989,37.8151876168612,74.3880602179247,36.5728726010635
2976,"U/N Reef (21-669)",2014,16.84699,"Reefmod",NA,NA,59.3930079283839,52.0296810593821,69.0015521380216,16.9718710786395
2977,"U/N Reef (21-670)",2014,34.27372,"Reefmod",NA,NA,69.3444280283966,67.2191816734826,72.8794409327541,5.66025925927147
2978,"U/N Reef (21-671)",2014,20.60102,"Reefmod",NA,NA,67.2821017517837,60.1079371116626,74.7466680009389,14.6387308892764
2979,"U/N Reef (21-672)",2014,34.23486,"Reefmod",NA,NA,66.3906747203459,61.3631419893119,71.1911746462386,9.8280326569267
2980,"U/N Reef (21-673)",2014,29.24798,"Reefmod",NA,NA,68.9882647973301,64.9279311952777,72.986689918139,8.05875872286131
2981,"U/N Reef (21-674)",2014,35.47492,"Reefmod",NA,NA,61.2487388678875,45.1473223212459,74.1945597639923,29.0472374427464
2982,"Wild Duck Island Reef (No 1) (22-003a)",2014,14.17967,"Reefmod",NA,NA,58.6404527747033,43.4101079400355,69.6013407387619,26.1912327987265
2983,"Wild Duck Island Reef (No 2) (22-003b)",2014,11.89658,"Reefmod",NA,NA,58.5384570386043,43.2499298501096,68.3728444150721,25.1229145649625
2984,"Infelix Islets Reef (22-005)",2014,20.91397,"Reefmod",NA,NA,59.6932762613844,45.0145157221039,68.5592571680596,23.5447414459557
2985,"U/N Reef (21-468)",2014,26.92192,"Reefmod",NA,NA,63.5757185243973,58.8761450609131,73.6997945441814,14.8236494832683
2986,"U/N Reef (21-469)",2014,42.12205,"Reefmod",NA,NA,66.9688861601859,62.6658418608982,72.9194114456359,10.2535695847377
2987,"U/N Reef (21-470)",2014,45.29951,"Reefmod",NA,NA,64.183379954048,53.7671703638316,70.1484589440323,16.3812885802008
2988,"U/N Reef (21-471)",2014,16.98935,"Reefmod",NA,NA,66.5567183167187,60.9115754188989,72.5968352063913,11.6852597874925
2989,"U/N Reef (21-472)",2014,40.005,"Reefmod",NA,NA,62.2873108161167,54.148946194512,69.3613080955151,15.2123619010031
2990,"U/N Reef (21-473)",2014,29.21443,"Reefmod",NA,NA,61.553117785545,54.0421576390818,68.3069162252875,14.2647585862056
2991,"U/N Reef (21-474)",2014,26.9709,"Reefmod",NA,NA,59.6773311762312,45.7882710501842,70.0340561335502,24.245785083366
2992,"Poulson Reef",2021,28,"Census",-21.9363,152.4589,51.7570226074042,48.9048325684963,60.628835274964,11.7240027064677
2993,"Pike Reef (21-549)",2025,28.5,"COTS",NA,NA,28.5,28.5,28.5,0
2994,"U/N Reef (21-550)",2020,52.2633333333333,"AIMS Transect",NA,NA,62.4066903663305,56.9850013139621,69.2485040010206,12.2635026870585
2995,"U/N Reef (21-551)",2025,25.9,"COTS",NA,NA,25.9,25.9,25.9,0
2996,"U/N Reef (21-675)",2014,29.69222,"Reefmod",NA,NA,65.9496001381815,61.77828745152,75.1512247749658,13.3729373234458
2997,"U/N Reef (21-676)",2014,33.03541,"Reefmod",NA,NA,62.6169330497187,55.015594925479,73.7590797504881,18.7434848250091
2998,"U/N Reef (21-677)",2014,29.35238,"Reefmod",NA,NA,65.6097328797955,62.2833760154893,69.1398573578059,6.85648134231666
2999,"U/N Reef (21-678)",2014,31.00111,"Reefmod",NA,NA,55.1132641109127,39.875409286062,68.1568580103464,28.2814487242844
3000,"U/N Reef (21-679)",2014,34.00243,"Reefmod",NA,NA,60.3401347808726,51.8072035568758,69.4955856691501,17.6883821122743
3001,"U/N Reef (21-680)",2014,33.42957,"Reefmod",NA,NA,71.6671508761931,68.0442607513735,73.4020571265828,5.35779637520926
3002,"U/N Reef (21-681)",2014,36.83205,"Reefmod",NA,NA,64.5892264384683,56.9221155653932,72.8039639765253,15.8818484111321
3003,"U/N Reef (21-682)",2014,35.6266,"Reefmod",NA,NA,71.1255098020341,66.7080276017171,74.698774399657,7.99074679793985
3004,"U/N Reef (21-683)",2014,35.91119,"Reefmod",NA,NA,68.4028510278282,62.2574531355613,73.1856263937034,10.9281732581421
3005,"U/N Reef (21-684)",2014,34.2206,"Reefmod",NA,NA,69.3873608332723,64.9822908766643,72.4550059954318,7.47271511876754
3006,"U/N Reef (21-685)",2014,20.7806,"Reefmod",NA,NA,69.6192481144223,65.6221926777657,72.1734391702834,6.55124649251769
3007,"North Point Cays Reef (22-007)",2014,17.00521,"Reefmod",NA,NA,62.2851416036623,55.5644835291382,68.4570549791317,12.8925714499935
3008,"Brooks Shoal (22-008)",2014,11.68957,"Reefmod",NA,NA,60.1729092938576,50.1777651264632,69.3585383146993,19.1807731882361
3009,"Barren Island Reef (22-009)",2014,15.18426,"Reefmod",NA,NA,43.3372562538724,28.6905466757642,57.628786331328,28.9382396555638
3010,"Roundish Reef (22-010)",2014,38.53918,"Reefmod",NA,NA,61.5144317217848,52.5121027822856,72.9428629075284,20.4307601252428
3011,"South Barren Reef (22-012)",2014,14.39914,"Reefmod",NA,NA,53.5182963924372,46.4802479738472,62.0429203285736,15.5626723547265
3012,"Obstruction Shoals (22-013)",2014,15.4984,"Reefmod",NA,NA,66.7159109393024,60.0177141943025,73.540442006025,13.5227278117225
3013,"U/N Reef (22-014)",2014,52.70453,"Reefmod",NA,NA,57.5751177529981,48.0360698640043,67.9836422412962,19.9475723772919
3014,"U/N Reef (21-475)",2014,23.24232,"Reefmod",NA,NA,69.7524699059019,65.2891944421848,75.6229685516799,10.3337741094951
3015,"U/N Reef (21-476)",2024,34.8,"RJFMP",NA,NA,37.1336332853533,35.6326955850535,38.5483278402283,2.91563225517476
3016,"U/N Reef (21-477)",2024,42,"RJFMP",NA,NA,44.9259434092019,42.7889463990666,46.560466014195,3.77151961512837
3017,"U/N Reef (21-478)",2014,18.6715,"Reefmod",NA,NA,68.4087032852663,60.9208482871081,73.7844268541207,12.8635785670127
3018,"U/N Reef (21-479)",2025,24.7,"RJFMP",NA,NA,24.7,24.7,24.7,0
3019,"U/N Reef (21-294)",2014,41.85601,"Reefmod",NA,NA,67.4141770930757,62.4715474630751,71.7774374938898,9.30589003081471
3020,"U/N Reef (21-295)",2014,43.85243,"Reefmod",NA,NA,67.8060273622491,62.3345549301713,73.4847446400864,11.1501897099152
3021,"U/N Reef (21-296)",2018,23.4,"AIMS Transect",NA,NA,63.3143239637789,60.4119521119499,72.4763394563737,12.0643873444237
3022,"U/N Reef (21-297a)",2014,47.13361,"Reefmod",NA,NA,67.4204450066507,65.02147166379,69.7621409326955,4.74066926890545
3023,"U/N Reef (21-297b)",2014,46.68701,"Reefmod",NA,NA,67.3217809721137,56.8519493187217,79.2253581360118,22.3734088172901
3024,"Whites Bay Reef (21-396)",2014,3.491296,"Reefmod",NA,NA,57.0057113387124,47.7528791463394,69.2325945325826,21.4797153862432
3025,"West Spur Reef",2023,10,"Census",-21.6836,150.2751,20.6993171046052,18.382155529469,24.0336375974133,5.65148206794434
3026,"East Spur Reef (21-399)",2014,8.023482,"Reefmod",NA,NA,51.508870325657,38.9977449551087,63.4300019334553,24.4322569783466
3027,"Howard Islet Reef (21-401)",2014,3.994174,"Reefmod",NA,NA,60.3838092033701,47.451228582264,69.6789484135273,22.2277198312633
3028,"Hixson Islet Reef (21-402)",2014,8.115133,"Reefmod",NA,NA,57.5254955853756,42.9323277713364,69.767904068892,26.8355762975556
3029,"U/N Reef (21-124)",2014,19.09048,"Reefmod",NA,NA,62.1604445334725,55.0926378556883,67.8807615685322,12.7881237128438
3030,"U/N Reef (21-125)",2014,16.60695,"Reefmod",NA,NA,61.9003646806325,50.8959861919797,72.0947259582501,21.1987397662703
3031,"U/N Reef (21-126)",2014,24.46259,"Reefmod",NA,NA,67.0106239291358,61.6512782878607,72.2866099709819,10.6353316831212
3032,"U/N Reef (21-127a)",2014,24.77581,"Reefmod",NA,NA,69.0041619742228,65.6507419688951,73.3145284482679,7.6637864793728
3033,"U/N Reef (21-127b)",2014,25.02344,"Reefmod",NA,NA,59.0470934043005,46.3656762301873,71.6642011553507,25.2985249251633
3034,"U/N Reef (21-208)",2014,44.86816,"Reefmod",NA,NA,56.0325544276834,50.8186545638327,62.2473415473074,11.4286869834747
3035,"U/N Reef (21-209)",2014,43.33619,"Reefmod",NA,NA,66.3377666552079,58.6203682506195,74.7399560303956,16.1195877797761
3036,"U/N Reef (21-210)",2014,46.4809,"Reefmod",NA,NA,60.5963232915848,51.8410974546903,69.9650365445893,18.123939089899
3037,"U/N Reef (21-211)",2014,44.83693,"Reefmod",NA,NA,60.9260368487587,48.8257024321714,72.3868417155426,23.5611392833711
3038,"U/N Reef (21-212)",2014,46.21148,"Reefmod",NA,NA,65.424400343241,52.1464768496308,73.6469474798517,21.5004706302209
3039,"U/N Reef (21-213)",2014,42.39998,"Reefmod",NA,NA,59.9517235924997,51.6622018891101,67.7278714125577,16.0656695234476
3040,"U/N Reef (21-297c)",2014,45.26183,"Reefmod",NA,NA,68.6956946299741,61.4881629975644,74.4508767558472,12.9627137582828
3041,"U/N Reef (21-297d)",2014,49.97633,"Reefmod",NA,NA,69.7202540522898,65.1068705536075,76.1019837227938,10.9951131691863
3042,"U/N Reef (21-298)",2014,42.54891,"Reefmod",NA,NA,65.7284191985027,59.1954410364903,71.6122909709168,12.4168499344266
3043,"U/N Reef (21-299)",2014,41.56266,"Reefmod",NA,NA,68.9370760971485,64.9987776581562,72.2175655141338,7.21878785597765
3044,"U/N Reef (21-300a)",2014,45.54741,"Reefmod",NA,NA,71.3768058135547,68.4971955975516,73.866500354089,5.36930475653735
3045,"U/N Reef (21-300b)",2014,52.20504,"Reefmod",NA,NA,69.9806736205679,63.7182286812294,75.03433761271,11.3161089314806
3046,"U/N Reef (21-301)",2014,43.87236,"Reefmod",NA,NA,58.3135772267352,45.1949986779752,70.2936310882292,25.098632410254
3047,"U/N Reef (21-302)",2018,29.4666666666667,"AIMS Transect",NA,NA,59.1103392195202,54.3816686862058,65.7196121393314,11.3379434531256
3048,"South Island Reef (No 1) (21-403a)",2014,4.048659,"Reefmod",NA,NA,53.3388153002789,45.4558452326951,64.4017386296964,18.9458933970013
3049,"South Island Reef (No 2) (21-403b)",2014,2.913425,"Reefmod",NA,NA,60.9543210702633,53.2330622070644,70.9102439181237,17.6771817110592
3050,"South East Islets Reef (21-406)",2014,3.484609,"Reefmod",NA,NA,57.7459731931977,49.9502880960103,67.7542198314061,17.8039317353959
3051,"Storm Reef (21-128)",2014,20.40891,"Reefmod",NA,NA,57.9272244073791,50.0172778515635,64.8454965229029,14.8282186713395
3052,"U/N Reef (21-129)",2014,25.30418,"Reefmod",NA,NA,57.8001181916199,51.6359256807275,67.763441361294,16.1275156805665
3053,"Zodiac Reef (21-214)",2014,33.17271,"Reefmod",NA,NA,55.2618485208406,46.7630064942145,64.0003532752024,17.2373467809879
3054,"U/N Reef (21-215)",2014,47.60315,"Reefmod",NA,NA,59.2812838631359,51.7138335762133,66.7699408514495,15.0561072752362
3055,"U/N Reef (21-216)",2014,44.13486,"Reefmod",NA,NA,64.9820540763398,57.8630407233302,72.2979485333804,14.4349078100502
3056,"U/N Reef (21-217)",2014,44.54136,"Reefmod",NA,NA,67.367349908902,61.0247537755082,73.4645764666622,12.4398226911541
3057,"U/N Reef (21-218)",2014,43.33755,"Reefmod",NA,NA,64.9537186243264,57.6265804767312,71.4639532597849,13.8373727830537
3058,"U/N Reef (21-219)",2014,44.9443,"Reefmod",NA,NA,57.1429570406126,48.8912786882994,67.5483874758357,18.6571087875363
3059,"U/N Reef (21-220)",2014,41.8082,"Reefmod",NA,NA,61.2325528437847,52.2299461280914,70.7939436845507,18.5639975564593
3060,"U/N Reef (21-303)",2014,45.9825,"Reefmod",NA,NA,65.4573936105809,61.5190012652063,71.2469008994847,9.72789963427837
3061,"U/N Reef (21-304)",2014,44.78301,"Reefmod",NA,NA,64.2718951464387,61.8989722588135,70.6140623080744,8.7150900492609
3062,"East Cay Reef",2021,4,"Census",-21.4837,152.5644,15.1742100565974,11.7600733046308,18.8258231186848,7.06574981405399
3063,"U/N Reef (21-306)",2014,45.44154,"Reefmod",NA,NA,59.5141664587726,45.1555285995202,68.5876638772441,23.4321352777239
3064,"U/N Reef (21-307)",2014,32.8373,"Reefmod",NA,NA,62.2555554321697,50.0955336468498,71.7198007872382,21.6242671403884
3065,"Bamborough Island Reef (No 1) (21-414a)",2014,29.72226,"Reefmod",NA,NA,61.1839388876812,51.4301570063281,68.1048108887446,16.6746538824165
3066,"Bamborough Island Reef (No 2) (21-414b)",2014,27.30356,"Reefmod",NA,NA,63.221764910661,49.7169865445268,71.8233436729505,22.1063571284237
3067,"Jeffreys Rocks Reef (21-415)",2014,15.54169,"Reefmod",NA,NA,63.9718884460671,53.7263168476103,72.8883731418457,19.1620562942354
3068,"U/N Reef (21-130)",2014,28.61351,"Reefmod",NA,NA,66.2667848777979,59.958098639943,74.809659972858,14.851561332915
3069,"Nancy Foster Reef (21-131)",2014,12.7172,"Reefmod",NA,NA,60.7196026838499,51.6853948063716,69.3575705468594,17.6721757404878
3070,"U/N Reef (21-132)",2014,27.46092,"Reefmod",NA,NA,62.4408884392593,54.4310263659321,69.0237612607482,14.592734894816
3071,"U/N Reef (21-133)",2014,31.83598,"Reefmod",NA,NA,56.1999691868579,43.3161880083976,67.9257106689343,24.6095226605367
3072,"U/N Reef (21-134)",2014,29.14038,"Reefmod",NA,NA,65.3117127987674,64.0132203628641,70.5434557877825,6.53023542491837
3073,"U/N Reef (21-221)",2014,41.41529,"Reefmod",NA,NA,55.9982760471981,44.3921456995343,67.7331163536811,23.3409706541469
3074,"U/N Reef (21-222)",2014,44.88427,"Reefmod",NA,NA,65.7063906340148,62.2303435070685,71.8703320320872,9.63998852501869
3075,"U/N Reef (21-223)",2014,46.0332,"Reefmod",NA,NA,64.9369195223726,59.147922730674,71.0342710945797,11.8863483639057
3076,"U/N Reef (21-224)",2014,41.28255,"Reefmod",NA,NA,69.0321558658581,62.0501090833512,73.9617110992527,11.9116020159014
3077,"U/N Reef (21-225)",2014,27.26629,"Reefmod",NA,NA,62.5463945616737,57.0762511387702,68.7765414415495,11.7002903027793
3078,"U/N Reef",2020,12,"Census",-21.1772,152.371,50.7685093422549,40.3625745623584,58.8443381671295,18.4817636047711
3079,"U/N Reef",2020,11,"Census",-21.1765,152.3975,50.1033383365277,46.5076185810898,54.9971068656778,8.48948828458796
3080,"Temple Island Reef (21-308)",2014,36.57182,"Reefmod",NA,NA,65.3848653922162,58.3893788336583,74.7302318813193,16.3408530476609
3081,"U/N Reef (21-309)",2014,35.0782,"Reefmod",NA,NA,61.0220860597841,50.8544702952808,69.3595270818356,18.5050567865548
3082,"U/N Reef (21-310)",2014,40.0808,"Reefmod",NA,NA,59.6445962337437,50.3630963704447,70.6867778230624,20.3236814526176
3083,"U/N Reef (21-312)",2014,30.72142,"Reefmod",NA,NA,68.068662093395,59.1070526530318,75.8370524358564,16.7299997828245
3084,"U/N Reef (21-313)",2014,36.21081,"Reefmod",NA,NA,63.5070588614474,57.5863799442653,68.5407314576766,10.9543515134112
3085,"U/N Reef (21-314)",2014,43.34235,"Reefmod",NA,NA,57.2755666211337,41.7453802216137,67.790432642728,26.0450524211144
3086,"U/N Reef (21-315)",2014,42.03016,"Reefmod",NA,NA,61.6666206596665,55.7467914892997,70.5375421887316,14.7907506994319
3087,"West Hill Reef (21-316)",2014,44.88052,"Reefmod",NA,NA,57.7877490558232,44.7731201572233,72.1067151072627,27.3335949500394
3088,"Coquet Reef",2021,17,"Census",-21.9383,150.0968,38.1638241974087,33.9332536377298,42.9029321255233,8.96967848779344
3089,"Hunter Island Reef (No 1) (21-418a)",2014,27.34827,"Reefmod",NA,NA,60.3086793936778,51.68047827029,67.331281236312,15.650802966022
3090,"Hunter Island Reef (No 2) (21-418b)",2014,9.631934,"Reefmod",NA,NA,62.1598097366995,57.3800998394622,68.3352645285337,10.9551646890715
3091,"U/N Reef (21-135)",2014,11.40118,"Reefmod",NA,NA,64.1588646193719,55.2112029579542,73.1469659982036,17.9357630402494
3092,"U/N Reef (21-136)",2014,16.56747,"Reefmod",NA,NA,62.5110609629421,49.721746447777,73.96731444593,24.2455679981529
3093,"U/N Reef (21-137)",2014,17.3176,"Reefmod",NA,NA,61.0605891946686,53.2918690027832,68.9363529294035,15.6444839266204
3094,"U/N Reef (21-138)",2014,17.41927,"Reefmod",NA,NA,61.0597810556313,49.6589938463165,71.8624587494889,22.2034649031725
3095,"U/N Reef (21-139)",2023,30.85,"AIMS Transect",NA,NA,39.1206353205271,32.5973421454609,46.6658804593376,14.0685383138767
3096,"U/N Reef (21-228)",2014,44.17039,"Reefmod",NA,NA,69.8508297527915,64.9577731319831,74.0113712176256,9.05359808564255
3097,"U/N Reef (21-229)",2014,45.5674,"Reefmod",NA,NA,68.5865475883199,63.4007458860051,74.3113627040082,10.9106168180031
3098,"U/N Reef",2020,18,"Census",-21.1902,152.3361,59.6412053279459,53.5055018052223,66.5613923702695,13.0558905650472
3099,"U/N Reef",2020,6,"Census",-21.1996,152.3156,40.8574365049461,36.1126985708382,45.6442908950132,9.53159232417499
3100,"U/N Reef (21-232)",2014,45.82253,"Reefmod",NA,NA,72.5983465186043,68.8505944947778,77.2914997111947,8.44090521641694
3101,"U/N Reef (21-233)",2014,32.03809,"Reefmod",NA,NA,69.5234094582587,66.0138742283312,73.5940235211735,7.58014929284229
3102,"U/N Reef",2020,2,"Census",-21.2125,152.2426,23.4515993294166,14.3076386309434,29.2078047150876,14.9001660841443
3103,"Lavers Reef",2020,14,"Census",-21.2201,152.0116,52.0136291777046,45.9110808984564,57.3485629191339,11.4374820206775
3104,"Ferdinand Shoal (21-317)",2014,11.471,"Reefmod",NA,NA,66.6071529737877,61.2291812255414,72.5294263355,11.3002451099586
3105,"Waratah Island Reef (21-318)",2014,9.6109,"Reefmod",NA,NA,57.3336428249521,46.7924490996928,69.6853627695587,22.8929136698659
3106,"Waratah Shoal (21-319)",2014,8.222016,"Reefmod",NA,NA,62.7163211521487,54.3058484360446,69.2473322463363,14.9414838102917
3107,"Tupper Shoal (21-320)",2014,29.96851,"Reefmod",NA,NA,60.1784690327046,50.9953300210111,69.925557058082,18.9302270370709
3108,"Yaralla Shoal (21-322)",2014,12.09134,"Reefmod",NA,NA,63.8404635957706,58.805416669284,69.8744626144741,11.0690459451902
3109,"Harry Shoal (North) (21-324a)",2014,18.63469,"Reefmod",NA,NA,57.4294523507399,42.5088942413407,74.1341433577161,31.6252491163754
3110,"Harry Shoal (South) (21-324b)",2014,20.9923,"Reefmod",NA,NA,63.2369149138057,51.5484921874402,72.125784007272,20.5772918198319
3111,"Hotspur Islets Reef (21-059)",2014,7.474867,"Reefmod",NA,NA,61.493944573504,54.7553200398917,67.0445540537532,12.2892340138614
3112,"U/N Reef (21-060)",2023,12.6866666666667,"AIMS Transect",NA,NA,24.2701261085411,21.0358433155947,28.6660617479535,7.63021843235887
3113,"U/N Reef (21-061)",2014,3.677247,"Reefmod",NA,NA,53.1717829740561,37.5921719384724,67.435926573063,29.8437546345907
3114,"U/N Reef (21-140)",2015,35.893,"Manta",NA,NA,59.3311656309099,50.408368938477,68.3112895502501,17.9029206117731
3115,"U/N Reef",2020,14,"Census",-21.4863,151.1982,40.5936804560138,30.3939003375412,49.4297576602202,19.035857322679
3116,"U/N Reef (21-142)",2014,14.79537,"Reefmod",NA,NA,61.8616761842915,52.290726515267,70.91469216344,18.6239656481731
3117,"U/N Reef (21-143)",2014,14.72701,"Reefmod",NA,NA,66.0415936686047,60.116371527202,72.3594358250138,12.2430642978118
3118,"U/N Reef (21-144)",2014,13.9591,"Reefmod",NA,NA,61.7061927872131,51.0098975837276,74.4622749901613,23.4523774064336
3119,"U/N Reef (21-236)",2014,39.35535,"Reefmod",NA,NA,68.4626310473791,65.6997448585413,72.7744605252532,7.07471566671192
3120,"U/N Reef (21-237)",2014,48.38399,"Reefmod",NA,NA,68.7237459268449,66.0392469764176,71.3567354974752,5.31748852105764
3121,"U/N Reef",2021,11,"Census",-21.236,152.5121,37.6835913847777,29.6643357154223,46.8555814510424,17.1912457356201
3122,"Hirst Reef (21-325)",2014,31.83907,"Reefmod",NA,NA,63.6011803274598,57.7533472838259,70.2927405508348,12.5393932670089
3123,"Kilgour Shoal (21-326)",2014,27.36174,"Reefmod",NA,NA,63.8342558070228,58.9820792567349,72.4512075339179,13.469128277183
3124,"Wallace Reef (21-327)",2014,12.62772,"Reefmod",NA,NA,56.4083534141638,48.9576281947195,66.030495029799,17.0728668350795
3125,"Tinonee Bank (21-328)",2014,29.17348,"Reefmod",NA,NA,64.6567801992456,60.6644983552559,69.3471774218437,8.68267906658781
3126,"Planter Shoal (21-329)",2014,11.69686,"Reefmod",NA,NA,59.7401357793206,48.108591805612,72.7295518469899,24.6209600413779
3127,"Bluff Island Reef (21-331)",2014,11.02711,"Reefmod",NA,NA,52.7758001287138,33.1074118188715,66.3682874323238,33.2608756134522
3128,"U/N Reef (21-062)",2023,34.851,"Manta",NA,NA,54.4076252592823,48.8220851538179,58.884733970214,10.0626488163961
3129,"U/N Reef (21-063)",2014,12.25736,"Reefmod",NA,NA,59.4287525170048,45.5696158286644,70.0772478048098,24.5076319761453
3130,"U/N Reef (21-064)",2023,22.2,"Manta",NA,NA,36.1941277080216,29.2480948324111,42.9065225515446,13.6584277191334
3131,"U/N Reef (21-065)",2023,22.6,"RJFMP",NA,NA,36.4898916568161,27.1316108358912,43.5988526887208,16.4672418528296
3132,"U/N Reef (21-066)",2014,4.567228,"Reefmod",NA,NA,62.6064444441363,55.2344378519672,72.1069207616387,16.8724829096714
3133,"U/N Reef (21-067)",2024,36.4,"RJFMP",NA,NA,40.0374498035246,38.279650172024,41.5936676840378,3.31401751201376
3134,"U/N Reef (21-145a)",2014,12.84029,"Reefmod",NA,NA,63.3115573454352,56.9826685428325,70.5142772096964,13.5316086668638
3135,"U/N Reef (21-145b)",2014,15.29214,"Reefmod",NA,NA,65.8613379284795,60.0373869333293,71.9220769316427,11.8846899983135
3136,"U/N Reef (21-145c)",2014,17.22135,"Reefmod",NA,NA,61.167552327723,45.8829792317844,69.5429948729085,23.6600156411241
3137,"U/N Reef (21-146)",2014,14.33427,"Reefmod",NA,NA,59.3232770620542,50.9732952199217,67.6099349201806,16.636639700259
3138,"U/N Reef (21-147)",2014,14.69665,"Reefmod",NA,NA,64.7623577113832,57.532962013118,70.4262142288065,12.8932522156885
3139,"U/N Reef (21-239)",2014,36.88777,"Reefmod",NA,NA,65.0960386220819,58.4594531060991,70.8330923136505,12.3736392075514
3140,"U/N Reef (21-240)",2014,45.55798,"Reefmod",NA,NA,67.8972421803509,60.1870420620526,76.5430770710103,16.3560350089577
3141,"Centenery Reef (21-241)",2014,41.71318,"Reefmod",NA,NA,70.4016792195035,65.0576037262605,78.0389595176467,12.9813557913862
3142,"U/N Reef (21-242a)",2014,26.07065,"Reefmod",NA,NA,66.697499917003,62.8673765837247,74.728931826567,11.8615552428423
3143,"U/N Reef (21-242b)",2014,30.02026,"Reefmod",NA,NA,69.3584811625772,67.9349795195661,70.7676800727971,2.83270055323102
3144,"Treble Reef (21-333)",2014,19.06698,"Reefmod",NA,NA,65.8507851622968,58.0376274417533,75.2637881561884,17.2261607144351
3145,"Curlew Reef (21-334)",2014,13.18064,"Reefmod",NA,NA,65.8693983173617,62.4872435609246,69.8114212183511,7.32417765742653
3146,"U/N Reef (21-336)",2014,11.33641,"Reefmod",NA,NA,53.711191049012,37.2911744127472,68.3872933857174,31.0961189729702
3147,"Pearl Shoal (21-337)",2014,11.14676,"Reefmod",NA,NA,65.8978808452473,61.2153048086635,70.3022877420583,9.08698293339472
3148,"Slattery Shoal (21-338)",2014,12.55967,"Reefmod",NA,NA,55.6220497750641,46.4349266457232,70.4049296258193,23.9700029800961
3149,"U/N Reef (21-068)",2014,14.24882,"Reefmod",NA,NA,58.0474179229178,49.8383098812803,67.2697915355221,17.4314816542418
3150,"U/N Reef (21-069)",2024,48.2,"RJFMP",NA,NA,50.4028619089877,48.3367728913676,52.3340942417111,3.99732135034351
3151,"U/N Reef (21-070)",2014,15.48387,"Reefmod",NA,NA,50.2628838486442,41.5268415779602,63.6543627015608,22.1275211236006
3152,"U/N Reef (21-071)",2024,26,"RJFMP",NA,NA,33.9965956099014,27.0093429119468,38.5268371572171,11.5174942452703
3153,"U/N Reef (21-148)",2014,16.26213,"Reefmod",NA,NA,66.2083853989539,60.7417884805196,73.6027085583369,12.8609200778173
3154,"U/N Reef (21-149)",2014,14.53949,"Reefmod",NA,NA,62.3713324223517,56.2598447236188,67.490158400947,11.2303136773282
3155,"U/N Reef (21-150)",2014,17.7185,"Reefmod",NA,NA,57.5004774523709,43.4131752215381,67.890205373802,24.4770301522639
3156,"U/N Reef (21-151)",2014,16.17354,"Reefmod",NA,NA,58.5630094688695,43.7119168559381,70.2080750973418,26.4961582414037
3157,"U/N Reef (21-242c)",2014,35.60324,"Reefmod",NA,NA,67.8411902534199,64.5088718179722,71.5681869771523,7.05931515918007
3158,"U/N Reef (21-243)",2014,30.51813,"Reefmod",NA,NA,65.8225128225461,58.8979017549973,72.6633964413817,13.7654946863844
3159,"U/N Reef (21-244)",2014,27.94069,"Reefmod",NA,NA,68.6906511056567,62.7191726488094,74.2562310316511,11.5370583828417
3160,"U/N Reef (21-245)",2019,38.32,"AIMS Transect",NA,NA,68.611229166208,65.3491130825448,71.555244552403,6.20613146985818
3161,"U/N Reef (21-246)",2014,47.44619,"Reefmod",NA,NA,68.8232242429874,64.4150924528578,73.096474626535,8.68138217367719
3162,"U/N Reef (21-247)",2014,22.50772,"Reefmod",NA,NA,63.3946058584241,55.1304576373105,72.087267473249,16.9568098359385
3163,"Dinner Reef (21-339)",2014,20.25347,"Reefmod",NA,NA,66.731990279949,61.7808816906154,70.6742629667682,8.89338127615281
3164,"Temple Shoal (21-340)",2014,27.27611,"Reefmod",NA,NA,65.846090886753,60.808545709943,71.8689641336014,11.0604184236584
3165,"Edwards Shoal (21-341)",2014,9.325235,"Reefmod",NA,NA,59.7318626014271,48.2450017375337,70.2503368798242,22.0053351422905
3166,"Blackbird Shoal (21-342)",2014,10.88751,"Reefmod",NA,NA,58.7036469170359,49.4539296214499,67.0204579273871,17.5665283059371
3167,"Ridge Reef (21-345)",2014,11.53718,"Reefmod",NA,NA,64.8013014927507,61.5072914943688,71.4825597802805,9.97526828591168
3168,"Paxton Shoal (21-346)",2014,11.85207,"Reefmod",NA,NA,57.7039110880067,47.8363191278883,65.3146362693722,17.4783171414839
3169,"Torch Shoal (21-347)",2014,11.72751,"Reefmod",NA,NA,61.9281766109224,55.9099380018137,68.7447039740737,12.83476597226
3170,"U/N Reef (21-072)",2014,4.285038,"Reefmod",NA,NA,56.2210668762638,46.6507180000607,65.0196122297809,18.3688942297202
3171,"U/N Reef (21-073)",2014,13.2751,"Reefmod",NA,NA,63.2013400492942,56.6450502645031,75.1799836031588,18.5349333386557
3172,"U/N Reef",2021,3,"Census",-21.1565,150.845,17.6103630217584,14.3090465469845,21.4858793622665,7.17683281528208
3173,"U/N Reef (21-075)",2014,13.79096,"Reefmod",NA,NA,61.0156197726122,55.1001425345821,67.6880599439784,12.5879174093963
3174,"U/N Reef (21-152)",2014,15.5556,"Reefmod",NA,NA,57.531471083508,49.9451746517009,66.9328441792718,16.9876695275709
3175,"U/N Reef (21-153)",2014,15.1121,"Reefmod",NA,NA,57.3359484970425,46.519240030019,71.6873833871214,25.1681433571024
3176,"U/N Reef (21-154)",2014,13.93224,"Reefmod",NA,NA,67.5109935076043,59.3545400686756,73.3555489089346,14.0010088402589
3177,"U/N Reef (21-155)",2014,14.51479,"Reefmod",NA,NA,65.913752760213,61.1825833137109,72.6012487065395,11.4186653928286
3178,"U/N Reef (21-156)",2014,21.835,"Reefmod",NA,NA,66.3587673530714,64.5114214952226,72.1652683700494,7.65384687482674
3179,"U/N Reef (21-157)",2014,15.59988,"Reefmod",NA,NA,62.8153504911461,53.1980716396558,73.1116833947915,19.9136117551357
3180,"U/N Reef (21-158)",2014,16.95929,"Reefmod",NA,NA,58.6489042440413,47.325563659098,70.2242395673637,22.8986759082658
3181,"U/N Reef (21-248)",2014,27.90089,"Reefmod",NA,NA,65.0228670838324,60.4223492006535,69.5117000173062,9.08935081665271
3182,"U/N Reef (21-249)",2014,48.94339,"Reefmod",NA,NA,67.2832718363233,60.1624592706088,71.5248265495669,11.3623672789581
3183,"U/N Reef (21-250a)",2025,39,"RJFMP",NA,NA,39,39,39,0
3184,"U/N Reef (21-250b)",2025,39.5,"RJFMP",NA,NA,39.5,39.5,39.5,0
3185,"U/N Reef (21-251)",2014,35.11672,"Reefmod",NA,NA,67.0408053483139,61.1334939648055,72.3462101949632,11.2127162301577
3186,"U/N Reef (21-252)",2014,28.64423,"Reefmod",NA,NA,71.6353467220323,64.2264478373682,77.8778180613513,13.6513702239832
3187,"Connor Islet Reef (21-348)",2014,31.72455,"Reefmod",NA,NA,56.1130739059141,46.1640031467098,64.4986092958883,18.3346061491785
3188,"Smythe Shoals (21-349a)",2014,11.56964,"Reefmod",NA,NA,56.118048368723,51.8634113994078,60.4755281210961,8.61211672168833
3189,"Emily Patches (21-349b)",2014,16.2357,"Reefmod",NA,NA,65.8669333745701,60.0676211518263,73.381365672559,13.3137445207327
3190,"Shag Reef (21-350)",2014,10.94325,"Reefmod",NA,NA,62.3905571560814,60.0324892302636,67.5894599869386,7.55697075667491
3191,"Stony Shoal (21-351)",2014,11.36596,"Reefmod",NA,NA,59.6303395797836,47.1784866926993,68.8129546151401,21.6344679224408
3192,"Williams Shoal (21-352)",2014,14.18568,"Reefmod",NA,NA,63.0125148487345,56.1410040647065,70.7127746340569,14.5717705693505
3193,"U/N Reef (21-076)",2014,12.8866,"Reefmod",NA,NA,63.1833127178794,58.5861150003118,67.4474923630997,8.86137736278792
3194,"U/N Reef (21-077)",2014,12.53474,"Reefmod",NA,NA,60.5246296445578,49.0373302112508,69.1130055225757,20.0756753113249
3195,"U/N Reef (21-078)",2014,13.85851,"Reefmod",NA,NA,57.7351436887315,51.912153669174,65.7288948231544,13.8167411539804
3196,"U/N Reef (21-079)",2014,13.33685,"Reefmod",NA,NA,49.4895507989925,36.9663190294366,64.1026379087213,27.1363188792847
3197,"U/N Reef",2021,0,"Census",-21.2262,150.7689,10.4298745942926,6.29243206977843,12.848314388232,6.55588231845353
3198,"U/N Reef (21-159)",2014,16.49134,"Reefmod",NA,NA,68.0652799698843,62.3920299681827,73.3153716752033,10.9233417070206
3199,"U/N Reef (21-160)",2014,14.63435,"Reefmod",NA,NA,64.6802599020255,53.202176278304,74.723071316338,21.520895038034
3200,"U/N Reef (21-161)",2014,17.52788,"Reefmod",NA,NA,61.8755472713169,47.2465610820032,71.9410365962227,24.6944755142195
3201,"U/N Reef (21-162)",2014,15.68995,"Reefmod",NA,NA,66.2908159674157,63.0447508731266,73.2264745678769,10.1817236947502
3202,"U/N Reef (21-163)",2014,20.74614,"Reefmod",NA,NA,61.3030666937625,50.8334439548998,71.2329175476841,20.3994735927842
3203,"U/N Reef (21-164)",2014,18.09325,"Reefmod",NA,NA,55.3730322898641,44.8162603464866,65.5771940744975,20.7609337280108
3204,"U/N Reef (21-165)",2014,20.97699,"Reefmod",NA,NA,63.1918314803534,55.0190016132827,69.8157015261064,14.7966999128236
3205,"U/N Reef (21-253)",2014,27.11567,"Reefmod",NA,NA,63.9856477175594,58.3741611288385,68.9941203491828,10.6199592203443
3206,"U/N Reef (21-254)",2014,45.29055,"Reefmod",NA,NA,69.1363084648192,62.2206347135793,73.0177123290714,10.7970776154921
3207,"U/N Reef (21-255)",2014,45.13877,"Reefmod",NA,NA,66.8446579095081,63.3302445399481,72.2754619306308,8.94521739068261
3208,"U/N Reef (21-256)",2025,24.3,"RJFMP",NA,NA,24.3,24.3,24.3,0
3209,"U/N Reef (21-257)",2014,28.11905,"Reefmod",NA,NA,67.6463464857594,61.6052421269052,72.6386145915741,11.0333724646689
3210,"Lower Reef (21-355)",2014,9.376781,"Reefmod",NA,NA,64.7697673494396,58.572505192874,70.6120281363499,12.0395229434759
3211,"Innes Reef (21-356)",2014,11.60942,"Reefmod",NA,NA,60.3274792974473,51.019034803237,68.4577040843378,17.4386692811008
3212,"Sandy Shoal (North) (21-358a)",2014,21.0621,"Reefmod",NA,NA,62.2757480891536,58.2097072732784,68.093375521116,9.88366824783755
3213,"Sandy Shoal (South) (21-358b)",2014,11.52173,"Reefmod",NA,NA,58.7841046590609,55.1668206266733,69.7755430980059,14.6087224713326
3214,"George Reef (21-359)",2014,9.080954,"Reefmod",NA,NA,59.5558792880295,54.911482816172,67.3386793002577,12.4271964840857
3215,"Poynter Reef (21-360)",2014,9.42837,"Reefmod",NA,NA,55.4639162836941,43.6260038179012,66.3962461705074,22.7702423526061
3216,"U/N Reef",2021,0,"Census",-21.2244,150.8829,12.0393236337462,9.53726939385906,15.2253088940211,5.68803950016199
3217,"U/N Reef (21-082)",2014,13.67406,"Reefmod",NA,NA,58.0550364258926,53.0080064315199,66.3031321201506,13.2951256886307
3218,"U/N Reef (21-083)",2014,14.57144,"Reefmod",NA,NA,58.4427308022251,41.564478273737,70.0591514614317,28.4946731876947
3219,"U/N Reef (21-084)",2014,15.06733,"Reefmod",NA,NA,63.6968328514791,57.6713437094126,71.7385386568182,14.0671949474056
3220,"U/N Reef (21-085)",2014,15.80284,"Reefmod",NA,NA,54.0328999717178,44.758027157067,60.9677929754857,16.2097658184186
3221,"Paul Reef",2024,37.62936959,"Census",-21.3317,150.785,44.7947299948091,38.6358565961185,51.3384822344255,12.702625638307
3222,"Twin Cays Reef (North) (21-166)",2014,21.78158,"Reefmod",NA,NA,65.5518617156792,61.6677215061346,72.0779470940259,10.4102255878913
3223,"U/N Reef (21-167)",2014,15.30049,"Reefmod",NA,NA,59.1638486183069,44.0945651638538,71.6829504752944,27.5883853114406
3224,"Twin Cays Reef (South) (21-168)",2014,21.21926,"Reefmod",NA,NA,61.5971128986239,55.7496284476594,67.4067665645768,11.6571381169174
3225,"U/N Reef (21-169)",2014,19.8288,"Reefmod",NA,NA,62.3206388526818,56.1952931474375,72.4831767485804,16.2878836011429
3226,"U/N Reef (21-170)",2014,19.04821,"Reefmod",NA,NA,60.682953960016,41.8543110620248,72.9207188058385,31.0664077438137
3227,"U/N Reef (21-171)",2014,15.33794,"Reefmod",NA,NA,66.5595621557479,57.7380266089779,74.7465496375834,17.0085230286055
3228,"Mystery Reef",2020,6,"Census",-21.3774,152.0171,39.0845492551197,36.3088372954112,41.9899665295314,5.68112923412022
3229,"U/N Reef (21-259)",2014,29.38862,"Reefmod",NA,NA,67.0451419441385,61.4331454589286,72.9129429947396,11.479797535811
3230,"U/N Reef (21-260)",2014,23.49025,"Reefmod",NA,NA,67.9195182690962,62.1096781002372,73.7907597319315,11.6810816316943
3231,"North Patch (21-361)",2014,17.79817,"Reefmod",NA,NA,66.9460984420816,60.1770784250963,72.328394512274,12.1513160871777
3232,"Alexandra Reefs (21-362)",2014,22.24002,"Reefmod",NA,NA,61.3461055944088,53.5155470116663,71.2741503563684,17.7586033447021
3233,"South Patch (21-363)",2014,12.2099,"Reefmod",NA,NA,56.4446471077311,43.501414324121,67.7554409722186,24.2540266480977
3234,"Lake Shoals (21-364)",2014,11.77904,"Reefmod",NA,NA,61.2250939397286,52.1821222715211,71.1745713580874,18.9924490865663
3235,"Drumfish Shoal (East) (21-365a)",2014,20.24072,"Reefmod",NA,NA,62.4492859405143,55.7640667481601,72.5539539621527,16.7898872139926
3236,"Drumfish Shoal (West) (21-365b)",2014,22.53391,"Reefmod",NA,NA,66.1387494817642,54.8234534670653,73.4887381453469,18.6652846782816
3237,"Fanning Shoal (21-366)",2014,26.14962,"Reefmod",NA,NA,62.4865536385272,51.3864805678641,70.9050287330294,19.5185481651652
3238,"21-087",2024,17.24830976,"Census",-21.3844,150.9748,18.5565210881672,15.6473738152552,21.9817802767422,6.33440646148702
3239,"U/N Reef (21-088)",2014,17.23454,"Reefmod",NA,NA,63.3586471548916,57.9396012770721,70.4675650360083,12.5279637589362
3240,"U/N Reef (21-089)",2014,13.61042,"Reefmod",NA,NA,62.2323001256049,54.572426606685,71.3221698477323,16.7497432410473
3241,"U/N Reef (21-090)",2014,23.27153,"Reefmod",NA,NA,61.2784070097828,54.3915394594513,71.3222433865359,16.9307039270846
3242,"U/N Reef (21-091)",2014,15.77446,"Reefmod",NA,NA,55.9182034465951,43.3410613751318,70.6623433851877,27.321282010056
3243,"U/N Reef (21-092)",2024,18.3,"RJFMP",NA,NA,19.2526812418999,18.1059362224922,20.4776265118252,2.37169028933301
3244,"Riptide Reef (21-172)",2014,16.18629,"Reefmod",NA,NA,64.6218422404686,56.7379110483534,74.75341929738,18.0155082490266
3245,"Mullers Reef (21-173)",2014,13.89321,"Reefmod",NA,NA,57.0650830080824,39.0542129460398,70.7019933546156,31.6477804085758
3246,"U/N Reef (21-174)",2014,18.65683,"Reefmod",NA,NA,65.0224342494012,56.1175893830842,74.2405145556351,18.1229251725509
3247,"U/N Reef (21-175)",2014,19.52059,"Reefmod",NA,NA,67.2829767447719,55.9491115891814,75.6723634058984,19.7232518167171
3248,"U/N Reef (21-261)",2014,38.64662,"Reefmod",NA,NA,66.2692814232385,62.7569673251146,70.2272395133787,7.47027218826409
3249,"U/N Reef (21-262a)",2014,42.64006,"Reefmod",NA,NA,69.5422975689099,64.7484933223162,71.9528616690344,7.20436834671813
3250,"U/N Reef (21-262b)",2014,52.89008,"Reefmod",NA,NA,67.3575133267161,61.3661898456124,71.7470514329956,10.3808615873832
3251,"U/N Reef (21-263)",2024,30.3,"RJFMP",NA,NA,32.0374994108579,30.5449978705424,33.6858701503643,3.14087227982186
3252,"U/N Reef (21-264)",2025,37,"RJFMP",NA,NA,37,37,37,0
3253,"Red Clay Reef (21-367)",2014,44.6457,"Reefmod",NA,NA,64.3516361282164,49.9355295255303,74.8112254476686,24.8756959221382
3254,"Boomerang Shoals (21-368)",2014,13.34447,"Reefmod",NA,NA,58.009429001451,46.9985795936251,67.706490730847,20.7079111372219
3255,"Middle Shoal (21-369)",2014,24.95084,"Reefmod",NA,NA,63.3701362415746,58.7463769981848,69.0871834831551,10.3408064849703
3256,"Beware Reef (21-370)",2014,11.06057,"Reefmod",NA,NA,56.235872932613,43.7376474483413,67.7396918590801,24.0020444107388
3257,"Bald Reef (21-372)",2014,45.31667,"Reefmod",NA,NA,66.3786828772437,60.1852628326399,73.1548094091945,12.9695465765546
3258,"Reef Islet Reef (21-373)",2014,41.68663,"Reefmod",NA,NA,69.9742664818642,66.1692575615849,73.629265769331,7.4600082077461
3259,"U/N Reef (21-093)",2024,25.3,"RJFMP",NA,NA,27.4840665821667,25.5310372432548,30.1985915987688,4.66755435551404
3260,"U/N Reef (21-094)",2024,30.1,"RJFMP",NA,NA,32.3654512338924,30.6521307917141,35.3014833159957,4.64935252428157
3261,"U/N Reef (21-095)",2014,27.12231,"Reefmod",NA,NA,65.7505800576835,58.3160152594007,69.9193713786689,11.6033561192681
3262,"U/N Reef (21-096)",2014,15.09475,"Reefmod",NA,NA,64.4509361010637,60.083857814814,69.3737409411511,9.28988312633713
3263,"U/N Reef (21-097)",2014,15.68041,"Reefmod",NA,NA,64.9397217751122,50.5733665362241,74.2211628437155,23.6477963074914
3264,"U/N Reef (21-098)",2014,19.5626,"Reefmod",NA,NA,58.3125510838391,49.1205890398455,74.1713338845639,25.0507448447184
3265,"U/N Reef (21-099)",2014,19.56,"Reefmod",NA,NA,57.1086050847871,45.3286980329803,67.6570750656624,22.3283770326821
3266,"U/N Reef (21-100)",2014,13.05037,"Reefmod",NA,NA,62.9612422226592,58.9401929291244,69.7085994614557,10.7684065323313
3267,"U/N Reef (21-176)",2014,17.28078,"Reefmod",NA,NA,59.7846068985464,53.2883638216999,71.1843596751234,17.8959958534236
3268,"U/N Reef (21-177)",2014,19.46581,"Reefmod",NA,NA,69.3307833642091,65.6500596463314,74.8034466472651,9.15338700093376
3269,"U/N Reef (21-178)",2014,13.92452,"Reefmod",NA,NA,59.1980875909969,54.6375352954286,66.0818274350661,11.4442921396375
3270,"U/N Reef (21-179)",2014,18.08612,"Reefmod",NA,NA,64.2235183248116,58.1842359751692,71.3159246134443,13.131688638275
3271,"U/N Reef (21-180)",2014,17.85641,"Reefmod",NA,NA,65.709656841004,59.3539594539542,72.4522915136022,13.098332059648
3272,"U/N Reef (21-181)",2024,31.4,"COTS",NA,NA,33.6853235444677,31.6681274729995,36.283713920425,4.61558644742549
3273,"U/N Reef (21-265)",2014,32.83687,"Reefmod",NA,NA,68.6829689749791,66.5555771696218,72.1489000594844,5.59332288986262
3274,"U/N Reef (21-266)",2014,22.50529,"Reefmod",NA,NA,64.6064838078692,58.9006214010125,69.852744789641,10.9521233886285
3275,"U/N Reef (21-267)",2014,33.53183,"Reefmod",NA,NA,68.954587148234,64.4280863595424,72.312109178195,7.88402281865267
3276,"U/N Reef (21-268)",2014,46.09507,"Reefmod",NA,NA,67.8117972469691,62.2108135881077,72.2264986968231,10.0156851087154
3277,"U/N Reef (21-269)",2014,46.67498,"Reefmod",NA,NA,69.7020077496397,67.0283614194106,74.6522947305993,7.62393331118874
3278,"West Reef (21-374)",2014,26.43226,"Reefmod",NA,NA,61.4368647166247,51.4360914647782,69.645983354584,18.2098918898058
3279,"Holt Shoal (21-375)",2014,22.83719,"Reefmod",NA,NA,66.0103167272088,63.0739209282419,71.3076532938383,8.2337323655964
3280,"Channel Island Reef (21-377)",2014,23.98703,"Reefmod",NA,NA,59.4805036695751,49.8051071676921,70.1255809352037,20.3204737675116
3281,"Aquila Reef (21-378)",2014,44.09949,"Reefmod",NA,NA,65.3521979545127,60.0491003415322,71.818342960241,11.7692426187088
3282,"Avoid Reef (21-379)",2014,45.537,"Reefmod",NA,NA,59.9953048523114,52.5650438715485,67.5005427146328,14.9354988430843
3283,"U/N Reef (21-101)",2014,12.40401,"Reefmod",NA,NA,62.2644629564211,55.0298295682497,69.9532935445579,14.9234639763083
3284,"U/N Reef (21-829a)",2014,17.1325,"Reefmod",NA,NA,63.4716344541489,55.1132449398566,72.6590224638984,17.5457775240418
3285,"U/N Reef (21-829b)",2014,29.09952,"Reefmod",NA,NA,60.1584216805169,44.8608850778022,74.7805712999938,29.9196862221916
3286,"U/N Reef (21-829c)",2014,12.34387,"Reefmod",NA,NA,57.6425846217892,42.4806517370174,65.2376969712614,22.7570452342441
3287,"U/N Reef (21-102)",2014,16.91478,"Reefmod",NA,NA,56.4602637800157,43.2704142615236,70.1150641603287,26.8446498988052
3288,"U/N Reef (21-103)",2014,17.60733,"Reefmod",NA,NA,59.4696385852681,53.5742566404189,70.4044647994858,16.8302081590669
3289,"U/N Reef (21-182)",2014,13.70737,"Reefmod",NA,NA,59.7087933058709,41.9426938307434,72.8911126961596,30.9484188654161
3290,"U/N Reef (21-183)",2014,17.08432,"Reefmod",NA,NA,65.6455494112531,60.3838937109352,69.5565236396557,9.17262992872047
3291,"U/N Reef (21-184)",2014,14.54449,"Reefmod",NA,NA,55.6361148904236,40.0864292474574,68.9220651306887,28.8356358832313
3292,"U/N Reef (21-185)",2014,26.89528,"Reefmod",NA,NA,65.5298132820028,61.964719431197,69.2077829807499,7.24306354955291
3293,"U/N Reef (21-186)",2024,35.5,"COTS",NA,NA,38.1340066760698,36.3434217910701,40.3053915793463,3.96196978827618
3294,"U/N Reef (21-187)",2023,27.5333333333333,"AIMS Transect",NA,NA,40.1697576514542,31.9281936020616,48.3910207078259,16.4628271057643
3295,"U/N Reef (21-270)",2024,25.7,"RJFMP",NA,NA,28.1059278154278,26.61628023499,30.4809308067193,3.86465057172931
3296,"U/N Reef (21-271)",2014,24.88994,"Reefmod",NA,NA,63.0239008115312,62.3635101425765,71.2507040258804,8.88719388330394
3297,"U/N Reef (21-272)",2014,28.40987,"Reefmod",NA,NA,65.0746978642061,59.5539505268211,69.4237861543795,9.86983562755835
3298,"U/N Reef (21-273)",2014,40.16936,"Reefmod",NA,NA,58.2502868405732,48.669703509038,67.3202154761711,18.6505119671332
3299,"Perkins Reef",2021,4,"Census",-21.0396,152.6241,22.2247278647358,16.035227272667,28.0138049084357,11.9785776357688
3300,"U/N Reef",2021,2,"Census",-21.0602,152.5623,17.0972342289938,7.41439427471906,28.7927473735027,21.3783530987836
3301,"Park Shoal (21-380)",2014,28.63188,"Reefmod",NA,NA,54.6012192279104,46.861229789482,64.1465044616313,17.2852746721493
3302,"Falcon Island Reef (21-381)",2014,37.76425,"Reefmod",NA,NA,66.6096652632903,58.8649257625154,74.6651218534583,15.8001960909429
3303,"Turn Island Reef (21-382)",2014,15.36048,"Reefmod",NA,NA,62.7320315826804,53.8410576254337,71.9354707954811,18.0944131700474
3304,"Race Rocks Reef (21-383)",2014,32.96935,"Reefmod",NA,NA,63.6357505526686,58.1788580005381,69.5083706169754,11.3295126164373
3305,"U/N Reef (21-104)",2014,11.76161,"Reefmod",NA,NA,65.1642314705185,60.1614423903477,70.8617426389028,10.7003002485551
3306,"U/N Reef (21-105)",2014,21.37652,"Reefmod",NA,NA,63.767129466541,53.8591008127556,71.3647496374795,17.5056488247238
3307,"U/N Reef (21-106)",2014,16.77359,"Reefmod",NA,NA,64.2310344893716,55.5949858480592,72.2761585185925,16.6811726705333
3308,"U/N Reef (21-107)",2014,14.37543,"Reefmod",NA,NA,63.754693421451,53.5745703409542,74.1111063055072,20.536535964553
3309,"U/N Reef (21-108)",2014,15.27731,"Reefmod",NA,NA,62.7787297843868,56.576823987643,70.0132522657599,13.4364282781169
3310,"U/N Reef (21-109)",2014,12.02839,"Reefmod",NA,NA,52.1181412809969,37.2225082310306,63.8814221069576,26.658913875927
3311,"U/N Reef (21-110)",2014,12.58548,"Reefmod",NA,NA,55.7953904448468,39.6533707930089,63.7632244745733,24.1098536815645
3312,"U/N Reef (21-111)",2014,19.37262,"Reefmod",NA,NA,60.333089786234,56.2925198798297,64.5058983320225,8.21337845219283
3313,"U/N Reef (21-112)",2014,20.88277,"Reefmod",NA,NA,60.7703813928623,48.9485015595194,70.9126578843116,21.9641563247922
3314,"U/N Reef (21-188)",2024,29.5,"COTS",NA,NA,32.1300076187616,29.2856492757022,33.9857680671158,4.70011879141353
3315,"U/N Reef (21-189)",2014,12.25258,"Reefmod",NA,NA,66.264057200307,56.8138501340982,75.7893657044983,18.9755155704
3316,"U/N Reef (21-190)",2014,20.11823,"Reefmod",NA,NA,67.4151316957676,64.3845327829962,69.8819039064167,5.49737112342045
3317,"U/N Reef (21-191)",2014,25.82562,"Reefmod",NA,NA,66.4101133130468,62.3148230851339,72.994674270345,10.6798511852112
3318,"U/N Reef (21-192)",2014,39.66338,"Reefmod",NA,NA,56.2844269032508,44.8314370831957,64.264222303089,19.4327852198933
3319,"U/N Reef",2021,10,"Census",-21.0586,152.5496,39.9017973169053,32.9636824786176,46.2568542287715,13.2931717501539
3320,"U/N Reef",2021,2,"Census",-21.0728,152.5343,19.7833729028609,13.3958740949556,25.3730179696028,11.9771438746472
3321,"U/N Reef (21-278)",2019,28.2533333333333,"AIMS Transect",NA,NA,65.3686163835731,61.0504905671092,69.3732070207548,8.32271645364557
3322,"U/N Reef (21-279)",2014,39.66484,"Reefmod",NA,NA,62.5717741202015,57.0776285442772,67.4589018816047,10.3812733373275
3323,"Elusive Reef",2021,2,"Census",-21.1088,152.7756,24.4105736973416,17.5728469089735,28.0311219939235,10.45827508495
3324,"U/N Reef",2021,3,"Census",-21.1181,152.6295,23.4516553877946,19.018076637689,30.0448024370614,11.0267257993724
3325,"Pine Peak Reef (21-386)",2014,7.813338,"Reefmod",NA,NA,60.4243968538235,52.5781631931042,68.2939228961121,15.7157597030079
3326,"Sphinx Reef (21-387)",2014,12.09172,"Reefmod",NA,NA,62.4103942410766,50.7461539861747,72.6665389946854,21.9203850085107
3327,"Middle Island Reef (21-389)",2014,6.28251,"Reefmod",NA,NA,59.7248405097597,52.9465805647713,65.6751271577875,12.7285465930162
3328,"U/N Reef (21-113a)",2014,14.27856,"Reefmod",NA,NA,58.2763516538307,41.0972176126165,70.6755821895859,29.5783645769693
3329,"U/N Reef (21-113b)",2014,15.63945,"Reefmod",NA,NA,63.4116627782768,57.9062719920529,70.6488173142434,12.7425453221905
3330,"U/N Reef (21-113c)",2014,15.36953,"Reefmod",NA,NA,57.7890834553393,52.504861781021,67.3701515208918,14.8652897398708
3331,"U/N Reef (21-113d)",2014,15.34958,"Reefmod",NA,NA,63.537466836677,60.848716239077,69.9968924826945,9.14817624361751
3332,"U/N Reef (21-113e)",2014,13.53685,"Reefmod",NA,NA,63.4430382271109,54.7636283216774,71.1382722704832,16.3746439488058
3333,"U/N Reef (21-114a)",2014,20.95024,"Reefmod",NA,NA,55.3727990910167,39.4778123360819,69.5456024142402,30.0677900781582
3334,"U/N Reef (21-114b)",2014,20.97597,"Reefmod",NA,NA,61.9516198561573,48.2801021515527,76.3378510640069,28.0577489124543
3335,"U/N Reef (21-114c)",2014,20.7044,"Reefmod",NA,NA,62.4482107407304,53.0376272524705,71.517232980952,18.4796057284815
3336,"U/N Reef (21-115)",2014,23.24937,"Reefmod",NA,NA,55.9062035655081,45.0902383993268,64.5105011921299,19.420262792803
3337,"U/N Reef (21-116)",2014,23.90658,"Reefmod",NA,NA,63.3740578856269,61.5219687220303,68.6475606234,7.12559190136965
3338,"U/N Reef (21-193)",2014,40.76025,"Reefmod",NA,NA,50.6449992535533,34.8743095268555,62.0664187006869,27.1921091738313
3339,"U/N Reef (21-194)",2014,44.91186,"Reefmod",NA,NA,57.1748169569303,49.2969903533374,66.7725449607386,17.4755546074012
3340,"U/N Reef (21-195)",2014,44.30819,"Reefmod",NA,NA,57.6355291405478,50.1115254988342,66.0585597012045,15.9470342023703
3341,"U/N Reef (21-196)",2014,40.11467,"Reefmod",NA,NA,60.5597731941498,54.5860637763321,66.7257747016513,12.1397109253192
3342,"U/N Reef (21-197)",2014,37.89397,"Reefmod",NA,NA,60.2116916310668,53.3732784057204,67.7250149134384,14.3517365077181
3343,"U/N Reef (21-198)",2014,43.00492,"Reefmod",NA,NA,58.0993742380091,50.8096968742681,68.1128038559582,17.3031069816901
3344,"U/N Reef (21-199)",2014,43.85078,"Reefmod",NA,NA,58.3677156748726,49.7888798576063,70.4747391143634,20.6858592567571
3345,"U/N Reef (21-200)",2014,40.83871,"Reefmod",NA,NA,68.5705198400318,64.1547535460324,74.5267316199949,10.3719780739625
3346,"U/N Reef (21-282)",2014,45.17501,"Reefmod",NA,NA,60.926199157369,55.0229880482715,66.2691451509761,11.2461571027047
3347,"U/N Reef (21-283)",2014,41.26405,"Reefmod",NA,NA,66.2714273772666,62.7455798834175,70.3723736934308,7.62679381001328
3348,"Ron Taylor Reef",2021,17,"Census",-21.1374,152.5279,50.1707606074507,41.3781058078433,57.5979610254275,16.2198552175841
3349,"U/N Reef",2021,10,"Census",-21.139,152.5445,49.7197351133866,42.5089709639945,56.4883075384843,13.9793365744898
3350,"U/N Reef (21-286)",2014,43.4097,"Reefmod",NA,NA,69.508249631498,67.0165822022209,71.8671295332688,4.85054733104789
3351,"U/N Reef (21-287)",2014,46.45227,"Reefmod",NA,NA,66.5177235382806,63.8579468563653,69.9937883144421,6.13584145807683
3352,"U/N Reef (21-288)",2014,48.163,"Reefmod",NA,NA,68.2311465535024,65.169690861743,72.2975896000043,7.12789873826129
3353,"Pine Islets Reef (21-391)",2014,7.529639,"Reefmod",NA,NA,60.3288459763977,48.4512650878134,70.0521286006648,21.6008635128514
3354,"Pine Islets (No 4) (21-391d)",2014,8.431576,"Reefmod",NA,NA,64.4283875085805,56.9087386308014,73.5257693728004,16.6170307419989
3355,"Walter Reef (21-392)",2014,3.349597,"Reefmod",NA,NA,51.5968943816275,43.3861940947456,62.2887189002529,18.9025248055073
3356,"North East Reef",2024,8.529793428,"Census",-21.6645,150.3301,9.31012563997424,8.34594676040595,10.2985577579787,1.95261099757272
3357,"U/N Reef (21-117)",2014,12.04187,"Reefmod",NA,NA,65.3201840990028,56.5114813406162,73.0838709990084,16.5723896583922
3358,"U/N Reef (21-118)",2014,14.08275,"Reefmod",NA,NA,62.6719540273672,54.8067243310534,67.6084656887039,12.8017413576504
3359,"U/N Reef (21-119)",2014,12.89198,"Reefmod",NA,NA,60.0253655818859,53.5428578218055,67.5465160064323,14.0036581846269
3360,"U/N Reef (21-120)",2014,17.01655,"Reefmod",NA,NA,64.4649990058345,59.9872612045275,72.2815323458359,12.2942711413084
3361,"U/N Reef (21-121)",2014,13.87658,"Reefmod",NA,NA,60.5395498341066,54.7837982053184,69.5214432106999,14.7376450053814
3362,"U/N Reef (21-122)",2014,17.06329,"Reefmod",NA,NA,56.2795433578095,51.0664287353832,65.425031920984,14.3586031856009
3363,"U/N Reef (21-123)",2014,26.08398,"Reefmod",NA,NA,66.9874235139603,61.4491324679361,71.5474885239604,10.0983560560243
3364,"U/N Reef (21-201)",2014,42.75697,"Reefmod",NA,NA,57.7417706701483,50.0439767726754,66.8848527119035,16.8408759392282
3365,"U/N Reef (21-202)",2014,41.58577,"Reefmod",NA,NA,65.6138016924329,59.6551533804139,71.9899144753643,12.3347610949504
3366,"U/N Reef (21-203)",2014,43.91064,"Reefmod",NA,NA,63.3976398833571,55.4323256484374,69.1592809855674,13.7269553371301
3367,"U/N Reef (21-204)",2014,40.81303,"Reefmod",NA,NA,59.5956092283292,49.817660608401,68.6223051445693,18.8046445361682
3368,"U/N Reef (21-205)",2014,42.27997,"Reefmod",NA,NA,60.6043686020049,52.402878313528,66.7120037223315,14.3091254088035
3369,"U/N Reef (21-206)",2014,41.21282,"Reefmod",NA,NA,62.3150009976139,59.4322428100044,68.0610903539256,8.62884754392116
3370,"U/N Reef (21-207)",2014,46.0684,"Reefmod",NA,NA,64.0083647722171,55.1418640193612,73.8266291694447,18.6847651500835
3371,"U/N Reef (21-289a)",2014,42.39209,"Reefmod",NA,NA,67.1444167048244,62.4417603743182,74.0276263598556,11.5858659855374
3372,"U/N Reef (21-289b)",2014,44.8438,"Reefmod",NA,NA,67.1075751765893,61.8211169301347,72.7662067442664,10.9450898141317
3373,"U/N Reef (21-290)",2014,46.6188,"Reefmod",NA,NA,68.2800162531157,62.915172360858,73.4985920821709,10.583419721313
3374,"U/N Reef (21-291)",2014,47.04288,"Reefmod",NA,NA,70.7338096724356,66.357882989384,74.7064180905424,8.34853510115838
3375,"U/N Reef (21-292)",2014,47.32705,"Reefmod",NA,NA,68.7979683459486,62.5452934065168,73.3642745643715,10.8189811578547
3376,"U/N Reef (21-293)",2014,41.71912,"Reefmod",NA,NA,69.8041160699333,65.0217982564333,74.6682392895,9.64644103306671
3377,"U/N Reef (99-464)",2014,32.57001,"Reefmod",NA,NA,58.4598040364793,43.3938490499195,69.759516740469,26.3656676905495
3378,"U/N Reef (99-465)",2014,27.31565,"Reefmod",NA,NA,58.8915755464672,51.8432324758173,67.9174785345711,16.0742460587539
3379,"U/N Reef (99-466)",2014,26.23301,"Reefmod",NA,NA,58.0377845117299,54.608132850031,67.6995567314661,13.0914238814351
3380,"U/N Reef (99-467)",2014,26.28345,"Reefmod",NA,NA,61.0764184172987,53.0666704143588,67.7763839693227,14.7097135549638
3381,"U/N Reef (99-469)",2014,47.41199,"Reefmod",NA,NA,61.6839097275598,58.5787171891099,66.2279418543799,7.64922466527004
3382,"U/N Reef (99-470)",2014,44.50626,"Reefmod",NA,NA,53.7300382411356,43.0974817054285,65.0110732251106,21.9135915196821
3383,"U/N Reef (99-472)",2014,35.1465,"Reefmod",NA,NA,46.4435214400592,32.4994156748493,56.2839994713029,23.7845837964536
3384,"U/N Reef (99-473)",2014,45.87401,"Reefmod",NA,NA,58.8485296630267,52.3057044273696,66.9462665124266,14.640562085057
3385,"U/N Reef (99-474)",2014,27.65024,"Reefmod",NA,NA,60.2612467585145,50.139356049778,67.9156505172541,17.7762944674761
3386,"Bayag Reef (99-475)",2014,28.68064,"Reefmod",NA,NA,36.7677291358873,24.4384524396588,52.7620677749924,28.3236153353336
3387,"U/N Reef (99-477)",2014,32.04114,"Reefmod",NA,NA,42.3688879752126,25.1296092977718,56.6783887933723,31.5487794956005
3388,"U/N Reef (99-478)",2014,30.91572,"Reefmod",NA,NA,40.965836936286,27.6280747440972,53.5340905718029,25.9060158277057
3389,"U/N Reef (99-480)",2014,18.23115,"Reefmod",NA,NA,58.3084701230465,43.2505120563333,67.0550584620991,23.8045464057658
3390,"U/N Reef (99-482)",2014,16.67534,"Reefmod",NA,NA,61.1346920628459,55.4245102700481,67.3705986066554,11.9460883366073
3391,"U/N Reef (99-484)",2014,30.74099,"Reefmod",NA,NA,44.3694633298793,33.8532431264822,54.2926790211029,20.4394358946207
3392,"U/N Reef (99-486)",2014,30.3638,"Reefmod",NA,NA,52.10155038853,37.0547717291753,69.2471315073953,32.1923597782199
3393,"U/N Reef (99-488)",2014,16.53683,"Reefmod",NA,NA,58.3346241597686,49.455103472947,64.7892738133686,15.3341703404215
3394,"U/N Reef (99-491)",2014,27.41467,"Reefmod",NA,NA,46.5820928073581,36.8148600313862,55.291838969536,18.4769789381498
3395,"U/N Reef (99-492)",2014,19.89801,"Reefmod",NA,NA,61.0036679675508,53.4590854051572,69.4966040441089,16.0375186389517
3396,"U/N Reef (99-495)",2014,45.49337,"Reefmod",NA,NA,55.139310579574,50.1330571268593,62.15259570177,12.0195385749107
3397,"U/N Reef (99-496)",2014,29.59085,"Reefmod",NA,NA,57.5722671407898,43.1740581067228,66.6528442529902,23.4787861462674
3398,"U/N Reef (99-497)",2014,31.74438,"Reefmod",NA,NA,57.0780207513655,49.0681005132938,62.7333884576227,13.6652879443289
3399,"U/N Reef (99-498)",2014,34.29269,"Reefmod",NA,NA,38.1300032113643,19.3652888652055,59.1648327735238,39.7995439083183
3400,"Alpha Reef (99-300)",2014,27.65055,"Reefmod",NA,NA,55.3425692157582,44.2723964470751,62.9856579747817,18.7132615277066
3401,"Kagar Reef (99-302)",2014,29.05191,"Reefmod",NA,NA,46.4158401897604,32.9666645928189,58.8457886863123,25.8791240934934
3402,"Mount Adolphus (Mori) Island Reef (No 1) (99-303a)",2014,30.31245,"Reefmod",NA,NA,51.8699282036504,42.8305799256362,60.2521305870803,17.4215506614441
3403,"Mount Adolphus (Mori) Island Reef (No 2) (99-303b)",2014,30.13272,"Reefmod",NA,NA,53.7878320158598,41.4035831534839,64.7336375409168,23.3300543874329
3404,"Mount Adolphus (Mori) Island Reef (No 3) (99-303c)",2014,33.16908,"Reefmod",NA,NA,52.695669680557,40.3254668513356,66.0352711965513,25.7098043452157
3405,"U/N Reef (99-499)",2014,19.68717,"Reefmod",NA,NA,53.5999558086015,46.0803164086884,60.5666457468527,14.4863293381643
3406,"U/N Reef (99-500)",2014,32.46729,"Reefmod",NA,NA,50.4542882490111,31.6100298000226,66.0405235509533,34.4304937509308
3407,"U/N Reef (99-501)",2014,20.24647,"Reefmod",NA,NA,61.2876571274526,50.6806813585526,69.8073249460035,19.1266435874508
3408,"U/N Reef (99-503)",2014,18.49467,"Reefmod",NA,NA,56.1558589535212,41.0682296926627,67.4902305678168,26.4220008751541
3409,"U/N Reef (99-504)",2014,23.55037,"Reefmod",NA,NA,53.593150948981,45.4808521066826,60.8288750745447,15.3480229678621
3410,"U/N Reef (99-505)",2014,17.11307,"Reefmod",NA,NA,58.7958224718499,49.1941643318548,68.4471690945582,19.2530047627034
3411,"Asp Shoals (99-506)",2014,43.75687,"Reefmod",NA,NA,53.7366243157256,36.7521577679383,68.3713145942651,31.6191568263267
3412,"U/N Reef (99-507)",2014,16.71891,"Reefmod",NA,NA,45.8753656013715,34.2836874490264,60.1858295827458,25.9021421337194
3413,"U/N Reef (99-508)",2014,35.33288,"Reefmod",NA,NA,42.0642290797595,32.8730224828503,52.8334965500243,19.960474067174
3414,"U/N Reef (99-509)",2014,33.11838,"Reefmod",NA,NA,48.3934766273632,44.6997068639996,55.1314359299279,10.4317290659284
3415,"U/N Reef (99-510)",2014,17.11014,"Reefmod",NA,NA,52.008283717116,41.2540547500377,64.263152430072,23.0090976800343
3416,"U/N Reef (99-511)",2014,39.47672,"Reefmod",NA,NA,50.834741360446,38.69391035791,59.0972879412929,20.4033775833829
3417,"Morilug Reef (99-304)",2014,29.42126,"Reefmod",NA,NA,49.9558984771677,39.381702573402,60.8411662485034,21.4594636751014
3418,"Kai-Damun Reef (99-305)",2014,31.12371,"Reefmod",NA,NA,59.2516708272488,50.8901173985433,67.2272959160795,16.3371785175362
3419,"U/N Reef (99-306)",2014,30.63107,"Reefmod",NA,NA,52.98058008589,43.1738042817968,62.3045900904684,19.1307858086716
3420,"Akone Reef (99-311)",2014,30.07178,"Reefmod",NA,NA,57.8321186609258,45.4585314234584,65.2975814047768,19.8390499813184
3421,"U/N Reef (99-312)",2014,31.51394,"Reefmod",NA,NA,56.7822807580489,55.6345627987155,62.788237750106,7.15367495139057
3422,"U/N Reef (99-345)",2014,29.55373,"Reefmod",NA,NA,34.0947555798488,19.2299271184778,47.6296082600308,28.399681141553
3423,"U/N Reef (99-346)",2014,27.9236,"Reefmod",NA,NA,32.4953008760627,23.084639734211,44.0100872219844,20.9254474877734
3424,"U/N Reef (99-512)",2014,20.22914,"Reefmod",NA,NA,64.206908671355,58.4763385357541,70.4350420659835,11.9587035302294
3425,"U/N Reef (99-513)",2014,39.13386,"Reefmod",NA,NA,61.25580543159,53.7105517529236,68.1443077391802,14.4337559862566
3426,"U/N Reef (99-514)",2014,19.39305,"Reefmod",NA,NA,52.3902678482182,44.0230344950559,62.1154281583747,18.0923936633188
3427,"U/N Reef (99-515)",2014,45.85724,"Reefmod",NA,NA,54.5884524005652,36.2915976437333,66.1179833096711,29.8263856659379
3428,"U/N Reef (99-517)",2014,43.88949,"Reefmod",NA,NA,61.6306561815659,50.4701781975785,70.3315277011365,19.861349503558
3429,"U/N Reef (99-518)",2014,46.36911,"Reefmod",NA,NA,66.8882383702428,62.6779467154674,72.0564036666752,9.37845695120774
3430,"U/N Reef (99-347)",2014,31.33617,"Reefmod",NA,NA,45.3163398861356,35.8425832482575,57.0155513807663,21.1729681325088
3431,"U/N Reef (99-379)",2014,26.833,"Reefmod",NA,NA,40.794808223137,33.7716490489592,50.8985240604347,17.1268750114755
3432,"U/N Reef (99-380)",2014,31.39343,"Reefmod",NA,NA,62.0667603582488,49.332337925187,72.0517814257404,22.7194435005534
3433,"U/N Reef (99-383)",2014,17.81996,"Reefmod",NA,NA,64.6928587699982,57.3328246117894,75.0409714847032,17.7081468729138
3434,"U/N Reef (99-388)",2014,11.95989,"Reefmod",NA,NA,62.929548892947,55.0047976403148,68.869615620344,13.8648179800292
3435,"U/N Reef (99-519)",2014,46.97717,"Reefmod",NA,NA,61.4729938343493,55.6428770716201,70.5916442726423,14.9487672010223
3436,"U/N Reef (99-520)",2014,43.24839,"Reefmod",NA,NA,65.0349192073177,54.871932888525,73.804540416905,18.9326075283799
3437,"U/N Reef (99-521a)",2014,43.43109,"Reefmod",NA,NA,62.5933711905811,58.2912486023932,66.780788095241,8.48953949284783
3438,"U/N Reef (99-521b)",2014,45.97429,"Reefmod",NA,NA,64.0444395426684,54.1464152864268,70.2022671015007,16.0558518150739
3439,"U/N Reef (99-522)",2014,43.58538,"Reefmod",NA,NA,52.7307935995794,43.3467313560482,63.7627177747924,20.4159864187443
3440,"U/N Reef (99-395)",2014,29.31701,"Reefmod",NA,NA,56.5334354457242,49.0508219480683,64.4152693740582,15.3644474259899
3441,"U/N Reef (99-396)",2014,30.55253,"Reefmod",NA,NA,44.1255273784871,36.7716596908243,53.5836153001849,16.8119556093606
3442,"U/N Reef (99-398)",2014,28.53448,"Reefmod",NA,NA,51.8713136431479,35.763274481112,68.5284104953681,32.7651360142562
3443,"U/N Reef (99-399)",2014,45.09455,"Reefmod",NA,NA,53.571363088697,37.5820515353567,63.5876748716819,26.0056233363253
3444,"U/N Reef (99-523)",2014,43.21687,"Reefmod",NA,NA,57.8015182745376,44.6987319532553,69.907420793451,25.2086888401958
3445,"U/N Reef (99-524)",2014,40.23608,"Reefmod",NA,NA,56.4516759478914,47.0087971299856,65.7024543495008,18.6936572195153
3446,"U/N Reef (99-525)",2014,45.47274,"Reefmod",NA,NA,54.5201059965561,43.9228711267217,66.4068857671102,22.4840146403885
3447,"U/N Reef (99-526)",2014,40.95021,"Reefmod",NA,NA,57.7663563894466,42.1376322137385,65.9793481001326,23.8417158863941
3448,"U/N Reef (99-527)",2014,43.85622,"Reefmod",NA,NA,51.3435352632064,39.1879242584742,63.6752134275847,24.4872891691106
3449,"U/N Reef (99-529)",2014,39.78653,"Reefmod",NA,NA,61.9293763707151,53.2592895691343,68.9616056701011,15.7023161009668
3450,"U/N Reef (99-401)",2014,38.39227,"Reefmod",NA,NA,57.0115823397756,40.7129848228496,68.2074755138912,27.4944906910416
3451,"U/N Reef (99-402)",2014,32.27802,"Reefmod",NA,NA,59.2081143911201,48.8773347374742,66.7796819010149,17.9023471635408
3452,"U/N Reef (99-403)",2014,43.67591,"Reefmod",NA,NA,53.6378588688605,34.8095908458548,68.7097430736828,33.9001522278279
3453,"U/N Reef (99-404)",2014,42.26075,"Reefmod",NA,NA,54.5947960504183,47.6383481122959,61.8556324594085,14.2172843471126
3454,"U/N Reef (99-405)",2014,32.27796,"Reefmod",NA,NA,62.8331055347787,57.7131386524092,67.524191684587,9.8110530321778
3455,"Gubmarau Reef (99-406)",2014,31.54802,"Reefmod",NA,NA,39.4628258044021,27.8484434477489,46.9976084113218,19.1491649635729
3456,"U/N Reef (99-407)",2014,22.17005,"Reefmod",NA,NA,48.6865690178507,33.2082137369058,61.4747797096468,28.266565972741
3457,"U/N Reef (99-530a)",2014,45.60956,"Reefmod",NA,NA,60.7438269033035,53.6109275630621,69.532162188226,15.9212346251639
3458,"U/N Reef (99-530b)",2014,44.26648,"Reefmod",NA,NA,65.423632552169,60.8693242130354,71.8035866542459,10.9342624412106
3459,"U/N Reef (99-532)",2014,43.47339,"Reefmod",NA,NA,66.0729710821011,62.1361076829145,69.0360835082599,6.89997582534541
3460,"U/N Reef (99-533)",2014,43.79385,"Reefmod",NA,NA,63.8503263267866,59.2234334585707,70.5923878726284,11.3689544140577
3461,"U/N Reef (99-535)",2014,43.69123,"Reefmod",NA,NA,65.9659327389297,59.5854536535996,72.8669062506077,13.281452597008
3462,"U/N Reef (99-536)",2014,40.40577,"Reefmod",NA,NA,69.711197781021,63.9064635142901,74.2954432974884,10.3889797831983
3463,"U/N Reef (99-537)",2014,42.30891,"Reefmod",NA,NA,64.3636916346645,56.9208837277534,70.7390990224034,13.8182152946499
3464,"U/N Reef (99-408)",2014,34.32095,"Reefmod",NA,NA,58.166090962808,48.2501788813433,68.8677830637052,20.6176041823619
3465,"U/N Reef (99-411)",2014,29.26785,"Reefmod",NA,NA,66.2146648504623,60.4255858685646,70.2099632277483,9.78437735918368
3466,"U/N Reef (99-413)",2014,34.68416,"Reefmod",NA,NA,57.5235236459099,40.8542676288314,67.3122356896876,26.4579680608562
3467,"U/N Reef (99-414)",2014,37.75879,"Reefmod",NA,NA,53.3505077012413,45.4604826168327,60.5314300333258,15.0709474164931
3468,"Susur Reef (99-415)",2014,36.77865,"Reefmod",NA,NA,39.8031383644592,26.0596540210759,51.0874898422992,25.0278358212232
3469,"U/N Reef (99-416)",2014,43.3218,"Reefmod",NA,NA,59.54147655829,51.1670926188471,65.7460350402406,14.5789424213935
3470,"U/N Reef (99-417)",2014,32.0484,"Reefmod",NA,NA,60.5371922621822,43.5565661574712,71.9889474136158,28.4323812561446
3471,"U/N Reef (99-418)",2014,33.23274,"Reefmod",NA,NA,60.9615029026719,52.2056174381787,70.8560273433494,18.6504099051706
3472,"U/N Reef (99-419)",2014,18.39371,"Reefmod",NA,NA,55.8550773576529,44.9729382519201,63.0304938654614,18.0575556135413
3473,"U/N Reef (99-420)",2014,36.10843,"Reefmod",NA,NA,58.7983753228137,49.0135002765051,70.5753895098001,21.561889233295
3474,"U/N Reef (99-540)",2014,37.83531,"Reefmod",NA,NA,62.3034113235417,55.752648376769,71.5704253965368,15.8177770197678
3475,"U/N Reef (99-809)",2014,36.73275,"Reefmod",NA,NA,58.6535357441587,56.0115132320498,67.1003168111995,11.0888035791497
3476,"U/N Reef (99-421)",2014,26.63147,"Reefmod",NA,NA,56.045150961927,43.067121903066,67.0551514857752,23.9880295827091
3477,"U/N Reef (99-422)",2014,30.035,"Reefmod",NA,NA,34.2511905674664,25.5608581180982,46.3581853587648,20.7973272406666
3478,"U/N Reef (99-423)",2014,30.65744,"Reefmod",NA,NA,58.316554907655,45.5689474345222,70.1122521279576,24.5433046934355
3479,"U/N Reef (99-424)",2014,31.00679,"Reefmod",NA,NA,55.0134485701512,41.5413915328688,63.7430811481136,22.2016896152448
3480,"Beresford Shoals (99-425)",2014,44.90653,"Reefmod",NA,NA,50.0213256790649,39.7776457887079,62.1046656495415,22.3270198608336
3481,"U/N Reef (99-426)",2014,37.62722,"Reefmod",NA,NA,44.6808620322755,33.1585738802003,54.7691872006074,21.610613320407
3482,"U/N Reef (99-427)",2014,44.579,"Reefmod",NA,NA,54.8148174224362,49.2045040983034,58.7729724054491,9.56846830714569
3483,"U/N Reef (99-428)",2014,33.08151,"Reefmod",NA,NA,69.3545019303228,63.8139508585266,74.6166832762216,10.802732417695
3484,"U/N Reef (99-429)",2014,23.11549,"Reefmod",NA,NA,59.2063497305377,51.953741292789,66.910199465594,14.956458172805
3485,"U/N Reef (99-430)",2014,46.84523,"Reefmod",NA,NA,53.4846306183046,41.1837205348375,61.1571766294876,19.9734560946501
3486,"U/N Reef (16-118)",2014,18.63714,"Reefmod",NA,NA,56.0107351096505,45.8344770686015,63.8837122412272,18.0492351726257
3487,"Passage Islet Reef (20-006)",2014,17.10033,"Reefmod",NA,NA,48.5158982056798,36.5276370090682,60.4755634403307,23.9479264312625
3488,"Middle Banks",2022,32,"Census",-11.7643,143.5056,49.8823219019782,39.8346229081452,58.3987990805198,18.5641761723746
3489,"U/N Reef (99-432)",2014,29.35558,"Reefmod",NA,NA,58.8559327001363,46.1865280082299,69.8080588610249,23.621530852795
3490,"U/N Reef (99-434)",2014,31.45919,"Reefmod",NA,NA,39.4910528208209,26.3762599585575,54.2677592719567,27.8914993133992
3491,"U/N Reef (99-435)",2014,32.41211,"Reefmod",NA,NA,54.0967051688553,41.2693100836942,65.067964263711,23.7986541800168
3492,"Au-Masig Reef (99-436)",2014,31.19438,"Reefmod",NA,NA,36.230548355467,25.8243052678263,48.1341391161519,22.3098338483256
3493,"U/N Reef (99-437)",2014,28.82508,"Reefmod",NA,NA,65.164938325614,55.6236127519663,74.2647960698671,18.6411833179008
3494,"U/N Reef (99-438)",2014,36.80726,"Reefmod",NA,NA,48.8840305472782,38.922825935865,58.7566439265912,19.8338179907262
3495,"Alert Patches (99-439)",2014,46.18542,"Reefmod",NA,NA,55.8354826515516,47.422790763417,66.8276820478574,19.4048912844404
3496,"U/N Reef (99-440)",2014,28.95859,"Reefmod",NA,NA,61.2501666680277,51.1576648394854,68.3302234304486,17.1725585909632
3497,"U/N Reef (99-441)",2014,41.61327,"Reefmod",NA,NA,60.925332386675,52.6849215082519,67.874831388911,15.189909880659
3498,"U/N Reef (99-442)",2014,28.28356,"Reefmod",NA,NA,56.9851148955564,48.1822309533212,66.186371583769,18.0041406304478
3499,"U/N Reef (99-443)",2014,44.1761,"Reefmod",NA,NA,59.5879000133614,52.4189875726896,66.7469890595371,14.3280014868475
3500,"U/N Reef (99-444)",2014,30.04647,"Reefmod",NA,NA,52.6714050992612,42.2103128014288,64.6867497683302,22.4764369669014
3501,"U/N Reef (99-445)",2014,44.63737,"Reefmod",NA,NA,55.2475178919851,42.7770664109767,65.7318790215587,22.954812610582
3502,"U/N Reef (99-446)",2014,29.64844,"Reefmod",NA,NA,56.4682536757032,38.2549420875011,67.1976869885024,28.9427449010013
3503,"U/N Reef (99-447)",2014,26.98629,"Reefmod",NA,NA,45.3731171354577,26.3524347944185,59.2845657769067,32.9321309824882
3504,"U/N Reef (99-448)",2014,27.06818,"Reefmod",NA,NA,61.3626593010818,52.6359858174421,69.8681495376701,17.232163720228
3505,"U/N Reef (99-450)",2014,45.15857,"Reefmod",NA,NA,57.0085212389549,43.6742547575413,69.6407664012062,25.9665116436649
3506,"Reeves Shoal (99-453)",2014,44.47137,"Reefmod",NA,NA,58.2885746047806,49.3469397382384,67.6888684496989,18.3419287114605
3507,"Bungaree Shoals (No 1) (99-455a)",2014,31.47793,"Reefmod",NA,NA,53.7857753560643,40.6796410245786,66.3827157675306,25.703074742952
3508,"Bungaree Shoals (No 2) (99-455b)",2014,35.1739,"Reefmod",NA,NA,48.7598094732107,35.0792418464586,64.4587366352009,29.3794947887423
3509,"Bungaree Shoals (No 3) (99-455c)",2014,33.16498,"Reefmod",NA,NA,54.8587527620586,48.3076468382124,60.6860509786009,12.3784041403885
3510,"U/N Reef (99-456)",2014,27.59044,"Reefmod",NA,NA,56.5639958535019,47.0206001561203,64.9568308456067,17.9362306894864
3511,"U/N Reef (99-457)",2014,31.50149,"Reefmod",NA,NA,36.3333243417374,23.4270190304994,46.4762443375985,23.0492253070991
3512,"U/N Reef (99-458a)",2014,47.58936,"Reefmod",NA,NA,54.5033359615396,40.5956358173054,68.3720761376137,27.7764403203083
3513,"U/N Reef (99-458b)",2014,42.68074,"Reefmod",NA,NA,54.4442461117257,41.6382218954577,66.3610821009972,24.7228602055395
3514,"U/N Reef (99-459)",2014,43.03157,"Reefmod",NA,NA,57.3455684522511,52.5245265330259,66.8043346691512,14.2798081361253
3515,"U/N Reef (99-460)",2014,14.42814,"Reefmod",NA,NA,50.9412863214071,37.4086570304191,64.4288206241429,27.0201635937239
3516,"Wap Reef (99-461)",2014,30.17375,"Reefmod",NA,NA,37.0911321803668,22.6373907035802,46.3120251370056,23.6746344334254
3517,"Wilson Island Reef (23-050)",2025,16.6,"COTS",NA,NA,16.6,16.6,16.6,0
3518,"Wreck Island Reef (23-051)",2023,55.61,"Manta",NA,NA,49.8843268163338,42.2939078740421,57.8545231076938,15.5606152336517
3519,"U/N Reef (24-003)",2014,37.75237,"Reefmod",NA,NA,51.7325175368231,46.0455057398494,58.846321138537,12.8008153986876
3520,"Red Rocks Reef (24-006)",2014,41.12104,"Reefmod",NA,NA,57.5765429106689,52.7850528716165,62.5326457981969,9.74759292658041
3521,"Delcomyn Reef (22-082)",2014,3.257105,"Reefmod",NA,NA,42.7573996367529,32.4766015406553,51.0028764775846,18.5262749369292
3522,"Entrance Island Reef (22-083)",2014,7.148588,"Reefmod",NA,NA,43.7532219555981,31.1570129948915,55.3279804534039,24.1709674585124
3523,"U/N Reef (22-084)",2022,9.028,"Manta",NA,NA,21.2114449282,16.3017244924441,25.3915918656292,9.08986737318511
3524,"U/N Reef (22-085)",2014,17.83727,"Reefmod",NA,NA,57.4446230935866,50.4516366347819,65.8804030570553,15.4287664222734
3525,"Wilson Reef",2022,5,"Census",-22.0174,152.4484,17.6045334831346,15.5306192960795,19.6037123445179,4.07309304843841
3526,"Earl Banks (22-167)",2014,4.410748,"Reefmod",NA,NA,54.9314006047423,37.2431346913875,64.444678231583,27.2015435401955
3527,"Heron Reef (23-052a)",2025,18.4,"COTS",NA,NA,18.4,18.4,18.4,0
3528,"U/N Reef (23-052b)",2014,41.88439,"Reefmod",NA,NA,56.684782683458,48.7003074612007,64.6785479934626,15.978240532262
3529,"Wistari Reef",2024,18.59651487,"Census",-23.4699,151.8767,20.3994171942158,16.6666584992293,23.3810154988469,6.71435699961752
3530,"Lady Elliot Island Reef (24-008)",2024,29.4,"COTS",NA,NA,31.9378343107263,30.4972547901588,33.965753314802,3.46849852464327
3531,"Herald Patches (No 1) (24-009a)",2014,21.8,"Reefmod",NA,NA,58.5391400604013,44.0137022138232,68.2474309902062,24.233728776383
3532,"Herald Patches (No 2) (24-009b)",2014,31.93626,"Reefmod",NA,NA,62.5846852567871,55.1247826555719,70.6693687426905,15.5445860871186
3533,"Herald Patches (No 3) (24-009c)",2014,11.4053,"Reefmod",NA,NA,62.1052922927807,53.2789519973684,69.8228868526854,16.5439348553169
3534,"U/N Reef (24-010)",2014,25.64973,"Reefmod",NA,NA,57.6699328936625,53.2225715493636,66.0183543694682,12.7957828201046
3535,"Porpoise Shoal (24-011)",2014,25.28085,"Reefmod",NA,NA,52.1425331910123,44.5535840188988,59.6678481500105,15.1142641311118
3536,"Long Shoal (24-012)",2014,23.56624,"Reefmod",NA,NA,58.3560066507381,52.3534656188153,66.3053123859909,13.9518467671756
3537,"U/N Reef (22-087)",2014,15.91332,"Reefmod",NA,NA,59.1112836670077,52.0996705454397,65.9449170848856,13.8452465394459
3538,"U/N Reef (22-088a)",2014,21.93437,"Reefmod",NA,NA,61.4592753711862,48.4386543085965,71.1276764096736,22.6890221010772
3539,"U/N Reef (22-088b)",2014,29.13458,"Reefmod",NA,NA,57.6989150256365,46.0917085376859,71.0314391279376,24.9397305902517
3540,"U/N Reef (22-089)",2014,40.39119,"Reefmod",NA,NA,65.7450384856759,57.563159646405,72.6467710334921,15.0836113870871
3541,"U/N Reef (22-816)",2014,24.74554,"Reefmod",NA,NA,66.3433084819426,57.700499359154,75.3618335779664,17.6613342188124
3542,"U/N Reef (22-817)",2014,22.47043,"Reefmod",NA,NA,64.3719350345642,59.9229820491441,72.5814112982643,12.6584292491202
3543,"Sykes Reef (23-054)",2025,8.6,"COTS",NA,NA,8.6,8.6,8.6,0
3544,"One Tree Island Reef",2024,19.48845275,"Census",-23.4957,152.0612,21.7336442898488,18.5567303302084,25.2547838432542,6.69805351304579
3545,"U/N Reef (23-055b)",2014,15.65083,"Reefmod",NA,NA,53.288124103338,43.8129274734134,62.3715875863632,18.5586601129498
3546,"U/N Reef (23-055c)",2014,38.64624,"Reefmod",NA,NA,48.1830140390548,38.9359629856233,55.7520003190133,16.81603733339
3547,"Rundle Reef",2022,15,"Census",-23.5343,151.2753,20.9756272709549,13.8537991152336,24.8998132357061,11.0460141204725
3548,"Chesterman Reef",2021,3,"Census",-22.0401,152.4287,16.7061154690059,13.6338287577555,19.3832394758127,5.74941071805727
3549,"U/N Reef (22-091)",2014,20.88354,"Reefmod",NA,NA,60.9005010695313,50.2479128363941,70.6781628429246,20.4302500065305
3550,"U/N Reef",2021,1,"Census",-22.0773,152.4774,12.2228012995189,6.37070124100708,16.6919630394168,10.3212617984097
3551,"Abrahams Reef (22-093)",2024,24.9,"RJFMP",NA,NA,26.8772279652174,25.3588603214067,28.0102688714889,2.65140855008212
3552,"Herald No 1 (22-094)",2014,18.63236,"Reefmod",NA,NA,60.6944461179006,54.040066184213,70.6738186726173,16.6337524884043
3553,"U/N Reef (22-818)",2014,23.85232,"Reefmod",NA,NA,60.2025003624568,46.6436666310097,71.5472818762737,24.9036152452641
3554,"U/N Reef (22-819)",2014,23.27068,"Reefmod",NA,NA,65.7374813447851,58.4480392291658,75.8659686935246,17.4179294643588
3555,"U/N Reef (22-820)",2014,21.46866,"Reefmod",NA,NA,61.1391182208004,54.6623323949938,65.5242205867323,10.8618881917385
3556,"U/N Reef (22-821)",2014,22.28795,"Reefmod",NA,NA,57.0975884095408,50.7196963338153,64.5406645862421,13.8209682524268
3557,"U/N Reef (22-822)",2014,23.17018,"Reefmod",NA,NA,63.3096497747633,56.8610524096929,70.8615762316202,14.0005238219273
3558,"U/N Reef (22-823)",2014,20.06864,"Reefmod",NA,NA,62.9461649935299,57.1873757259781,69.1235561632409,11.9361804372629
3559,"U/N Reef (22-824)",2014,25.91392,"Reefmod",NA,NA,63.9943236886547,58.2167846301346,70.2720589833209,12.0552743531864
3560,"U/N Reef (22-825)",2014,31.02543,"Reefmod",NA,NA,63.7004181705374,52.9780749279454,72.2246931858924,19.246618257947
3561,"U/N Reef (22-826)",2014,28.39317,"Reefmod",NA,NA,62.5560220149879,52.304569010114,72.2637620489415,19.9591930388276
3562,"U/N Reef",2021,4,"Census",-22.259,152.7081,16.5391327479342,14.1114704778213,18.9281638031211,4.81669332529974
3563,"Bass Shoals (23-057)",2014,3.850694,"Reefmod",NA,NA,49.2296547874098,41.9508908091564,57.1425714863276,15.1916806771713
3564,"Keppel Rocks Reef (23-058)",2014,3.801459,"Reefmod",NA,NA,41.4092770939498,27.2099936835744,56.1598030594805,28.9498093759061
3565,"Curtis Island Reef (No 1) (23-059a)",2014,5.887989,"Reefmod",NA,NA,21.8357277661296,12.1303922864828,34.5302169015872,22.3998246151045
3566,"Curtis Island Reef (No 2) (23-059b)",2014,21.30096,"Reefmod",NA,NA,43.7900362546761,32.5266280871395,53.8578878667622,21.3312597796228
3567,"Curtis Island Reef (No 3) (23-059c)",2014,28.33861,"Reefmod",NA,NA,20.671888420638,12.1522667984485,27.4866712096836,15.3344044112352
3568,"U/N Reef (22-095)",2014,19.36935,"Reefmod",NA,NA,63.3747655087904,56.1182648274317,71.260228957255,15.1419641298233
3569,"U/N Reef (22-096)",2014,25.38914,"Reefmod",NA,NA,63.6469690120376,60.0546465600589,70.3924708084507,10.3378242483917
3570,"U/N Reef (22-097)",2024,3,"RJFMP",NA,NA,3.33501039577648,3.07799042197876,3.63398281215317,0.555992390174418
3571,"22-098",2024,6.622086129,"Census",-22.2003,152.4951,7.080729877895,6.72750005373403,7.37746450094005,0.649964447206026
3572,"U/N Reef (22-828)",2014,26.77047,"Reefmod",NA,NA,63.8636483223359,57.2747841522682,69.7716530798461,12.4968689275779
3573,"U/N Reef (22-829)",2014,27.48661,"Reefmod",NA,NA,57.4351000868667,47.4684744725408,70.3167117601312,22.8482372875905
3574,"U/N Reef (22-830)",2014,27.3216,"Reefmod",NA,NA,59.5773541489209,48.6454393356511,68.6045603160029,19.9591209803517
3575,"U/N Reef (22-831)",2014,24.78871,"Reefmod",NA,NA,68.6338980750269,66.2710290794533,71.6920982959589,5.42106921650561
3576,"U/N Reef (22-832)",2014,24.44677,"Reefmod",NA,NA,59.5487068823288,42.3692835300006,71.488027788561,29.1187442585603
3577,"U/N Reef (22-833)",2014,26.15956,"Reefmod",NA,NA,61.10976296276,53.8885801610588,66.7746298062005,12.8860496451417
3578,"U/N Reef (22-834)",2014,23.57987,"Reefmod",NA,NA,62.2334646498567,52.2786749363129,71.1056611771485,18.8269862408356
3579,"U/N Reef (22-835)",2014,30.21577,"Reefmod",NA,NA,64.3530526934451,54.0145076670433,70.8917718432229,16.8772641761796
3580,"U/N Reef (22-836)",2014,28.75066,"Reefmod",NA,NA,62.2975230465546,48.1002959845154,74.1595442516968,26.0592482671813
3581,"U/N Reef (22-837)",2014,28.18834,"Reefmod",NA,NA,57.6398833110353,38.1482236499076,70.4437208398125,32.2954971899049
3582,"U/N Reef (22-838)",2014,23.57982,"Reefmod",NA,NA,61.2475350038365,52.1610090421287,68.0180324124557,15.8570233703271
3583,"Curtis Island Reef (No 4)",2022,32,"Census",-23.7481,151.3078,18.8212815629456,16.6774923676705,22.1479495659212,5.47045719825072
3584,"Rat Reef (23-060)",2014,5.51242,"Reefmod",NA,NA,24.2555199242171,13.8424254613618,38.9267017721087,25.0842763107469
3585,"North Point Reef (Facing Island Reef) (23-061a)",2014,30.36168,"Reefmod",NA,NA,21.7692371020673,9.99112547650681,31.9008444758602,21.9097189993533
3586,"Facing Island Reef (No 2) (23-061b)",2014,3.08061,"Reefmod",NA,NA,22.4882609947344,13.2731105393491,31.7213216491565,18.4482111098074
3587,"Pearl Ledge (Facing Island Reef No 3) (23-061c)",2014,24.63018,"Reefmod",NA,NA,24.1303326400626,14.060856856235,36.2718729385828,22.2110160823479
3588,"Facing Island Reef (No 4) (23-061d)",2014,20.46692,"Reefmod",NA,NA,19.9451154841424,13.5638571640094,23.3752775525457,9.81142038853625
3589,"Alnwick Reef (22-031)",2014,3.421358,"Reefmod",NA,NA,61.4216422931494,56.989136827899,71.8441064962244,14.8549696683254
3590,"Hexham Reef (22-032)",2014,3.076255,"Reefmod",NA,NA,62.6898261732361,49.9006082265071,72.046193563771,22.1455853372639
3591,"Danger Reef (22-033)",2014,8.692659,"Reefmod",NA,NA,64.7749790678659,56.8151048178135,72.3329528273198,15.5178480095063
3592,"Hackie Reef (22-099)",2014,17.31435,"Reefmod",NA,NA,62.7638410248377,55.2102363723185,70.1181072730206,14.9078709007021
3593,"U/N Reef (22-100)",2014,17.30207,"Reefmod",NA,NA,54.2754365081759,39.6962207892292,67.7980509591543,28.1018301699251
3594,"U/N Reef (22-101)",2014,19.93781,"Reefmod",NA,NA,61.7097872900658,56.6174263781511,67.5580482908856,10.9406219127345
3595,"U/N Reef (22-839)",2014,23.70292,"Reefmod",NA,NA,57.4814641698184,43.8569120047582,67.5731710706416,23.7162590658835
3596,"U/N Reef (22-840)",2014,22.71392,"Reefmod",NA,NA,58.969384621812,46.5249470426756,66.8995612492451,20.3746142065695
3597,"U/N Reef (22-841)",2014,25.96791,"Reefmod",NA,NA,59.0945236952862,45.6626311064392,66.9352948987105,21.2726637922713
3598,"U/N Reef (22-842)",2014,26.21366,"Reefmod",NA,NA,64.5134060718781,54.0699407502411,73.9305344074059,19.8605936571648
3599,"U/N Reef (22-843)",2014,28.65533,"Reefmod",NA,NA,62.5005047745477,55.3240897106272,71.1831371187386,15.8590474081114
3600,"U/N Reef (22-844)",2014,21.80754,"Reefmod",NA,NA,57.7655943907163,47.8720341624536,67.1974243140488,19.3253901515951
3601,"U/N Reef (22-845)",2014,30.2719,"Reefmod",NA,NA,62.4837714067225,50.2081830812214,71.3151075824872,21.1069245012658
3602,"U/N Reef (22-846)",2014,24.09038,"Reefmod",NA,NA,61.7126686306461,54.434496130003,71.3246600597503,16.8901639297473
3603,"U/N Reef (22-848)",2014,28.10585,"Reefmod",NA,NA,65.6155442525301,57.330581008878,72.1599407180906,14.8293597092126
3604,"U/N Reef (22-849)",2014,37.58578,"Reefmod",NA,NA,66.3358913952805,61.0094231267572,70.5640098973945,9.55458677063732
3605,"East Point Ledge (Facing Island Reef) (23-061e)",2014,24.67168,"Reefmod",NA,NA,15.7194713109988,8.98304340161355,24.7157662060012,15.7327228043877
3606,"Facing Island Reef (No 6) (23-061f)",2014,3.86866,"Reefmod",NA,NA,26.6630292726908,13.2767731594891,40.3654374020637,27.0886642425746
3607,"Manning Reef (23-062)",2014,4.013994,"Reefmod",NA,NA,24.0791170102404,8.9186096745774,39.0481423816232,30.1295327070458
3608,"Sable Chief Rocks Reef (23-064)",2014,15.73157,"Reefmod",NA,NA,21.6849856672378,8.51808942622712,30.8117932074423,22.2937037812152
3609,"East Banks (East) (23-065a)",2014,4.34918,"Reefmod",NA,NA,25.8085340528548,15.5235597783342,33.7584825797036,18.2349228013694
3610,"East Banks (West) (23-065b)",2014,4.051142,"Reefmod",NA,NA,35.6872229763425,16.4113765763081,46.3123919559204,29.9010153796123
3611,"Curtis Rock Reef (23-066)",2014,4.337678,"Reefmod",NA,NA,47.5282239345096,41.2732504220313,56.9509811811483,15.677730759117
3612,"Seal Rocks Reef (No 1) (23-067a)",2014,33.18574,"Reefmod",NA,NA,28.1604824150675,16.2343757442441,38.7956332292009,22.5612574849569
3613,"Seal Rocks Reef (No 2) (23-067b)",2014,33.75057,"Reefmod",NA,NA,27.4075831989625,14.9265333430015,38.1486168768539,23.2220835338524
3614,"Seal Rocks Reef (No 3) (23-067c)",2014,12.46516,"Reefmod",NA,NA,25.3067077382003,18.9351481385365,31.9276583717461,12.9925102332096
3615,"Otterbourne Reef (22-034)",2014,7.27048,"Reefmod",NA,NA,62.8223218157683,55.5095150168195,68.4450065626039,12.9354915457844
3616,"Two Round Rocks Reef (22-035)",2014,9.995155,"Reefmod",NA,NA,62.0203147115383,58.6215051884039,68.4544085028564,9.83290331445249
3617,"Steep Reef (22-036)",2014,3.431224,"Reefmod",NA,NA,54.1578456157736,48.4446208564296,63.07023827418,14.6256174177504
3618,"Low Island Reef (22-037)",2014,10.20425,"Reefmod",NA,NA,61.1270601650195,57.7879852416062,69.5261003397433,11.7381150981371
3619,"Clara Island Reef (22-038)",2014,14.51811,"Reefmod",NA,NA,65.0110513913987,57.2097334591899,69.6428956215455,12.4331621623557
3620,"Chinaman Reef",2022,11,"Census",-22.0052,152.6583,24.4730653491806,20.2969234222458,29.4827147027563,9.18579128051057
3621,"Half Moon Reef",2021,0,"Census",-22.0113,152.7261,12.002060956249,8.16099607229233,15.3075288391113,7.14653276681899
3622,"Horseshoe Reef (No 1)",2024,7.523090399,"Census",-22.0425,152.5804,8.09773448101081,7.52534916873128,8.77188099592175,1.24653182719047
3623,"Horseshoe Reef (No 2) (22-104b)",2014,15.36871,"Reefmod",NA,NA,59.5555957713137,50.0611067237486,71.4999652506873,21.4388585269387
3624,"Horseshoe Reef (No 3) (22-104c)",2014,23.5978,"Reefmod",NA,NA,63.197941385107,56.4547853652615,67.9190986659974,11.4643133007359
3625,"U/N Reef (22-850)",2014,27.84903,"Reefmod",NA,NA,68.4032818406914,64.0314713285244,73.4408052333715,9.40933390484709
3626,"U/N Reef (22-851)",2014,26.07226,"Reefmod",NA,NA,65.8852896331217,60.493142867097,71.1477727887898,10.6546299216928
3627,"Conical Rocks Reef",2021,29,"Census",-23.0363,150.8769,39.8252056810461,30.0590614933258,51.529658726557,21.4705972332312
3628,"Corroboree (Te-ri-mul) Reef",2021,14,"Census",-23.047,150.8795,21.4343506100383,16.9574078867476,28.9719204746344,12.0145125878869
3629,"Erskine Reef",2024,32.59713287,"Census",-23.5019,151.7737,33.1559252695153,29.222133657063,37.2123681849036,7.99023452784066
3630,"Mast Head Reef",2024,12.73895652,"Census",-23.527,151.7267,13.7654562720834,12.5319289773952,14.9706332756943,2.43870429829916
3631,"Irving Reef",2022,1,"Census",-23.5389,151.6273,6.22578033661005,2.9582161342986,9.84319390761111,6.88497777331251
3632,"Donovan Shoal (22-040)",2014,6.843599,"Reefmod",NA,NA,62.8244236387938,57.6062658191086,68.4499625112216,10.843696692113
3633,"North Rock Reef (22-041)",2014,2.745604,"Reefmod",NA,NA,59.3932613631761,48.7393720232057,69.7939259183496,21.054553895144
3634,"Mumford Reef (22-042)",2014,4.790635,"Reefmod",NA,NA,58.3247766969748,42.6515912003616,71.1410883683935,28.489497168032
3635,"White Rocks Reef (22-043)",2014,14.00752,"Reefmod",NA,NA,63.3802897954614,55.0993994401087,73.5317458657938,18.4323464256851
3636,"Ten Pin Reef (22-044)",2014,4.319822,"Reefmod",NA,NA,63.6644449501796,55.8502756981844,70.7418017085174,14.891526010333
3637,"Holt Island Reef (22-045)",2014,4.647012,"Reefmod",NA,NA,54.6216241701038,42.0696839623232,67.4954944450029,25.4258104826798
3638,"U/N Reef (22-105)",2014,24.90597,"Reefmod",NA,NA,64.3509623696515,57.3580245168751,70.7793096512627,13.4212851343877
3639,"U/N Reef (22-106)",2014,18.88783,"Reefmod",NA,NA,54.5570363069906,47.487768520017,65.0687973883688,17.5810288683518
3640,"U/N Reef (22-107)",2014,35.04916,"Reefmod",NA,NA,61.2456894954899,51.4310801978619,69.5187420294311,18.0876618315691
3641,"Ron Isbel Reef (22-108)",2014,22.16901,"Reefmod",NA,NA,64.9260738091485,58.4714296709241,70.4805088761027,12.0090792051786
3642,"Sanctuary Reef (22-109)",2014,20.91636,"Reefmod",NA,NA,66.4183713784855,61.5908082902367,72.2716907842266,10.6808824939899
3643,"U/N Reef (22-110)",2014,26.47757,"Reefmod",NA,NA,62.0584214261269,51.5603194051834,71.7111815850046,20.1508621798212
3644,"U/N Reef (22-111)",2014,25.60584,"Reefmod",NA,NA,62.3065645166083,55.7249315841053,69.2302013811254,13.5052697970201
3645,"U/N Reef (22-112)",2014,20.71447,"Reefmod",NA,NA,59.8199372212048,48.3781226496803,70.3032340904138,21.9251114407335
3646,"North Keppel (Ko-no-mie) Island Reef (No 1)",2021,16,"Census",-23.0635,150.9005,21.4065441816377,15.3699821140527,28.887947052867,13.5179649388142
3647,"North Keppel (Ko-no-mie) Island Rf (No 2) 23-004b",2023,50.125,"MMP",NA,NA,42.3936118666578,33.753104586818,52.6401191973847,18.8870146105668
3648,"Pumpkin Reef (23-005)",2023,27.53,"MMP",NA,NA,26.7482349488177,18.9052642778439,34.3382519585331,15.4329876806892
3649,"Square Rocks Reef",2021,20,"Census",-23.0968,150.8847,24.2739489945805,20.7952232888676,27.3518503858024,6.55662709693478
3650,"Sloping Reef",2021,79,"Census",-23.0982,150.8972,56.1453098378401,38.3892048808591,70.8694810840097,32.4802762031506
3651,"Polmaise Reef",2024,4.668364264,"Census",-23.5559,151.6779,4.95595472371557,4.64623054883236,5.45489237247573,0.80866182364337
3652,"Rock Cod Shoal",2022,2,"Census",-23.6743,151.6178,10.6406568797491,8.0206854011938,13.3063244382031,5.28563903700934
3653,"U/N Reef (23-074a)",2014,24.73273,"Reefmod",NA,NA,52.18658839424,44.1815778781624,61.8028541133983,17.6212762352359
3654,"U/N Reef (23-074b)",2014,29.43965,"Reefmod",NA,NA,46.4240961448031,34.2473034319246,57.4551806759463,23.2078772440217
3655,"23-074c",2023,12,"Census",-23.9813,151.6575,18.857257043002,12.292937286683,26.264149291487,13.971212004804
3656,"23-074d",2023,11,"Census",-23.9882,151.6749,16.0525629966646,12.7709060452858,20.5758568986,7.80495085331419
3657,"U/N Reef (22-046)",2014,4.688098,"Reefmod",NA,NA,54.0483975936401,43.5009727174811,65.8434968458274,22.3425241283463
3658,"Ripple Island Reef (No 1) (22-047a)",2014,3.267762,"Reefmod",NA,NA,63.6022250452,57.01544728051,71.1439590306832,14.1285117501732
3659,"Ripple Island Reef (No 2) (22-047b)",2014,4.278614,"Reefmod",NA,NA,59.7314974632444,53.5882096994471,67.2084969973339,13.6202872978868
3660,"Ripple Island Reef (No 3) (22-047c)",2014,3.300785,"Reefmod",NA,NA,60.6142775683158,59.8544229380567,68.3374099937152,8.48298705565843
3661,"Harrison Reef (22-048)",2014,4.522328,"Reefmod",NA,NA,62.3938152140389,58.7574698288921,69.3259970327797,10.5685272038877
3662,"U/N Reef (22-113)",2014,22.17092,"Reefmod",NA,NA,58.1986048992397,49.6158434608458,70.5863620720004,20.9705186111547
3663,"U/N Reef (22-114)",2014,21.87376,"Reefmod",NA,NA,58.2451532840281,47.2557999776069,66.8094775790338,19.5536776014269
3664,"U/N Reef (22-115)",2014,24.6139,"Reefmod",NA,NA,54.1474549713446,42.3084834315217,65.4579577945485,23.1494743630268
3665,"Hook Reef",2024,4.743773038,"Census",-22.0959,152.7417,4.93782760108741,4.55591643306626,5.31894689808799,0.763030465021728
3666,"U/N Reef (22-117)",2014,20.82624,"Reefmod",NA,NA,63.8223834240456,60.8859812982446,67.01270745723,6.12672615898544
3667,"U/N Reef (22-118)",2014,19.74679,"Reefmod",NA,NA,61.5174490931827,56.8518222029567,68.1652521591743,11.3134299562176
3668,"U/N Reef (22-119)",2014,23.37306,"Reefmod",NA,NA,65.1146664987012,59.8595528698228,71.4037661032037,11.5442132333809
3669,"U/N Reef (22-120)",2014,40.30506,"Reefmod",NA,NA,62.1949323925309,53.6052921388082,71.3337784747043,17.7284863358961
3670,"Man And Wife (Ban-ka-boo-la-re) Rocks Reef",2021,27,"Census",-23.1175,150.9917,36.6967190033232,21.1930541020286,51.250170565266,30.0571164632375
3671,"Miall (Ma-ma-lon-bi) Reef (23-009)",2014,23.37718,"Reefmod",NA,NA,48.9752074894456,38.2412009353668,60.5784837057292,22.3372827703624
3672,"Middle (Ba-la-ba) Island Reef",2022,0,"Census",-23.1678,150.9158,6.6658064922858,3.98322375996634,10.9734225609876,6.99019880102128
3673,"Bluff Rock Reef (23-011)",2014,2.101018,"Reefmod",NA,NA,46.2925162040372,38.399717296248,55.4818761746056,17.0821588783575
3674,"Great Keppel (Wop-pa) Island Reef (No 1)",2022,1,"Census",-23.1575,150.9577,7.43013658667915,4.57760127770901,11.0145877790637,6.43698650135472
3675,"Lamont Reef (23-076)",2025,13.5,"COTS",NA,NA,13.5,13.5,13.5,0
3676,"Fitzroy Reef (23-077)",2025,8.5,"COTS",NA,NA,8.5,8.5,8.5,0
3677,"Lingham Reef (22-049)",2014,16.59552,"Reefmod",NA,NA,57.7590374074892,51.8241690860517,67.8418070772373,16.0176379911855
3678,"Turn Shoal (22-050)",2014,9.960105,"Reefmod",NA,NA,63.4253181084741,57.5564530907986,70.2102849212483,12.6538318304497
3679,"Collins Reef (22-052)",2014,4.43384,"Reefmod",NA,NA,54.2862936853817,44.9443506955534,66.8857125895206,21.9413618939672
3680,"Sinker Reef (22-121)",2014,23.7962,"Reefmod",NA,NA,63.2156346686016,60.6852823488084,67.1185901745878,6.43330782577942
3681,"Junior Reef (22-122)",2024,5.5,"RJFMP",NA,NA,6.38890989213661,5.79639575449058,6.76877575776717,0.972380003276585
3682,"22-123",2024,8.716914082,"Census",-22.1498,152.5976,9.31821727091951,8.96402886868169,9.52314351224057,0.559114643558882
3683,"Taiwan Reef",2024,9.580386183,"Census",-22.1502,152.7606,10.3987325735449,9.40355529871043,11.4946450079935,2.0910897092831
3684,"U/N Reef (22-125)",2014,24.1259,"Reefmod",NA,NA,62.7875043063497,54.7428923877852,70.8070259033843,16.0641335155991
3685,"U/N Reef (22-126)",2014,22.85996,"Reefmod",NA,NA,64.9462430829451,57.5804550636506,77.348060077588,19.7676050139374
3686,"Great Keppel (Wop-pa) Island Reef (No 2)",2022,33,"Census",-23.1511,150.9756,37.788593042774,24.4914638677354,52.1405642501876,27.6491003824522
3687,"Great Keppel (Wop-pa) Island Reef (No 3)",2022,87,"Census",-23.1725,150.9861,54.5437126121831,38.7640307808809,72.938803409303,34.1747726284221
3688,"Great Keppel (Wop-pa) Island Reef (No 4) (23-012d)",2014,24.52513,"Reefmod",NA,NA,54.2757504828982,44.1755588177383,61.8404159512411,17.6648571335027
3689,"Great Keppel (Wop-pa) Island Reef (No 5)",2020,16,"Census",-23.1886,150.9347,33.9494556427045,26.8659616343108,39.4947590954265,12.6287974611157
3690,"Llewellyn Reef (23-078)",2025,14.5,"COTS",NA,NA,14.5,14.5,14.5,0
3691,"Boult Reef",2024,14.68466572,"Census",-23.7575,152.2719,16.4739275028059,14.4588407109766,18.5979965932163,4.13915588223967
3692,"Hoskyn Islands Reef",2024,13.07144148,"Census",-23.8081,152.2868,13.7157225369889,12.0740649850169,15.6480891552101,3.57402417019318
3693,"Leicester Island Reef (No 1) (22-053a)",2014,4.536303,"Reefmod",NA,NA,58.3836702541266,44.8096738240209,69.6302692447304,24.8205954207095
3694,"Leicester Island Reef (No 2) (22-053b)",2014,4.649101,"Reefmod",NA,NA,63.7205468375707,54.0087545648459,73.2850421690649,19.2762876042189
3695,"Cape Island Reef (22-054)",2014,2.665421,"Reefmod",NA,NA,53.6669975798413,43.2664189122823,69.5858541750875,26.3194352628052
3696,"White Shoal (22-055)",2014,9.242553,"Reefmod",NA,NA,59.1218786247125,44.5070908777549,70.8830104560544,26.3759195782995
3697,"U/N Reef (22-127)",2014,16.46434,"Reefmod",NA,NA,60.5479938215908,51.8573547917991,66.6073954697854,14.7500406779863
3698,"U/N Reef (22-128)",2024,9.8,"RJFMP",NA,NA,10.4913479100909,9.94866565825571,10.8878739319924,0.939208273736639
3699,"U/N Reef (22-129)",2024,13.7,"RJFMP",NA,NA,14.9482927951971,14.0294054910504,16.0276816594073,1.99827616835686
3700,"Gater Reef",2024,4.731747947,"Census",-22.1705,152.6982,5.09573572792116,4.72651123951193,5.53137835583839,0.804867116326466
3701,"Sunray Reef (22-131)",2014,17.5773,"Reefmod",NA,NA,61.0215202718325,53.6823037667412,69.4603792585637,15.7780754918225
3702,"Halfway Island Reef (23-014)",2023,65.44,"MMP",NA,NA,50.4274709384501,39.3809690577497,58.8713211777088,19.4903521199592
3703,"Humpy (Bur-ye-Bur-ye) Reef (23-016)",2023,24.175,"MMP",NA,NA,27.465386803363,20.716447799885,36.3683080085991,15.6518602087141
3704,"Pelican Island Reef (23-017)",2023,13.7525,"MMP",NA,NA,20.925235446244,17.3397092759217,25.6635622837009,8.32385300777924
3705,"U/N Reef (23-018)",2014,9.900398,"Reefmod",NA,NA,49.0821692055334,41.5179407094974,61.8490405242316,20.3310998147342
3706,"Fairfax Islands Reef",2024,42.47065407,"Census",-23.8663,152.3612,44.2570863463419,39.8989484949918,47.3572515471092,7.45830305211737
3707,"Osborn Reef (22-056)",2014,15.8768,"Reefmod",NA,NA,62.5924105968844,51.8600732648095,71.9229433241805,20.062870059371
3708,"Blind Reef (22-057)",2014,7.686424,"Reefmod",NA,NA,62.1630003214451,56.7893585449446,68.2546830062412,11.4653244612966
3709,"Master Rocks Reef (22-058)",2014,4.227941,"Reefmod",NA,NA,57.8362518207364,49.447799052559,62.3606244640756,12.9128254115165
3710,"Edward Island Reef (22-060)",2014,2.773776,"Reefmod",NA,NA,64.0543608684888,57.9015535603313,69.2742857960664,11.3727322357351
3711,"Sun Reef (22-061)",2014,14.8142,"Reefmod",NA,NA,60.6062949811719,54.1931096843998,72.0225997409758,17.829490056576
3712,"U/N Reef (22-132)",2014,20.36272,"Reefmod",NA,NA,62.6345970620237,50.4668353545099,68.2706863361281,17.8038509816181
3713,"Sandshoe Reef (22-133)",2014,15.82753,"Reefmod",NA,NA,62.0231949409997,55.5432569815262,69.678867376373,14.1356103948468
3714,"U/N Reef (22-134)",2024,13.3,"RJFMP",NA,NA,14.1101102703127,13.3903763138373,15.1451286161423,1.75475230230493
3715,"U/N Reef (22-135)",2014,20.58138,"Reefmod",NA,NA,61.2674655866547,45.7703176217061,71.1327024245015,25.3623848027954
3716,"U/N Reef",2021,2,"Census",-22.2453,152.6537,18.7578574479651,16.7435391929317,20.5275772487912,3.78403805585953
3717,"Wedge Island Reef (23-019)",2014,20.0569,"Reefmod",NA,NA,52.661306192034,45.4954495457086,60.4324462594857,14.9369967137771
3718,"Mother Macgregor Reef (23-020)",2014,22.19089,"Reefmod",NA,NA,48.6649844413904,36.1179311129903,57.2623877976401,21.1444566846498
3719,"Round Rock Reef (23-022)",2014,25.51274,"Reefmod",NA,NA,19.4379639238997,9.5608741602155,27.3673298131414,17.8064556529258
3720,"Divided Reef (23-023)",2014,16.32061,"Reefmod",NA,NA,47.0441976202108,35.0452019752886,57.3630456441569,22.3178436688683
3721,"Flat Rock Reef (23-024)",2014,3.049924,"Reefmod",NA,NA,20.6324451399639,9.30363108257409,35.6562187838263,26.3525877012522
3722,"Split Rock Reef (23-025)",2014,2.433461,"Reefmod",NA,NA,41.8969684493537,30.2418927495527,49.0342858085401,18.7923930589874
3723,"Lady Musgrave Reef",2024,29.26040266,"Census",-23.9019,152.3871,28.2079260458285,25.2062024220817,29.6468731494609,4.44067072737924
3724,"U/N Reef (23-082b)",2014,22.97654,"Reefmod",NA,NA,50.9741137979529,41.9009292828136,59.4019254709318,17.5009961881182
3725,"U/N Reef (23-083a)",2014,10.54546,"Reefmod",NA,NA,45.6288813175408,35.8330268898531,56.9467068932578,21.1136800034047
3726,"U/N Reef (23-083b)",2014,23.3096,"Reefmod",NA,NA,51.5427845091662,43.5695541054814,62.4349883635226,18.8654342580412
3727,"Farmers Reef (23-084)",2014,3.941472,"Reefmod",NA,NA,22.9882200151648,11.4156024262216,33.0134669473171,21.5978645210955
3728,"Turtle Island Reef (23-085)",2014,3.336645,"Reefmod",NA,NA,16.1453359738398,8.33530648667666,24.6708206442013,16.3355141575247
3729,"Swan Reef (22-062)",2014,16.43921,"Reefmod",NA,NA,64.4621987848335,59.8990210356077,69.7843015928273,9.88528055721959
3730,"Marquis Reef (22-063)",2014,4.638758,"Reefmod",NA,NA,62.8138703667265,53.5770302045936,68.7714801088509,15.1944499042573
3731,"Bay Island Reef (22-064)",2014,3.020918,"Reefmod",NA,NA,60.7910197179944,54.8815230599014,69.0215195485903,14.1399964886889
3732,"Round Rock Ledges (22-065)",2014,4.597548,"Reefmod",NA,NA,55.4061849215773,40.2029888853998,67.1055913103311,26.9026024249313
3733,"U/N Reef",2021,1,"Census",-22.2437,152.6822,12.3573453130852,7.75683732103929,16.379386962885,8.62254964184574
3734,"U/N Reef (22-138)",2014,20.16529,"Reefmod",NA,NA,63.921833418768,61.2420224300393,69.508944902713,8.26692247267372
3735,"22-139",2024,10.12317882,"Census",-22.2644,152.6047,11.2822116695036,10.3236747597002,12.4105533807516,2.0868786210514
3736,"Sweetlip Reef (22-140)",2014,17.45459,"Reefmod",NA,NA,57.995343021903,51.4325848399941,64.1069710036385,12.6743861636444
3737,"Dicks Reef",2025,9.528224803,"Census",-22.3079,152.6628,9.528224803,9.528224803,9.528224803,0
3738,"Peak Reef (23-026)",2019,13.815,"MMP",NA,NA,43.1780068150884,31.8180572732734,52.8201844993161,21.0021272260428
3739,"Arch Reef (23-027)",2014,3.51807,"Reefmod",NA,NA,45.5107194885405,40.8419387009396,53.0951642404375,12.2532255394979
3740,"Girt Reef (23-028)",2014,20.65048,"Reefmod",NA,NA,19.1565086434897,13.3509683163318,26.8082481292815,13.4572798129498
3741,"Quartz Reef (23-029)",2014,2.202471,"Reefmod",NA,NA,22.1339725593421,13.6510364324945,29.1867511093813,15.5357146768867
3742,"The Child Reef",2022,80,"Census",-23.1547,151.085,66.1068091244216,60.0903703952197,70.5456029360548,10.4552325408351
3743,"Bushy Island Reef (23-086)",2014,2.593678,"Reefmod",NA,NA,19.5495888426744,4.72447142405358,38.825237851508,34.1007664274545
3744,"U/N Reef (23-087)",2014,15.39102,"Reefmod",NA,NA,58.488780532825,47.7027899878656,67.7671779077218,20.0643879198563
3745,"U/N Reef (23-088a)",2014,22.17478,"Reefmod",NA,NA,41.7530922305674,24.9557260418519,56.6173432716374,31.6616172297855
3746,"U/N Reef (23-088b)",2014,40.11411,"Reefmod",NA,NA,51.2968484686015,42.9550946348441,58.5939010174501,15.6388063826059
3747,"U/N Reef (23-089)",2014,8.276967,"Reefmod",NA,NA,57.3254829943971,44.3560796340642,67.4922315939721,23.136151959908
3748,"Stuart Shoal (23-090)",2014,43.28606,"Reefmod",NA,NA,49.4034464234894,41.6494291824418,59.2002045835115,17.5507754010697
3749,"Connor Rock Reef (22-066)",2014,4.266644,"Reefmod",NA,NA,52.171990263062,32.5999776600262,68.0652928416307,35.4653151816045
3750,"Akens Reef (22-067)",2014,15.75569,"Reefmod",NA,NA,58.6829303049853,41.2316584191093,70.2070940341093,28.975435615
3751,"U/N Reef (22-068)",2014,5.276569,"Reefmod",NA,NA,56.2843078657468,42.1080162174994,68.0296886133986,25.9216723958992
3752,"Tweed Island",2023,21,"Census",-22.0066,150.645,41.1581450831832,36.2859482262042,44.0287925170815,7.74284429087728
3753,"U/N Reef (22-142)",2014,22.33592,"Reefmod",NA,NA,58.4771956119001,48.2114507833009,68.0738303997299,19.862379616429
3754,"U/N Reef (22-143)",2024,19.7,"RJFMP",NA,NA,20.8487326968918,19.8081141042682,21.6175250394603,1.80941093519206
3755,"22-144",2024,9.173804716,"Census",-22.332,152.6803,10.3232850520016,9.53086044776065,11.1400615862448,1.60920113848417
3756,"Hixson Cay Reef (22-145)",2024,13.4,"RJFMP",NA,NA,14.756017375166,13.7967295963352,15.6893897770785,1.89266018074324
3757,"Twins Reef (West)",2024,8.252610923,"Census",-22.367,152.5445,8.72408856748253,8.26071376506281,9.27193836010783,1.01122459504502
3758,"Twins Reef (East) (22-146b)",2014,29.89777,"Reefmod",NA,NA,62.3283027014718,55.2508919001067,72.7117310311762,17.4608391310695
3759,"Barren (A-rum-mi) (First Lump) Rf (No 1) 23-031a",2023,65.0575,"MMP",NA,NA,51.2263196590636,41.2019348893736,59.5549409539489,18.3530060645753
3760,"Barren (A-rum-mi) (First Lump) Rf (No 2) 23-031b",2014,27.81066,"Reefmod",NA,NA,50.6221025238055,37.0062384255987,59.4469956956594,22.4407572700607
3761,"Egg Reef",2022,13,"Census",-23.1978,151.1004,21.1301662520719,17.0373657617795,25.8276017914566,8.79023602967715
3762,"Lisa Jane Shoals (23-034)",2014,4.250854,"Reefmod",NA,NA,51.1375138932953,44.1415680697215,59.940826107391,15.7992580376695
3763,"Jabiru Shoals (23-035)",2014,9.589054,"Reefmod",NA,NA,45.8867123419283,29.2684224627113,57.5222053075898,28.2537828448785
3764,"Hummocky Reef (23-036)",2014,11.12088,"Reefmod",NA,NA,51.202660152482,43.0799283836829,58.5642429844937,15.4843146008108
3765,"Rothbury Reef",2023,16,"Census",-22.0294,150.6496,31.4066893273648,24.3967337538952,39.7134182720366,15.3166845181414
3766,"Cheviot Reef",2024,16.15244032,"Census",-22.0888,150.6723,16.7280386727476,13.982727280973,19.8861263025723,5.90339902159934
3767,"Raynham Reef (22-073)",2014,4.125101,"Reefmod",NA,NA,55.8783960622445,46.4642484747805,63.5390120741188,17.0747635993384
3768,"Pelican Rock Reef (22-074)",2014,16.55274,"Reefmod",NA,NA,63.6703451356451,49.4017857610158,76.7882078909298,27.3864221299139
3769,"U/N Reef (22-147a)",2024,11.7,"RJFMP",NA,NA,12.4397389375127,11.4468846039632,13.0477519855767,1.60086738161353
3770,"South Hixson Reef (22-147b)",2014,35.01021,"Reefmod",NA,NA,59.7221793444384,50.1681256368504,66.047500945499,15.8793753086487
3771,"Howard Patch (No 1)",2021,1,"Census",-22.3953,152.5969,14.0388710761257,10.9079992718436,17.6433788656183,6.73537959377466
3772,"Howard Patch (No 2)",2024,5.337673873,"Census",-22.3807,152.6529,6.18500349126492,5.73678502275065,6.53989045816675,0.803105435416103
3773,"Howard Patch (No 3)",2021,0,"Census",-22.3769,152.6128,13.1421644412298,10.1159153938294,15.9553588808141,5.83944348698477
3774,"Ship Rock Reef (23-037)",2014,3.156843,"Reefmod",NA,NA,51.6300191369789,50.0156840218939,55.9561262637213,5.94044224182738
3775,"Fairway Rock Reef (23-038)",2014,1.482677,"Reefmod",NA,NA,49.7310029612342,46.0594467684631,60.4386425455895,14.3791957771264
3776,"Timandra Bank (23-039)",2014,10.64681,"Reefmod",NA,NA,43.4440136828648,28.7709778235808,62.239767464394,33.4687896408132
3777,"Innamincka Shoal (23-041)",2014,42.62885,"Reefmod",NA,NA,60.400952192036,44.2978059256389,72.2233352780188,27.9255293523799
3778,"Haberfield Shoal (23-042a)",2014,40.57284,"Reefmod",NA,NA,61.1634753661331,51.7453515545147,69.3065850984787,17.561233543964
3779,"Clara Group Reef (22-075)",2014,3.76331,"Reefmod",NA,NA,61.5308602918986,54.9787492861204,68.6471309988382,13.6683817127178
3780,"Brown Reef (22-076)",2014,3.799056,"Reefmod",NA,NA,60.2215780522941,47.1071138008156,71.9352167292806,24.8281029284651
3781,"Triangular Reef (22-077)",2014,2.416433,"Reefmod",NA,NA,60.0518385806161,52.7714572182311,69.012628745494,16.2411715272629
3782,"Quoin Reef (22-149)",2014,2.346808,"Reefmod",NA,NA,44.7832411364159,31.3452986906864,54.8736469674823,23.5283482767959
3783,"Perforated (Peak) Reef (22-152)",2014,2.836524,"Reefmod",NA,NA,47.1586208354641,36.6669921909054,60.9148137354548,24.2478215445494
3784,"Flat Island Reef (22-153)",2014,27.52406,"Reefmod",NA,NA,49.1694737782217,44.8566186579055,55.650222201357,10.7936035434514
3785,"Five Rocks Reef (22-154)",2014,2.49926,"Reefmod",NA,NA,47.9149818461288,37.2023427232948,58.877552623297,21.6752099000022
3786,"U/N Reef (22-155)",2014,10.74322,"Reefmod",NA,NA,54.0702218994171,42.6420839530329,64.1896041996584,21.5475202466255
3787,"Guthrie Shoal (23-042b)",2014,37.79099,"Reefmod",NA,NA,59.9732621381306,54.0316575011244,70.3394031625517,16.3077456614272
3788,"Johnson Patch (23-043)",2014,23.33503,"Reefmod",NA,NA,53.7921162270664,40.8536120987782,69.0963272814758,28.2427151826975
3789,"Douglas Shoal (23-044)",2014,26.28013,"Reefmod",NA,NA,58.6787433830608,49.755408644248,68.493994241975,18.738585597727
3790,"North Reef (North)",2024,26.8191337,"Census",-23.1854,151.9039,30.5582684082081,26.3405842697497,35.3841458912086,9.04356162145891
3791,"Island Head Reef (22-078)",2014,3.5824,"Reefmod",NA,NA,57.8858441699237,42.2621010580551,67.8715707185595,25.6094696605044
3792,"Split Island Reef (22-079)",2014,3.632282,"Reefmod",NA,NA,47.4892848524643,33.8401965811832,58.8323309121163,24.9921343309331
3793,"Dome Reef (22-080)",2014,3.666456,"Reefmod",NA,NA,44.476292308991,29.6914592020593,59.5855336481095,29.8940744460503
3794,"U/N Reef (22-081)",2014,4.073191,"Reefmod",NA,NA,42.6767436595937,28.6966283334804,56.883380126552,28.1867517930716
3795,"Karamea Bank (22-156)",2014,25.66803,"Reefmod",NA,NA,56.2037106376469,40.1053439713791,70.5462587859401,30.440914814561
3796,"Barcoo Bank (22-157)",2014,36.19942,"Reefmod",NA,NA,63.6719410243543,60.151706016016,71.5348167389403,11.3831107229243
3797,"Moresby Bank (22-158)",2014,33.23191,"Reefmod",NA,NA,66.3393886673122,55.6518444476587,72.459367871964,16.8075234243052
3798,"Edgell Bank (22-159)",2014,32.11363,"Reefmod",NA,NA,64.5229508469787,57.2875181263885,70.7797935358273,13.4922754094388
3799,"Goodwin Shoal (22-160)",2014,42.68215,"Reefmod",NA,NA,68.1200463407353,62.6593645031477,75.5897824745688,12.9304179714211
3800,"Archer Shoal (22-161)",2014,29.20638,"Reefmod",NA,NA,62.5019635939579,56.876177380842,68.2211945460438,11.3450171652018
3801,"Round Island Reef (22-163)",2014,7.030707,"Reefmod",NA,NA,42.9258774835669,31.7969552326352,58.4871166886856,26.6901614560504
3802,"North Reef (South) (23-045b)",2014,24.89443,"Reefmod",NA,NA,56.0527925522857,49.9598517186004,61.6847376281377,11.7248859095373
3803,"Tryon Reef",2025,17.90817604,"Census",-23.2461,151.7826,17.90817604,17.90817604,17.90817604,0
3804,"Brew Shoal (23-047)",2014,40.98531,"Reefmod",NA,NA,55.5051884729127,46.2026632110244,63.7790928777549,17.5764296667305
3805,"Broomfield Reef",2023,25,"Census",-23.2695,151.9403,29.349794970348,24.303162832629,35.4904697276178,11.1873068949888
3806,"North West Island Reef",2024,20.50184597,"Census",-23.2954,151.7703,20.8103639597117,17.3387309123437,23.9643818185059,6.62565090616211
