Reef_ID,Nick_ID,Lat,Long,Unique_ID,Label.ID,GBR.Name,OldReefName,Area_desc,Shelf.position,AIMS_Sector,GreenZone,Ref.Area.km2,Geom.total.km2,Geom.CH.km2,Ungrazable
1,42,-10.7795,142.5916,10330100104,10-330,U/N Reef,U/N Reef (10-330),Far Northern,1,1,0,2.149739067,1.214730992,0.83553108,0.273867268
2,42,-10.7966,142.7106,10331100104,10-331,Harrington Shoal,Harrington Shoal (10-331),Far Northern,1,1,0,1.099287194,1.353880779,0.050957401,0.263837962
3,42,-10.8243,142.5736,10332100104,10-332,U/N Reef,U/N Reef (10-332),Far Northern,1,1,0,0.972122477,0.024653019,1.70837e-4,0.267173829
4,42,-10.8354,142.5766,10333100104,10-333,U/N Reef,U/N Reef (10-333),Far Northern,1,1,0,0.452623649,0.005192255,2.96e-5,0.26719934
5,42,-10.8199,142.6871,10334100104,10-334,Four Fathom Patches,Four Fathom Patches (10-334),Far Northern,1,1,0,1.675575057,0.140334174,0.001210186,0.267194842
6,42,-10.8213,142.7231,10335100104,10-335,Harrington Reef,Harrington Reef (10-335),Far Northern,1,1,0,1.958119183,6.251795736,4.162737108,0.269955408
7,43,-10.821,142.7622,10336100104,10-336,Wyborn Reef,Wyborn Reef (10-336),Far Northern,1,1,0,14.7598151,32.94112143,18.15511237,0.270062604
8,43,-10.8079,142.9288,10337100104,10-337,U/N Reef,U/N Reef (10-337),Far Northern,1,1,0,0.633047059,2.592491079,1.906177059,0.270186711
9,29,-10.7999,142.9836,10338100104,10-338,Womer Reef,Womer Reef (10-338),Far Northern,2,1,0,3.078088701,9.238410291,6.788223198,0.245342343
10,42,-10.887,142.6933,10339100104,10-339,Brewis Reef,Brewis Reef (10-339),Far Northern,1,1,0,0.169230579,0.778217373,0.513973791,0.273867268
11,48,-10.8899,142.6963,10340100104,10-340,Turtle Island Reef,Turtle Island Reef (10-340),Far Northern,1,1,0,0.287754922,1.426894155,0.679536067,0.272787083
12,48,-10.9013,142.7727,10341100104,10-341,Shortland Reef,Shortland Reef (10-341),Far Northern,1,1,0,3.598260056,10.63921445,7.136815376,0.270702176
13,42,-10.9214,142.6311,10342100104,10-342,Trochus Reef,Trochus Reef (10-342),out,1,1,0,0.65189758,0.630944403,0.071476397,0.273867268
14,36,-10.7754,143.0896,10299100104,10-299,U/N Reef,U/N Reef (10-299),Far Northern,2,1,0,3.570746016,10.6687756,6.153130426,0.226130617
15,28,-10.7043,142.597,10316100104,10-316,Tree Reef,Tree Reef (10-316),Far Northern,1,1,0,0.091574808,0.384725539,0.130701654,0.273867268
16,28,-10.709,142.5979,10317100104,10-317,Brush Islet Reef,Brush Islet Reef (10-317),Far Northern,1,1,0,0.139032325,0.404154524,0.079961712,0.273867268
17,28,-10.7153,142.593,10318101104,10-318a,Albany Island Reef (No 1),Albany Island Reef (No 1) (10-318a),Far Northern,1,1,0,0.683440573,1.822569459,0.500427867,0.273867268
18,28,-10.7283,142.6178,10318102104,10-318b,Albany Island Reef (No 2),Albany Island Reef (No 2) (10-318b),Far Northern,1,1,0,0.819595393,1.430005868,0.51283562,0.273867268
19,42,-10.7466,142.6233,10318103104,10-318c,Albany Island Reef (No 3),Albany Island Reef (No 3) (10-318c),Far Northern,1,1,0,0.535923941,0.619412055,0.2788252,0.273867268
20,42,-10.7389,142.6049,10318104104,10-318d,Albany Island Reef (No 4),Albany Island Reef (No 4) (10-318d),Far Northern,1,1,0,1.238391536,1.14395372,0.151779392,0.273867268
21,28,-10.7245,142.6248,10320100104,10-320,Mai Reef,Mai Reef (10-320),Far Northern,1,1,0,0.837121903,0.887828177,0.523262873,0.273867268
22,28,-10.7189,142.6299,10321100104,10-321,Albany Rock Reef,Albany Rock Reef (10-321),Far Northern,1,1,0,0.102350336,0.177548565,0.001576551,0.267200135
23,28,-10.7008,142.6732,10322100104,10-322,North Brother Reef,North Brother Reef (10-322),Far Northern,1,1,0,0.118486403,0.506302146,0.005126039,0.267196292
24,32,-10.7119,142.6854,10323100104,10-323,Middle Brother Reef,Middle Brother Reef (10-323),Far Northern,1,1,0,0.671475219,2.595796974,1.504882857,0.266412351
25,32,-10.7167,142.6918,10324100104,10-324,South Brother Reef,South Brother Reef (10-324),Far Northern,1,1,0,0.276504519,0.373108051,0.046773134,0.256515227
26,32,-10.6803,142.7383,10325100104,10-325,North Ledge,North Ledge (10-325),out,1,1,0,5.843854654,3.557212576,1.814945137,0.272215998
27,35,-10.6825,142.7861,10326100104,10-326,Meggi-Damun Reef,Meggi-Damun Reef (10-326),out,1,1,0,5.075106107,2.601032276,2.024583715,0.271716335
28,32,-10.7053,142.7323,10327100104,10-327,South Ledge,South Ledge (10-327),Far Northern,1,1,0,37.12019031,56.06588578,15.58375128,0.271461022
29,42,-10.7578,142.6143,10328100104,10-328,Ulfa Reef,Ulfa Reef (10-328),Far Northern,1,1,0,0.071102277,0.122481076,0.065526301,0.273737911
30,42,-10.7708,142.6252,10329100104,10-329,Ariel Bank,Ariel Bank (10-329),Far Northern,1,1,0,0.291489453,0.579231962,0.376311179,0.273867268
31,51,-10.8032,143.8008,10401100104,10-401,U/N Reef,U/N Reef (10-401),Far Northern,2,1,0,1.173020403,1.435608079,1.04472844,0.259499025
32,45,-10.8055,144.0066,10402100104,10-402,U/N Reef,U/N Reef (10-402),Far Northern,3,1,1,8.127260358,13.77825288,6.644563554,0.307856302
33,45,-10.8237,143.9961,10403100104,10-403,U/N Reef,U/N Reef (10-403),Far Northern,3,1,1,4.446980191,6.944413533,4.339748023,0.315605892
34,51,-10.8251,143.8238,10404100104,10-404,U/N Reef,U/N Reef (10-404),Far Northern,2,1,0,2.694349477,3.792766994,2.594624565,0.261406409
35,51,-10.8462,143.7581,10405100104,10-405,U/N Reef,U/N Reef (10-405),Far Northern,2,1,0,4.300677627,1.844638216,0.120996384,0.228214562
36,47,-10.8449,144.0145,10406100104,10-406,U/N Reef,U/N Reef (10-406),Far Northern,3,1,0,9.078165772,15.80001337,6.478941981,0.288477678
37,47,-10.8661,143.9845,10407101104,10-407a,U/N Reef,U/N Reef (10-407a),Far Northern,3,1,0,1.572976972,2.318147949,1.466331114,0.29479571
38,48,-10.9369,142.7059,10343101104,10-343a,Turtle Head Island Reef (No 1),Turtle Head Island Reef (No 1) (10-343a),Far Northern,1,1,0,0.208930985,0.149746267,0.08215113,0.273867268
39,48,-10.9475,142.7062,10343102104,10-343b,Turtle Head Island Reef (No 2),Turtle Head Island Reef (No 2) (10-343b),Far Northern,1,1,0,0.672271069,0.464816994,0.293674209,0.273867268
40,48,-10.99,142.7664,10344100104,10-344,Tern Reef,Tern Reef (10-344),Far Northern,1,1,0,0.224175971,0.317308774,5.83592e-4,0.263837962
41,36,-10.6836,143.2521,10348100104,10-348,U/N Reef,U/N Reef (10-348),out,2,1,0,1.451686867,3.231054958,0.17859726,0.237745432
42,33,-10.6971,143.4338,10349100104,10-349,U/N Reef,U/N Reef (10-349),Far Northern,2,1,0,1.349929368,4.482107765,1.563807089,0.253258948
43,33,-10.6966,143.4663,10350100104,10-350,U/N Reef,U/N Reef (10-350),Far Northern,2,1,0,0.504667933,1.82975951,1.074871365,0.252941804
44,36,-10.7318,143.1903,10351100104,10-351,U/N Reef,U/N Reef (10-351),Far Northern,2,1,0,5.789357893,15.01246076,7.755676438,0.247058097
45,36,-10.7347,143.3368,10352100104,10-352,U/N Reef,U/N Reef (10-352),Far Northern,2,1,0,4.727264924,11.05641077,3.891241279,0.231410545
46,36,-10.7519,143.0937,10353100104,10-353,U/N Reef,U/N Reef (10-353),Far Northern,2,1,0,2.471655068,7.113342859,4.656814869,0.228007871
47,44,-10.7523,143.3718,10354100104,10-354,U/N Reef,U/N Reef (10-354),Far Northern,2,1,0,0.500982204,1.072274036,0.041178099,0.228214562
48,36,-10.7568,143.3243,10355100104,10-355,U/N Reef,U/N Reef (10-355),Far Northern,2,1,0,1.58737338,5.449079006,3.248906927,0.215444052
49,44,-10.7762,143.412,10356100104,10-356,U/N Reef,U/N Reef (10-356),Far Northern,2,1,0,1.456697788,4.604347135,1.944531342,0.272630134
50,49,-10.8058,143.3534,10357100104,10-357,U/N Reef,U/N Reef (10-357),Far Northern,2,1,0,2.557593767,6.655687941,3.493884406,0.23626041
51,49,-10.8378,143.3357,10358100104,10-358,U/N Reef,U/N Reef (10-358),Far Northern,2,1,0,9.247711697,21.01315729,10.67319613,0.231263718
52,54,-10.9405,143.4596,10359100104,10-359,U/N Reef,U/N Reef (10-359),Far Northern,2,1,0,4.033226161,7.77468895,0.148495502,0.220167335
53,53,-10.8391,143.2982,10360100104,10-360,U/N Reef,U/N Reef (10-360),Far Northern,2,1,0,0.783369707,3.321849143,1.654157378,0.215586404
54,49,-10.849,143.4038,10361100104,10-361,U/N Reef,U/N Reef (10-361),Far Northern,2,1,1,1.996952119,3.794137947,2.060487855,0.262748858
55,36,-10.853,143.239,10362100104,10-362,U/N Reef,U/N Reef (10-362),Far Northern,2,1,0,1.688112548,6.140376086,3.990953691,0.204263732
56,53,-10.895,143.2402,10363100104,10-363,U/N Reef,U/N Reef (10-363),Far Northern,2,1,0,0.944297408,3.857988164,0.072141026,0.194690944
57,58,-10.8976,143.21,10364100104,10-364,U/N Reef,U/N Reef (10-364),Far Northern,2,1,0,1.275670918,4.864711846,3.240308478,0.215275837
58,58,-10.9066,143.1778,10365100104,10-365,Linda Reef,Linda Reef (10-365),Far Northern,2,1,0,1.427418927,5.369267165,3.619260195,0.213644186
59,53,-10.9039,143.2898,10366100104,10-366,U/N Reef,U/N Reef (10-366),Far Northern,2,1,0,0.438408806,2.004618374,0.024105923,0.237745434
60,53,-10.9055,143.3829,10367100104,10-367,U/N Reef,U/N Reef (10-367),Far Northern,2,1,1,4.159630719,9.898985565,3.179550135,0.254105678
61,53,-10.9151,143.3141,10368100104,10-368,U/N Reef,U/N Reef (10-368),Far Northern,2,1,0,4.57741358,11.93201426,3.015582243,0.222319534
62,53,-10.9318,143.2959,10369100104,10-369,U/N Reef,U/N Reef (10-369),Far Northern,2,1,0,1.619784546,5.847266893,0.296367026,0.212242859
63,58,-10.9325,143.2183,10370100104,10-370,U/N Reef,U/N Reef (10-370),Far Northern,2,1,0,0.547688055,1.760032349,0.039692698,0.221038564
64,58,-10.9469,143.2423,10371100104,10-371,U/N Reef,U/N Reef (10-371),Far Northern,2,1,0,1.461051914,5.3264339530000004,3.591077884,0.211820934
65,58,-10.9503,143.1571,10372100104,10-372,U/N Reef,U/N Reef (10-372),Far Northern,2,1,0,0.840715025,3.515546935,2.027679614,0.208488961
66,58,-10.952,143.1301,10373100104,10-373,U/N Reef,U/N Reef (10-373),Far Northern,2,1,0,0.766962422,3.26657867,2.343075357,0.225439014
67,53,-10.9392,143.3598,10374100104,10-374,U/N Reef,U/N Reef (10-374),Far Northern,2,1,0,3.859788479,10.50015404,0.208325707,0.230249148
68,53,-10.9637,143.3997,10375101104,10-375a,U/N Reef,U/N Reef (10-375a),Far Northern,2,1,0,2.502228372,6.815928671,0.104234692,0.223313939
69,54,-10.9676,143.4256,10375102104,10-375b,U/N Reef,U/N Reef (10-375b),Far Northern,2,1,0,2.874181117,7.125624259,0.047404704,0.231442951
70,63,-10.9866,143.1255,10376100104,10-376,U/N Reef,U/N Reef (10-376),Far Northern,2,1,0,1.180828541,4.613423528,3.83975148,0.244693563
71,54,-10.9059,143.5107,10378100104,10-378,U/N Reef,U/N Reef (10-378),Far Northern,2,1,1,5.249787106,4.189349524,0.197651407,0.228214562
72,34,-10.6879,143.9645,10381100104,10-381,U/N Reef,U/N Reef (10-381),Far Northern,3,1,1,11.27354834,5.27814052,3.156293382,0.289298811
73,30,-10.7029,143.7871,10382100104,10-382,U/N Reef,U/N Reef (10-382),Far Northern,2,1,0,4.210381614,5.056040915,4.201923356,0.242208462
74,39,-10.7097,143.9638,10384100104,10-384,U/N Reef,U/N Reef (10-384),Far Northern,3,1,1,9.798163605,15.15562246,9.948745002,0.321891911
75,39,-10.725,143.9587,10385100104,10-385,U/N Reef,U/N Reef (10-385),Far Northern,3,1,1,1.555261447,3.650011061,2.084008087,0.330276308
76,39,-10.7232,143.9796,10386100104,10-386,U/N Reef,U/N Reef (10-386),Far Northern,3,1,1,4.540010362,9.415720413,4.605529319,0.318724018
77,33,-10.6933,143.521,10387100104,10-387,U/N Reef,U/N Reef (10-387),Far Northern,2,1,0,7.238445362,8.708216674,3.573806302,0.239674323
78,39,-10.7344,143.9648,10389100104,10-389,U/N Reef,U/N Reef (10-389),Far Northern,3,1,1,1.188239532,2.659193627,1.419244764,0.309951477
79,39,-10.7404,143.9733,10390100104,10-390,U/N Reef,U/N Reef (10-390),Far Northern,3,1,1,3.260668453,7.168195653,4.058629166,0.306157033
80,41,-10.7554,143.9823,10391100104,10-391,Triangle Reef,Triangle Reef (10-391),Far Northern,3,1,1,17.94364155,20.98519615,11.04712776,0.317314253
81,38,-10.742,143.6065,10392100104,10-392,U/N Reef,U/N Reef (10-392),Far Northern,2,1,0,82.37137572,31.07551483,10.78155754,0.263755309
82,38,-10.7423,143.7443,10393100104,10-393,U/N Reef,U/N Reef (10-393),Far Northern,2,1,0,19.11412868,3.306719892,0.19029341,0.1574447
83,44,-10.7697,143.5057,10394100104,10-394,U/N Reef,U/N Reef (10-394),Far Northern,2,1,0,0.842093086,3.447506051,2.36181822,0.240055677
84,40,-10.7893,143.6909,10395100104,10-395,U/N Reef,U/N Reef (10-395),Far Northern,2,1,0,4.374456724,1.470750951,0.710061125,0.206507538
85,40,-10.7703,143.7166,10396100104,10-396,U/N Reef,U/N Reef (10-396),Far Northern,2,1,0,2.520361261,5.019717802,0.257528368,0.237745433
86,41,-10.7667,143.8438,10397100104,10-397,U/N Reef,U/N Reef (10-397),Far Northern,2,1,0,0.736513701,1.875727983,0.107930633,0.237745433
87,41,-10.7782,143.9755,10398100104,10-398,U/N Reef,U/N Reef (10-398),Far Northern,3,1,1,3.941937136,6.643893417,3.965384881,0.330371765
88,41,-10.7857,143.9853,10399100104,10-399,U/N Reef,U/N Reef (10-399),Far Northern,3,1,1,4.209366766,8.096052152,4.628680595,0.311424407
89,41,-10.7943,143.9898,10400100104,10-400,U/N Reef,U/N Reef (10-400),Far Northern,3,1,1,3.556495879,7.058758035,3.662499339,0.291973932
90,55,-10.9508,144.0145,10426100104,10-426,U/N Reef,U/N Reef (10-426),Far Northern,3,1,0,4.639533341,8.455259258,5.661195489,0.302742087
91,54,-10.9445,143.5114,10427100104,10-427,U/N Reef,U/N Reef (10-427),Far Northern,2,1,0,9.963610433,15.46803879,0.104880587,0.228214562
92,47,-10.8356,143.9988,10428101104,10-428a,U/N Reef,U/N Reef (10-428a),Far Northern,3,1,1,0.414885166,0.485221969,0.30833374,0.27675202
93,45,-10.8301,144.0089,10428102104,10-428b,U/N Reef,U/N Reef (10-428b),Far Northern,3,1,1,0.438085694,1.47390219,0.892965303,0.2931148
94,28,-10.7299,142.5771,10430100104,10-430,U/N Reef,U/N Reef (10-430),Far Northern,1,1,0,0.134193481,0.412274271,0.256698037,0.273867268
95,42,-10.7988,142.5796,10431100104,10-431,U/N Reef,U/N Reef (10-431),Far Northern,1,1,0,0.302820941,0.269262212,0.158959092,0.273867268
96,42,-10.832,142.5527,10432100104,10-432,U/N Reef,U/N Reef (10-432),Far Northern,1,1,0,1.512085786,1.404029516,1.018911127,0.273748884
97,42,-10.7572,142.6044,10434100104,10-434,U/N Reef,U/N Reef (10-434),Far Northern,1,1,0,0.978706573,0.644407577,0.424271398,0.273867268
98,49,-10.8402,143.3795,10436100104,10-436,U/N Reef,U/N Reef (10-436),Far Northern,2,1,1,0.068004295,0.424610294,0.004205344,0.237746613
99,49,-10.8976,143.4462,10437100104,10-437,U/N Reef,U/N Reef (10-437),Far Northern,2,1,1,2.26820438,4.97541773,1.802415339,0.230905015
100,56,-10.9306,143.5538,10438100104,10-438,U/N Reef,U/N Reef (10-438),Far Northern,2,1,0,0.454484817,0.619728563,0.006435241,0.237745432
101,57,-10.9761,143.6294,10439100104,10-439,U/N Reef,U/N Reef (10-439),Far Northern,2,1,0,49.81894657,8.164366006,0.312338816,0.228214562
102,50,-10.9422,143.7125,10440100104,10-440,U/N Reef,U/N Reef (10-440),Far Northern,2,1,0,14.45737936,10.45775245,1.385412377,0.211018442
103,67,-11.0129,143.7672,11325100104,11-325,U/N Reef,U/N Reef (10-441),Far Northern,2,1,0,22.33264441,0.739125522,0.06421309,0.228214562
104,67,-10.984,143.7784,10442100104,10-442,U/N Reef,U/N Reef (10-442),Far Northern,2,1,0,1.254503531,0.939761629,0.007386883,0.228214562
105,39,-10.7417,143.956,10443100104,10-443,U/N Reef,U/N Reef (10-443),Far Northern,3,1,1,0.017303404,0.140482161,0.05745374,0.298678112
106,55,-10.9351,144.0019,10444100104,10-444,U/N Reef,U/N Reef (10-444),Far Northern,3,1,0,0.267980197,0.101976157,8.44762e-4,0.2966743
107,52,-10.9125,144.034,10445100104,10-445,U/N Reef,U/N Reef (10-445),Far Northern,3,1,0,0.185153946,1.009221932,0.365547152,0.288613689
108,43,-10.8107,142.739,10800100104,10-800,U/N Reef,U/N Reef (10-800),Far Northern,1,1,0,2.297140845,3.703699081,2.262165048,0.271674235
109,48,-10.9933,142.746,10801100104,10-801,U/N Reef,U/N Reef (10-801),Far Northern,1,1,0,0.320163557,1.298956679,0.806651701,0.273867268
110,34,-10.6852,143.9531,10807100104,10-807,U/N Reef,U/N Reef (10-807),out,3,1,1,0.226056811,0.771625529,0.023306892,0.296671358
111,47,-10.86,143.9921,10407102104,10-407b,U/N Reef,U/N Reef (10-407b),Far Northern,3,1,0,0.803179868,1.041967156,0.658555195,0.267837307
112,50,-10.8564,143.6588,10408100104,10-408,U/N Reef,U/N Reef (10-408),Far Northern,2,1,1,1.691422469,1.596645724,0.018661544,0.237745431
113,51,-10.8594,143.7112,10409100104,10-409,U/N Reef,U/N Reef (10-409),Far Northern,2,1,0,1.958359857,2.437503442,0.84269336,0.228214562
114,51,-10.8696,143.7934,10410100104,10-410,U/N Reef,U/N Reef (10-410),Far Northern,2,1,0,1.677572179,4.610036881,3.230425945,0.235844418
115,44,-10.8051,143.47,10411100104,10-411,U/N Reef,U/N Reef (10-411),Far Northern,2,1,0,11.63784013,21.60861155,10.65319174,0.267095101
116,46,-10.8516,143.5866,10411102104,10-411b,U/N Reef,U/N Reef (10-411b),Far Northern,2,1,1,46.01593894,33.8106085,5.398864512,0.226783559
117,52,-10.8874,144.0141,10412100104,10-412,U/N Reef,U/N Reef (10-412),Far Northern,3,1,0,19.49507971,25.02219228,13.53274108,0.312755555
118,46,-10.8957,143.5524,10413100104,10-413,U/N Reef,U/N Reef (10-413),Far Northern,2,1,1,4.630086289,7.734412002,4.233816635,0.276730061
119,55,-10.9267,144.0181,10414100104,10-414,U/N Reef,U/N Reef (10-414),Far Northern,3,1,0,13.66586819,19.61094062,12.0194398,0.341972171
120,46,-10.9116,143.5728,10415100104,10-415,U/N Reef,U/N Reef (10-415),Far Northern,2,1,1,1.842514288,5.438285871,2.394090116,0.226072887
121,55,-10.9639,144.0152,10416101104,10-416a,U/N Reef,U/N Reef (10-416a),Far Northern,3,1,0,1.172973216,1.68694541,0.455117866,0.321609826
122,55,-10.9659,144.0322,10416102104,10-416b,U/N Reef,U/N Reef (10-416b),Far Northern,3,1,0,6.234247821,11.11586255,7.605058981,0.288398653
123,49,-10.8819,143.4672,10417100104,10-417,U/N Reef,U/N Reef (10-417),Far Northern,2,1,1,9.05246254,16.07984444,4.862763297,0.228270311
124,55,-10.9968,144.0352,10418101104,10-418a,U/N Reef,U/N Reef (10-418a),Far Northern,3,1,0,7.779911687,16.72062482,7.551730281,0.304725953
125,55,-10.9861,144.0181,10418102104,10-418b,U/N Reef,U/N Reef (10-418b),Far Northern,3,1,0,3.832914807,6.579686617,5.116813791,0.322334283
126,55,-11.0078,144.0129,10419101104,10-419a,U/N Reef,U/N Reef (10-419a),Far Northern,3,1,0,3.533205625,7.420599079,3.918186983,0.29794409
127,55,-11.0179,144.0131,10419102104,10-419b,U/N Reef,U/N Reef (10-419b),Far Northern,3,1,0,0.299932731,1.419307505,0.967071101,0.285418819
128,55,-11.0178,143.995,10420100104,10-420,U/N Reef,U/N Reef (10-420),Far Northern,3,1,0,4.934426267,7.164318022,4.41432046,0.298203912
129,60,-10.9904,143.3649,10421100104,10-421,U/N Reef,U/N Reef (10-421),Far Northern,2,1,0,0.560939349,1.999691404,0.024039276,0.237745432
130,59,-10.987,143.2949,10422100104,10-422,U/N Reef,U/N Reef (10-422),Far Northern,2,1,0,0.484398434,2.005663893,0.024120062,0.237745435
131,50,-10.9042,143.6632,10423100104,10-423,U/N Reef,U/N Reef (10-423),Far Northern,2,1,1,11.07801874,8.157448053,0.1699603,0.228214562
132,51,-10.8997,143.7573,10424100104,10-424,U/N Reef,U/N Reef (10-424),Far Northern,2,1,0,18.34417474,1.667461996,0.124397486,0.228214562
133,54,-10.9136,143.5341,10425100104,10-425,U/N Reef,U/N Reef (10-425),Far Northern,2,1,1,5.060594262,5.562738977,0.414360628,0.228214562
134,76,-11.1761,143.1012,11034100104,11-034,U/N Reef,U/N Reef (11-034),Far Northern,2,1,1,12.78345987,29.79668294,14.45534497,0.243959655
135,63,-11.0067,142.9925,11001100104,11-001,Arnold Reef,Arnold Reef (11-001),Far Northern,2,1,0,0.60617604,2.706156235,2.070140407,0.245258734
136,48,-11.025,142.7555,11002100104,11-002,Thomson Islet Reef,Thomson Islet Reef (11-002),Far Northern,1,1,0,0.077067701,0.519722803,0.328990619,0.273867268
137,75,-11.0704,142.7832,11003100104,11-003,U/N Reef,U/N Reef (11-003),Far Northern,1,1,0,2.200583077,6.79376627,5.999270715,0.273867268
138,75,-11.1587,142.837,11004100104,11-004,Gilmore Bank,Gilmore Bank (11-004),Far Northern,1,1,0,0.122810642,0.573810332,0.005901272,0.267195324
139,75,-11.1855,142.8113,11005100104,11-005,U/N Reef,U/N Reef (11-005),Far Northern,1,1,0,0.295291244,1.522209082,0.003440408,0.273867268
140,75,-11.1943,142.8123,11006100104,11-006,U/N Reef,U/N Reef (11-006),Far Northern,1,1,0,0.077468965,0.521886492,0.005304255,0.267193462
141,75,-11.2317,142.824,11007100104,11-007,U/N Reef,U/N Reef (11-007),Far Northern,1,1,0,0.170702458,0.559359986,0.005734193,0.267196459
142,75,-11.2489,142.819,11008100104,11-008,U/N Reef,U/N Reef (11-008),Far Northern,1,1,0,1.612188394,5.392316958,0.270992524,0.273867268
143,75,-11.2573,142.8725,11009100104,11-009,Bushy Island Reef,Bushy Island Reef (11-009),Far Northern,1,1,0,2.535825974,7.960432133,5.884395495,0.273465963
144,75,-11.25,142.9291,11010100104,11-010,Cairncross Islets Reef,Cairncross Islets Reef (11-010),Far Northern,1,1,0,2.062206501,7.150196565,5.713126222,0.272876269
145,75,-11.2902,142.8287,11011101104,11-011a,U/N Reef,U/N Reef (11-011a),Far Northern,1,1,0,0.049412289,0.364201585,0.003538822,0.267195263
146,75,-11.2939,142.8309,11011102104,11-011b,U/N Reef,U/N Reef (11-011b),Far Northern,1,1,0,0.042161396,0.320778933,0.003067243,0.267197527
147,75,-11.3725,142.8655,11012100104,11-012,U/N Reef,U/N Reef (11-012),Far Northern,1,1,1,1.088233337,3.818516292,1.850718833,0.273867268
148,126,-11.3848,142.9654,11013100104,11-013,Halfway Islet Reef,Halfway Islet Reef (11-013),Far Northern,1,1,1,1.147053945,4.169697087,3.286391099,0.268967349
149,126,-11.4349,142.9353,11014100104,11-014,Pearn Reef,Pearn Reef (11-014),Far Northern,1,1,1,0.138239315,0.572459707,0.005885766,0.267194494
150,131,-11.4243,142.8412,11015100104,11-015,U/N Reef,U/N Reef (11-015),Far Northern,1,1,1,1.082618384,3.678406783,1.76677782,0.273867268
151,58,-11.0231,143.2427,11016100104,11-016,McSweeney Reef,McSweeney Reef (11-016),Far Northern,2,1,0,5.286232961,11.9635533,6.783677574,0.224326669
152,59,-11.0279,143.3335,11017100104,11-017,U/N Reef,U/N Reef (11-017),Far Northern,2,1,0,6.710157434,14.05476768,0.453367671,0.228214562
153,60,-11.0323,143.3564,11018100104,11-018,U/N Reef,U/N Reef (11-018),Far Northern,2,1,0,2.535898062,7.338255381,0.127782595,0.228214562
154,64,-11.0285,143.4737,11019100104,11-019,U/N Reef,U/N Reef (11-019),Far Northern,2,1,0,1.649938906,3.30033005,0.513836582,0.221946631
155,60,-11.0388,143.3795,11020100104,11-020,U/N Reef,U/N Reef (11-020),Far Northern,2,1,0,1.326687004,4.149761817,0.054653014,0.237745433
156,60,-11.0588,143.371,11021100104,11-021,U/N Reef,U/N Reef (11-021),Far Northern,2,1,0,0.651278917,1.701240773,0.098098509,0.237745432
157,64,-11.0476,143.4676,11022100104,11-022,U/N Reef,U/N Reef (11-022),Far Northern,2,1,0,27.53148256,25.65424432,0.222968558,0.228214562
158,60,-11.0746,143.4022,11023100104,11-023,U/N Reef,U/N Reef (11-023),Far Northern,2,1,0,2.230581187,7.4111736519999996,1.11705897,0.226585542
159,59,-11.0791,143.3198,11024100104,11-024,U/N Reef,U/N Reef (11-024),Far Northern,2,1,0,15.18695848,12.11669431,0.089099799,0.228214562
160,63,-11.07,143.0908,11025100104,11-025,U/N Reef,U/N Reef (11-025),Far Northern,2,1,0,16.93980748,31.15696445,14.90454033,0.244203922
161,63,-11.1166,143.0285,11026100104,11-026,Sinclair Reef,Sinclair Reef (11-026),Far Northern,2,1,1,2.251015179,7.479804777,6.442447316,0.243967385
162,76,-11.1292,143.0006,11027100104,11-027,U/N Reef,U/N Reef (11-027),Far Northern,2,1,1,0.084501628,0.10230406,8.47784e-4,0.23774867
163,68,-11.1067,143.4941,11028100104,11-028,U/N Reef,U/N Reef (11-028),Far Northern,2,1,0,4.933712762,7.712240875,0.394315006,0.221028361
164,70,-11.1288,143.253,11029100104,11-029,Monsoon Reef,Monsoon Reef (11-029),Far Northern,2,1,0,4.257215807,10.05583655,5.92541281,0.235683023
165,71,-11.1438,143.4413,11030100104,11-030,U/N Reef,U/N Reef (11-030),Far Northern,2,1,0,40.73783566,42.42722759,2.906576821,0.22685422
166,70,-11.1421,143.2229,11031100104,11-031,U/N Reef,U/N Reef (11-031),Far Northern,2,1,0,9.788879328,3.916024735,0.153146867,0.202332932
167,78,-11.1607,143.4215,11032100104,11-032,U/N Reef,U/N Reef (11-032),Far Northern,2,1,0,4.718445895,7.177245122,0.067447559,0.228214562
168,78,-11.184,143.3933,11033101104,11-033a,U/N Reef,U/N Reef (11-033a),Far Northern,2,1,0,7.438316145,13.71974218,0.271328613,0.223257529
169,78,-11.2045,143.3937,11033102104,11-033b,U/N Reef,U/N Reef (11-033b),Far Northern,2,1,0,1.664022881,5.370794551,0.781783302,0.231158658
170,104,-11.3682,143.5458,11048102104,11-048b,Turning Point Patches (No 2),Turning Point Patches (No 2) (11-048b),Far Northern,2,1,1,61.62194592,27.76343576,3.406208043,0.223165114
171,107,-11.361,143.3355,11049100104,11-049,U/N Reef,U/N Reef (11-049),Far Northern,2,1,1,3.965266305,11.51071267,6.065769891,0.238388864
172,110,-11.3773,143.1607,11050100104,11-050,U/N Reef,U/N Reef (11-050),Far Northern,2,1,1,8.872899696,18.72850225,6.902627007,0.24919308
173,88,-11.3705,143.0732,11051100104,11-051,U/N Reef,U/N Reef (11-051),Far Northern,2,1,1,0.161653396,0.5582747,0.030693356,0.237745433
174,121,-11.3896,143.0702,11052100104,11-052,Cholmondeley Reef,Cholmondeley Reef (11-052),Far Northern,2,1,1,8.533611503,21.26019445,8.496354198,0.245007603
175,88,-11.3851,143.0353,11053100104,11-053,Jardine Reef,Jardine Reef (11-053),Far Northern,2,1,1,1.664682487,5.725742869,3.537482633,0.245468564
176,110,-11.434,143.1652,11054100104,11-054,U/N Reef,U/N Reef (11-054),Far Northern,2,1,1,10.93392139,16.80203278,5.683697801,0.247062913
177,126,-11.4539,143.042,11055100104,11-055,Wallace Islet Reef,Wallace Islet Reef (11-055),Far Northern,2,1,1,4.75368383,12.64632458,7.409044794,0.2441437
178,76,-11.1833,143.0328,11035100104,11-035,Milman-Aplin Reef,Milman-Aplin Reef (11-035),Far Northern,2,1,1,5.668687219,15.99099339,10.78204314,0.244782653
179,77,-11.1844,143.1976,11036100104,11-036,Parsons Reef,Parsons Reef (11-036),Far Northern,2,1,0,12.84673096,18.9747094,5.992333223,0.207308189
180,83,-11.2154,143.3181,11037100104,11-037,Collette Reef,Collette Reef (11-037),Far Northern,2,1,0,23.89944547,23.46220507,4.309867743,0.226912515
181,76,-11.2432,143.0007,11038100104,11-038,Douglas Islet Reef,Douglas Islet Reef (11-038),Far Northern,2,1,1,2.037607441,6.942509761,5.432847762,0.244776317
182,89,-11.2414,143.2571,11039100104,11-039,U/N Reef,U/N Reef (11-039),Far Northern,2,1,0,1.623635308,5.471986826,3.79067657,0.215305254
183,88,-11.2714,143.1497,11040100104,11-040,U/N Reef,U/N Reef (11-040),Far Northern,2,1,0,12.45507468,25.29689421,3.588029837,0.216750861
184,88,-11.2886,143.0342,11041101104,11-041a,U/N Reef,U/N Reef (11-041a),Far Northern,2,1,0,0.288960972,0.88855396,0.050473439,0.237745433
185,88,-11.2874,143.0462,11041102104,11-041b,U/N Reef,U/N Reef (11-041b),Far Northern,2,1,0,0.548409925,1.483497989,0.085609718,0.237745433
186,88,-11.295,143.1963,11042100104,11-042,U/N Reef,U/N Reef (11-042),Far Northern,2,1,1,11.40515178,24.40488443,6.50768361,0.2202263
187,89,-11.2974,143.2813,11043100104,11-043,Onslow Reef,Onslow Reef (11-043),Far Northern,2,1,1,0.424575229,1.208318409,0.069512936,0.237745432
188,91,-11.2769,143.3693,11044100104,11-044,Wilds Shoal,Wilds Shoal (11-044),Far Northern,2,1,0,59.00429622,74.27154892,8.769251583,0.229298847
189,93,-11.2706,143.4852,11045100104,11-045,U/N Reef,U/N Reef (11-045),Far Northern,2,1,0,10.33761404,22.26935783,1.707525811,0.221035578
190,88,-11.3191,143.1263,11046100104,11-046,U/N Reef,U/N Reef (11-046),Far Northern,2,1,1,1.364698252,4.992905795,1.158440762,0.24861401
191,88,-11.3416,143.1278,11047100104,11-047,U/N Reef,U/N Reef (11-047),Far Northern,2,1,1,3.8168002,11.34345864,4.656653617,0.249426177
192,102,-11.3292,143.4056,11048101104,11-048a,Turning Point Patches (No 1),Turning Point Patches (No 1) (11-048a),Far Northern,2,1,1,42.05220763,52.04034498,9.722709458,0.245025762
193,94,-11.2543,143.5428,11071100104,11-071,U/N Reef,U/N Reef (11-071),Far Northern,2,1,0,51.04143644,34.84048796,2.568156102,0.222562562
194,98,-11.2826,143.9955,11072100104,11-072,U/N Reef,U/N Reef (11-072),Far Northern,3,1,1,0.808564128,3.141736096,1.158899165,0.28780974
195,98,-11.2824,144.0058,11073100104,11-073,U/N Reef,U/N Reef (11-073),Far Northern,3,1,1,0.62465141,2.727155576,1.57859329,0.293853711
196,98,-11.2949,143.9963,11074100104,11-074,U/N Reef,U/N Reef (11-074),Far Northern,3,1,1,1.918250548,3.649076679,2.585255801,0.288346761
197,98,-11.2953,143.9792,11075100104,11-075,U/N Reef,U/N Reef (11-075),Far Northern,3,1,1,0.805127596,2.326786179,1.436171046,0.28406191
198,98,-11.3093,143.9808,11076100104,11-076,U/N Reef,U/N Reef (11-076),Far Northern,3,1,1,0.824632876,1.714171111,1.068702926,0.290350753
199,122,-11.5046,143.4012,11056101104,11-056a,U/N Reef,U/N Reef (11-056a),Far Northern,2,1,1,53.70041482,63.58843795,8.582444201,0.241670217
200,116,-11.4618,143.2701,11056102104,11-056b,U/N Reef,U/N Reef (11-056b),Far Northern,2,1,1,100.193613,130.5491738,7.518765355,0.227954764
201,107,-11.3969,143.3099,11056103104,11-056c,U/N Reef,U/N Reef (11-056c),Far Northern,2,1,1,33.07744393,61.08224992,4.307445628,0.226714055
202,112,-11.4603,143.378,11056104104,11-056d,U/N Reef,U/N Reef (11-056d),Far Northern,2,1,1,7.170315396,17.14307875,1.121783614,0.228089086
203,112,-11.4305,143.4389,11057100104,11-057,Cochin Reef,Cochin Reef (11-057),Far Northern,2,1,1,20.84190183,38.88061879,3.935064477,0.216643765
204,121,-11.4681,143.1247,11058100104,11-058,Parkinson Reef,Parkinson Reef (11-058),Far Northern,2,1,1,2.410829213,7.937246983,3.31255482,0.244502655
205,121,-11.472,143.1567,11059100104,11-059,Monkman Reef,Monkman Reef (11-059),Far Northern,2,1,1,7.161999774,16.91816821,4.071048929,0.245062682
206,121,-11.482,143.0751,11060100104,11-060,U/N Reef,U/N Reef (11-060),Far Northern,2,1,1,1.989430307,6.801592857,3.456924661,0.243906468
207,126,-11.4888,143.0406,11061100104,11-061,Little Boydong Reef,Little Boydong Reef (11-061),Far Northern,2,1,1,3.028580957,9.32323406,4.572953092,0.243906468
208,126,-11.498,143.0288,11062100104,11-062,Boydong Island Reef,Boydong Island Reef (11-062),Far Northern,2,1,1,4.918858283,13.85070237,4.158127085,0.244598242
209,56,-10.9777,143.4992,11063101104,11-063a,U/N Reef,U/N Reef (11-063a),Far Northern,2,1,0,10.86902096,12.80496503,0.105441225,0.224063002
210,62,-11.016,143.5894,11063102104,11-063b,U/N Reef,U/N Reef (11-063b),Far Northern,2,1,0,23.75099395,6.664114005,0.245981868,0.228214562
211,66,-11.0949,143.6618,11064100104,11-064,U/N Reef,U/N Reef (11-064),Far Northern,2,1,0,84.88413313,20.86390725,1.933210879,0.228214562
212,72,-11.1512,143.5843,11065100104,11-065,U/N Reef,U/N Reef (11-065),Far Northern,2,1,0,9.872738175,1.769357755,0.090097597,0.228214562
213,80,-11.1571,143.6947,11066100104,11-066,U/N Reef,U/N Reef (11-066),Far Northern,2,1,0,2.249603118,3.888273469,0.236205356,0.228214562
214,72,-11.1482,143.5348,11067100104,11-067,U/N Reef,U/N Reef (11-067),Far Northern,2,1,0,9.774418509,11.49270429,0.310549821,0.228214562
215,86,-11.2073,143.5889,11068100104,11-068,U/N Reef,U/N Reef (11-068),Far Northern,2,1,0,10.58031854,4.751654161,0.123998902,0.228214562
216,80,-11.1924,143.7148,11069100104,11-069,U/N Reef,U/N Reef (11-069),Far Northern,2,1,0,52.22011858,7.666163921,0.374430004,0.228214562
217,97,-11.3149,143.7982,11070101104,11-070a,Maclennan Reef (No 1),Maclennan Reef (No 1) (11-070a),Far Northern,2,1,1,5.104252108,4.977060693,3.296291701,0.253247698
218,96,-11.2526,143.6751,11070102104,11-070b,Maclennan Reef (No 2),Maclennan Reef (No 2) (11-070b),Far Northern,2,1,1,63.79086407,17.57486846,1.553297062,0.228214562
219,97,-11.2557,143.8192,11070103104,11-070c,Maclennan Reef (No 3),Maclennan Reef (No 3) (11-070c),Far Northern,2,1,1,28.23663958,0.811837233,0.008719484,0.237745429
220,117,-11.4735,143.6366,11103100104,11-103,Indefatigable Reef,Indefatigable Reef (11-103),Far Northern,2,1,1,11.55708252,10.09255014,3.043789339,0.217621583
221,118,-11.4665,143.7075,11104100104,11-104,U/N Reef,U/N Reef (11-104),Far Northern,2,1,1,18.9976713,5.211811557,0.564095736,0.228214562
222,119,-11.4759,143.9284,11105100104,11-105,U/N Reef,U/N Reef (11-105),Far Northern,3,1,1,2.535605925,5.298357311,2.163925302,0.302112097
223,120,-11.4754,144.0179,11107100104,11-107,U/N Reef,U/N Reef (11-107),Far Northern,3,1,1,2.710863058,3.684030432,1.762326754,0.293279248
224,119,-11.4779,143.9009,11108100104,11-108,U/N Reef,U/N Reef (11-108),Far Northern,3,1,1,0.739634411,2.070417863,0.868244353,0.298796798
225,119,-11.4921,143.9242,11109101104,11-109a,U/N Reef,U/N Reef (11-109a),Far Northern,3,1,1,6.615971175,9.805529287,6.434570943,0.302469809
226,119,-11.4827,143.9456,11109102104,11-109b,U/N Reef,U/N Reef (11-109b),Far Northern,3,1,1,3.682216873,5.534239197,3.681428172,0.289704749
227,119,-11.4899,143.8581,11110100104,11-110,U/N Reef,U/N Reef (11-110),Far Northern,3,1,1,2.698633357,5.063834111,3.521299532,0.319466874
228,113,-11.4992,143.5381,11111100104,11-111,U/N Reef,U/N Reef (11-111),Far Northern,2,1,1,33.90545146,47.09071088,5.675690884,0.228214562
229,55,-11.0307,143.9979,11112100104,11-112,U/N Reef,U/N Reef (11-112),Far Northern,3,1,0,2.238456098,5.765920641,2.957344644,0.299455944
230,55,-11.0393,144.0173,11113100104,11-113,U/N Reef,U/N Reef (11-113),Far Northern,3,1,0,5.779536318,10.82867959,4.66310163,0.308078828
231,74,-11.049,144.0224,11114100104,11-114,U/N Reef,U/N Reef (11-114),Far Northern,3,1,0,1.405390004,4.192315669,2.209597732,0.299843873
232,74,-11.0549,144.0336,11115100104,11-115,U/N Reef,U/N Reef (11-115),Far Northern,3,1,0,6.672122427,12.79355429,8.534906479,0.317276421
233,74,-11.0692,144.0407,11116100104,11-116,U/N Reef,U/N Reef (11-116),Far Northern,3,1,0,1.410651893,4.575416462,2.984310228,0.292333498
234,74,-11.1034,144.044,11117100104,11-117,U/N Reef,U/N Reef (11-117),Far Northern,3,1,0,11.98999098,18.92758618,10.43269316,0.292321666
235,74,-11.1316,144.0333,11118101104,11-118a,U/N Reef,U/N Reef (11-118a),Far Northern,3,1,0,3.790508834,6.891318603,3.273260803,0.342535327
236,74,-11.1407,144.0258,11118102104,11-118b,U/N Reef,U/N Reef (11-118b),Far Northern,3,1,0,0.562646363,0.719102699,0.162200862,0.299719347
237,74,-11.146,144.0584,11119100104,11-119,U/N Reef,U/N Reef (11-119),Far Northern,3,1,0,12.39817421,21.20342218,11.83162424,0.307515549
238,98,-11.3224,143.9624,11077100104,11-077,U/N Reef,U/N Reef (11-077),Far Northern,3,1,1,6.377360696,10.92437512,5.451285876,0.296553588
239,98,-11.3282,143.9818,11078100104,11-078,U/N Reef,U/N Reef (11-078),Far Northern,3,1,1,0.175149173,0.732902044,0.429320987,0.29633102
240,100,-11.3083,143.5057,11079100104,11-079,U/N Reef,U/N Reef (11-079),Far Northern,2,1,1,5.61604422,1.809837398,0.188438632,0.23225842
241,101,-11.305,143.6725,11080100104,11-080,U/N Reef,U/N Reef (11-080),Far Northern,2,1,1,12.06377615,3.622961057,0.005354289,0.228214562
242,98,-11.3482,143.9566,11081100104,11-081,U/N Reef,U/N Reef (11-081),Far Northern,3,1,1,2.140072275,5.601000297,3.190955509,0.308649934
243,98,-11.3559,143.952,11082100104,11-082,U/N Reef,U/N Reef (11-082),Far Northern,3,1,1,1.303820509,3.960141627,1.79404623,0.286585292
244,98,-11.361,143.9641,11083100104,11-083,U/N Reef,U/N Reef (11-083),Far Northern,3,1,1,0.178953492,0.49678509,0.316465897,0.285931332
245,98,-11.3644,143.9766,11084100104,11-084,U/N Reef,U/N Reef (11-084),Far Northern,3,1,1,0.964523179,3.184784293,2.280173319,0.298846885
246,98,-11.3637,143.9517,11085100104,11-085,U/N Reef,U/N Reef (11-085),Far Northern,3,1,1,0.224616929,1.122221226,0.699143999,0.276951596
247,119,-11.3724,143.9444,11087101104,11-087a,U/N Reef,U/N Reef (11-087a),Far Northern,3,1,1,1.557807523,3.923789149,1.711925385,0.32998772
248,119,-11.3715,143.959,11087102104,11-087b,U/N Reef,U/N Reef (11-087b),Far Northern,3,1,1,2.695210924,6.005242227,2.72301424,0.310058343
249,119,-11.3832,143.96,11088100104,11-088,U/N Reef,U/N Reef (11-088),Far Northern,3,1,1,1.290124627,3.37284317,2.151897525,0.291054873
250,119,-11.3913,143.9784,11089101104,11-089a,U/N Reef,U/N Reef (11-089a),Far Northern,3,1,1,0.69596688,1.578491644,0.977784179,0.290413535
251,119,-11.3922,143.9585,11089102104,11-089b,U/N Reef,U/N Reef (11-089b),Far Northern,3,1,1,2.116960616,5.066862484,2.914515049,0.2812727
252,105,-11.3364,143.5897,11090100104,11-090,U/N Reef,U/N Reef (11-090),Far Northern,2,1,1,6.084428134,4.494848164,0.184587156,0.228214562
253,119,-11.4024,143.9637,11091100104,11-091,U/N Reef,U/N Reef (11-091),Far Northern,3,1,1,1.16031846,4.046571875,1.708211634,0.287932581
254,109,-11.3711,143.7155,11092100104,11-092,U/N Reef,U/N Reef (11-092),Far Northern,2,1,1,48.94604696,5.719597834,2.219588557,0.262899917
255,109,-11.4007,143.7688,11093100104,11-093,U/N Reef,U/N Reef (11-093),Far Northern,2,1,1,5.634314115,3.406643409,2.417476763,0.260707072
256,119,-11.4116,143.9649,11094100104,11-094,U/N Reef,U/N Reef (11-094),Far Northern,3,1,1,0.296387757,1.477149564,0.922016888,0.30925019
257,119,-11.416,143.9696,11095100104,11-095,U/N Reef,U/N Reef (11-095),Far Northern,3,1,1,0.353118563,0.939211069,0.565511719,0.278968821
258,119,-11.4212,143.9751,11096100104,11-096,U/N Reef,U/N Reef (11-096),Far Northern,3,1,1,0.34579092,1.321594045,0.762338881,0.2924653
259,119,-11.4274,143.9741,11097100104,11-097,U/N Reef,U/N Reef (11-097),Far Northern,3,1,1,0.673620654,2.414109218,1.577005733,0.289998372
260,109,-11.4228,143.7677,11098100104,11-098,Risk Reef,Risk Reef (11-098),Far Northern,2,1,1,4.68801277,5.127051648,3.777863046,0.235610654
261,113,-11.4242,143.5423,11099100104,11-099,U/N Reef,U/N Reef (11-099),Far Northern,2,1,1,54.62914328,12.25872292,1.29512022,0.228214562
262,118,-11.4578,143.7689,11100100104,11-100,Shadwell Reef,Shadwell Reef (11-100),Far Northern,2,1,1,5.315432073,3.041993014,2.093977317,0.222320211
263,113,-11.4658,143.512,11101100104,11-101,U/N Reef,U/N Reef (11-101),Far Northern,2,1,1,7.056425606,7.809804204,0.712301613,0.228214562
264,119,-11.4631,143.9677,11102100104,11-102,U/N Reef,U/N Reef (11-102),Far Northern,3,1,1,4.536816116,8.70722119,5.249951697,0.289561781
265,129,-11.5527,143.5164,11157100104,11-157,U/N Reef,U/N Reef (11-157),Far Northern,2,1,1,97.44323867,88.08529171,13.14321127,0.220241443
266,133,-11.5803,143.2319,11158100104,11-158,U/N Reef,U/N Reef (11-158),Far Northern,2,1,1,8.160218384,16.72547458,6.321078654,0.244890596
267,82,-11.1852,144.06,11120100104,11-120,U/N Reef,U/N Reef (11-120),Far Northern,3,1,0,2.711466955,8.310662177,4.859494557,0.301926626
268,82,-11.1924,144.0436,11121100104,11-121,U/N Reef,U/N Reef (11-121),Far Northern,3,1,0,1.630571233,3.465480144,2.253643741,0.308467501
269,82,-11.2007,144.0466,11122100104,11-122,U/N Reef,U/N Reef (11-122),Far Northern,3,1,0,1.970860256,4.949364936,2.464932211,0.305163063
270,82,-11.2097,144.051,11123100104,11-123,U/N Reef,U/N Reef (11-123),Far Northern,3,1,0,1.575299258,3.904834301,1.898541742,0.336144238
271,82,-11.2175,144.0562,11124100104,11-124,U/N Reef,U/N Reef (11-124),Far Northern,3,1,0,0.426723919,1.43835125,0.893687981,0.31867513
272,99,-11.2613,144.0657,11125100104,11-125,Stark Reef,Stark Reef (11-125),Far Northern,3,1,1,16.89849498,32.16978761,17.12489409,0.291468696
273,98,-11.2636,144.0125,11126101104,11-126a,U/N Reef,U/N Reef (11-126a),Far Northern,3,1,1,0.219872958,1.072482157,0.587555416,0.285414661
274,98,-11.2693,144.0183,11126102104,11-126b,U/N Reef,U/N Reef (11-126b),Far Northern,3,1,1,1.599019286,4.307976618,2.104228886,0.296584824
275,98,-11.2616,144.0241,11127101104,11-127a,U/N Reef,U/N Reef (11-127a),Far Northern,3,1,1,0.735074851,1.77820483,1.057746404,0.290947219
276,98,-11.2761,144.0264,11127102104,11-127b,U/N Reef,U/N Reef (11-127b),Far Northern,3,1,1,0.702886056,2.561784703,1.266335918,0.282586523
277,98,-11.2793,144.0342,11128100104,11-128,U/N Reef,U/N Reef (11-128),Far Northern,3,1,1,2.116669738,5.493704156,2.490931353,0.299135686
278,99,-11.2763,144.0441,11129100104,11-129,U/N Reef,U/N Reef (11-129),Far Northern,3,1,1,2.355783461,4.133084941,2.390293166,0.287954122
279,120,-11.4248,144.0383,11130100104,11-130,Moulter Reef,Moulter Reef (11-130),Far Northern,3,1,1,5.66859909,13.52557543,9.14315548,0.316265483
280,120,-11.494,144.0699,11131100104,11-131,Saunders Reef,Saunders Reef (11-131),Far Northern,3,1,1,29.31900739,28.07415435,16.9125185,0.294403442
281,131,-11.5122,142.8727,11132100104,11-132,Hunter Reefs,Hunter Reefs (11-132),Far Northern,1,1,1,4.693270403,2.06248938,0.177325487,0.273867268
282,131,-11.5637,142.8437,11133100104,11-133,U/N Reef,U/N Reef (11-133),Far Northern,1,1,0,5.067777792,13.70321442,11.51621724,0.273864572
283,131,-11.5904,142.8983,11134100104,11-134,Pirie Reef,Pirie Reef (11-134),Far Northern,1,1,1,1.033394804,3.767426184,3.051037618,0.270974593
284,131,-11.6276,142.8569,11135100104,11-135,U/N Reef,U/N Reef (11-135),Far Northern,1,1,0,0.449574033,1.579084473,1.162904553,0.273867268
285,131,-11.5979,142.9397,11136100104,11-136,Hannibal Islands Reef,Hannibal Islands Reef (11-136),Far Northern,1,1,1,3.578100942,9.717191941,6.879617136,0.271585323
286,131,-11.6514,142.9075,11137100104,11-137,U/N Reef,U/N Reef (11-137),Far Northern,1,1,1,0.880798465,3.442447052,2.499401761,0.273867268
287,147,-11.7324,142.9852,11138100104,11-138,MacArthur Islands Reef,MacArthur Islands Reef (11-138),Far Northern,1,1,1,2.966549795,9.069230128,4.800770332,0.272216256
288,154,-11.7591,142.973,11139100104,11-139,U/N Reef,U/N Reef (11-139),Far Northern,1,1,1,6.407190732,16.01023601,11.10454079,0.27326307
289,153,-11.7624,142.8959,11140100104,11-140,U/N Reef,U/N Reef (11-140),Far Northern,1,1,1,0.636306954,1.496743094,0.910072813,0.273867268
290,153,-11.7697,142.9157,11141100104,11-141,U/N Reef,U/N Reef (11-141),Far Northern,1,1,1,1.183349149,2.093596948,0.521332943,0.273867268
291,153,-11.7727,142.9372,11142100104,11-142,U/N Reef,U/N Reef (11-142),Far Northern,1,1,1,4.7936114,13.68504818,8.120915887,0.273867268
292,153,-11.7707,142.9555,11143100104,11-143,U/N Reef,U/N Reef (11-143),Far Northern,1,1,1,0.09933931,0.135169938,0.059501428,0.273867268
293,167,-11.781,142.8782,11144100104,11-144,U/N Reef,U/N Reef (11-144),Far Northern,1,1,1,0.14818607,0.60524209,0.006266169,0.267195264
294,167,-11.7999,142.8562,11145100104,11-145,U/N Reef,U/N Reef (11-145),Far Northern,1,1,1,2.719582319,8.311403194,4.463706425,0.273867268
295,153,-11.7968,142.9365,11146100104,11-146,Nigger Head Reef,Nigger Head Reef (11-146),Far Northern,1,1,1,0.437401536,1.438594533,0.016596581,0.267194681
296,153,-11.8053,142.9002,11147100104,11-147,U/N Reef,U/N Reef (11-147),Far Northern,1,1,1,1.365212368,3.010585522,1.684879497,0.273867268
297,167,-11.8267,142.896,11148100104,11-148,U/N Reef,U/N Reef (11-148),Far Northern,1,1,1,0.197987948,0.514074555,0.015762007,0.273867268
298,167,-11.8489,142.8756,11149100104,11-149,U/N Reef,U/N Reef (11-149),Far Northern,1,1,1,11.67253875,26.59535818,8.949751604,0.273867268
299,153,-11.8431,142.9387,11150100104,11-150,U/N Reef,U/N Reef (11-150),Far Northern,1,1,1,0.274360644,0.450667915,0.23285059,0.273867268
300,154,-11.8619,142.9936,11151100104,11-151,U/N Reef,U/N Reef (11-151),Far Northern,1,1,1,0.623816052,0.095329442,0.044141802,0.273867268
301,167,-11.8799,142.9126,11152100104,11-152,U/N Reef,U/N Reef (11-152),Far Northern,1,1,1,5.466907027,13.97500585,5.243820999,0.273867268
302,154,-11.8844,142.9704,11153100104,11-153,U/N Reef,U/N Reef (11-153),Far Northern,1,1,1,0.192063961,0.217803948,0.07102583,0.273867268
303,121,-11.5183,143.0818,11154100104,11-154,U/N Reef,U/N Reef (11-154),Far Northern,2,1,1,2.371596025,7.847495101,3.044029039,0.243906468
304,121,-11.5316,143.1779,11155100104,11-155,U/N Reef,U/N Reef (11-155),Far Northern,2,1,1,31.78937754,47.14656787,7.983069746,0.244423314
305,126,-11.5504,143.0168,11156100104,11-156,Wizard Reef,Wizard Reef (11-156),Far Northern,2,1,1,21.54854463,46.77087682,15.23571511,0.243641704
306,154,-11.789,143.0855,11169100104,11-169,Bird Islands Reef (South),Bird Islands Reef (South) (11-169),Far Northern,1,1,1,0.757332459,3.081505774,2.451177742,0.269248334
307,155,-11.8041,143.2461,11170100104,11-170,Chimmo Shoal,Chimmo Shoal (11-170),Far Northern,2,1,0,0.174045422,0.954003804,0.010455188,0.237745432
308,155,-11.8019,143.265,11171100104,11-171,Guthray Reef,Guthray Reef (11-171),Far Northern,2,1,0,1.319752229,3.228019013,1.177618302,0.277652678
309,154,-11.8071,143.0093,11172100104,11-172,U/N Reef,U/N Reef (11-172),Far Northern,1,1,1,0.159767764,0.642636801,0.006703506,0.267194429
310,168,-11.8235,143.3696,11173100104,11-173,Cockburn Reef,Cockburn Reef (11-173),Far Northern,2,1,0,293.9392446,181.2567931,27.97697818,0.223963411
311,178,-11.8644,143.2856,11174100104,11-174,Magra Reef,Magra Reef (11-174),Far Northern,2,1,0,3.349609159,7.713430679,5.647267393,0.355541729
312,178,-11.874,143.2971,11175100104,11-175,U/N Reef,U/N Reef (11-175),Far Northern,2,1,0,0.649514477,1.528362333,0.30109571,0.22349063
313,184,-11.8952,143.1073,11176100104,11-176,Rodney Reef,Rodney Reef (11-176),Far Northern,1,1,0,2.097942857,5.269661167,3.61762286,0.273867268
314,184,-11.9064,143.1291,11177100104,11-177,U/N Reef,U/N Reef (11-177),Far Northern,1,1,0,0.785756428,1.866726072,1.095992786,0.272960922
315,185,-11.9111,143.338,11178100104,11-178,Cockburn Patch,Cockburn Patch (11-178),Far Northern,2,1,0,0.206194781,1.142078585,0.012801064,0.237745433
316,185,-11.9182,143.351,11179100104,11-179,Erlangen Patch,Erlangen Patch (11-179),Far Northern,2,1,0,0.235715766,1.025025037,0.01133481,0.237745429
317,185,-11.9204,143.3105,11180100104,11-180,Paluma Shoal,Paluma Shoal (11-180),Far Northern,2,1,0,0.126508981,0.458655066,0.02478368,0.237745433
318,133,-11.5902,143.1785,11159100104,11-159,U/N Reef,U/N Reef (11-159),Far Northern,2,1,1,16.22069924,24.75391273,8.688059986,0.245301992
319,134,-11.5861,143.4236,11160100104,11-160,U/N Reef,U/N Reef (11-160),Far Northern,2,1,1,38.26949854,62.76854019,12.15281867,0.245210042
320,132,-11.5942,143.0104,11161100104,11-161,Viking Reef,Viking Reef (11-161),Far Northern,2,1,1,3.758791889,11.38114233,6.035374134,0.24261857
321,137,-11.604,143.2908,11162100104,11-162,U/N Reef,U/N Reef (11-162),Far Northern,2,1,1,3.406222772,9.190043663,3.536924793,0.212174116
322,135,-11.6207,143.5206,11163100104,11-163,U/N Reef,U/N Reef (11-163),Far Northern,2,1,1,43.27194373,4.495530586,0.04754308,0.228214562
323,142,-11.6908,143.434,11164100104,11-164,U/N Reef,U/N Reef (11-164),Far Northern,2,1,1,98.05360019,37.58357348,6.118940921,0.225413395
324,155,-11.7113,143.1928,11165100104,11-165,Thrush Reef,Thrush Reef (11-165),Far Northern,2,1,1,6.585127466,17.91008142,11.23533377,0.24438100200000001
325,155,-11.7357,143.2484,11166100104,11-166,Forwood Reef,Forwood Reef (11-166),Far Northern,2,1,1,3.681580892,3.703562088,2.377743673,0.221682458
326,154,-11.7714,143.0884,11167100104,11-167,Bird Islands Reef (North),Bird Islands Reef (North) (11-167),Far Northern,1,1,1,1.358081034,4.680358062,3.73504131,0.270443414
327,155,-11.7508,143.2433,11168100104,11-168,Fairway Reef,Fairway Reef (11-168),Far Northern,2,1,0,9.67734e-4,0.009299232,3.16787e-4,0.237756998
328,164,-11.7693,143.8948,11223100104,11-223,Three Reefs,Three Reefs (11-223),Far Northern,3,1,1,7.53000624,12.49315932,6.539279069,0.285751431
329,164,-11.7813,143.8694,11224100104,11-224,U/N Reef,U/N Reef (11-224),Far Northern,3,1,1,0.12878688,0.777850383,0.477774552,0.287026152
330,164,-11.7911,143.8695,11225100104,11-225,U/N Reef,U/N Reef (11-225),Far Northern,3,1,1,0.629743605,2.570221045,1.677819353,0.292371548
331,164,-11.8008,143.8643,11226100104,11-226,U/N Reef,U/N Reef (11-226),Far Northern,3,1,1,0.384361176,1.642649448,1.111967351,0.28424826
332,164,-11.8086,143.865,11227100104,11-227,U/N Reef,U/N Reef (11-227),Far Northern,3,1,0,0.695094436,2.369628594,1.428863513,0.27888103400000003
333,177,-11.802,143.9691,11228100104,11-228,Wood Reef,Wood Reef (11-228),Far Northern,3,1,1,8.351291264,10.00622268,5.741219084,0.287493284
334,184,-11.9271,143.2075,11181100104,11-181,Sunday Reef,Sunday Reef (11-181),Far Northern,1,1,0,0.744623742,0.675921928,0.446267971,0.273867268
335,184,-11.9435,143.216,11182100104,11-182,Bremner Shoal,Bremner Shoal (11-182),Far Northern,1,1,0,0.184200471,0.719848861,0.007615997,0.267195443
336,178,-11.9425,143.242,11183100104,11-183,Outer Reef,Outer Reef (11-183),Far Northern,1,1,0,0.084841929,0.387147613,0.00379044,0.26719631
337,194,-11.9332,143.3712,11184101104,11-184a,Queue Reef,Queue Reef (11-184a),Far Northern,2,1,1,1.068158276,1.791556286,1.072549293,0.247380402
338,195,-11.9481,143.4172,11184102104,11-184b,Wreck Reef,Wreck Reef (11-184b),Far Northern,2,1,1,1.153851602,2.173526029,0.978421489,0.245167116
339,188,-11.9118,143.4963,11184103104,11-184c,Sir Charles Hardy Islands Reef,Sir Charles Hardy Islands Reef (11-184c),Far Northern,2,1,1,194.8584332,165.4063898,11.63192205,0.210216834
340,185,-11.9518,143.2688,11185100104,11-185,Nob Reef,Nob Reef (11-185),Far Northern,1,1,0,0.213275397,0.959579222,0.595879464,0.27293143
341,212,-11.9606,143.2711,11186100104,11-186,U/N Reef,U/N Reef (11-186),Far Northern,1,1,0,0.739509161,3.127465254,2.355325087,0.273008078
342,212,-11.97,143.2677,11187100104,11-187,Harvey Reef,Harvey Reef (11-187),Far Northern,1,1,0,0.588184866,2.548002762,1.169689733,0.273867268
343,212,-11.9697,143.286,11188100104,11-188,Clerke Reef,Clerke Reef (11-188),Far Northern,1,1,0,0.837778435,2.818232508,2.18742904,0.272468073
344,212,-11.9713,143.2547,11189100104,11-189,Perry Reef,Perry Reef (11-189),Far Northern,1,1,0,0.202296932,0.92681893,0.539169682,0.273867268
345,212,-11.9591,143.234,11190101104,11-190a,Cape Grenville Reef (No 1),Cape Grenville Reef (No 1) (11-190a),Far Northern,1,1,0,1.46389583,2.908034106,0.560660164,0.273867268
346,212,-11.9717,143.2443,11190102104,11-190b,Cape Grenville Reef (No 2),Cape Grenville Reef (No 2) (11-190b),Far Northern,1,1,0,0.054329422,0.285458785,0.002690512,0.267191083
347,235,-11.9834,143.2198,11190103104,11-190c,Cape Grenville Reef (No 3),Cape Grenville Reef (No 3) (11-190c),Far Northern,1,1,0,0.49731601,1.998359136,0.823519668,0.273364743
348,212,-11.9841,143.2701,11191100104,11-191,Hicks Reef,Hicks Reef (11-191),Far Northern,1,1,0,1.396371108,3.212451723,2.417509073,0.272193019
349,212,-11.9838,143.2565,11192100104,11-192,Middle Reef,Middle Reef (11-192),Far Northern,1,1,0,0.110802382,0.095818166,7.88168e-4,0.267207223
350,212,-11.9948,143.2681,11193101104,11-193a,Twin Reefs (North),Twin Reefs (North) (11-193a),Far Northern,1,1,0,0.052531766,0.263818727,0.002462049,0.267193708
351,212,-11.9982,143.2673,11193102104,11-193b,Twin Reefs (South),Twin Reefs (South) (11-193b),Far Northern,1,1,0,0.036766851,0.198305119,0.001786086,0.267188961
352,212,-11.991,143.2476,11194100104,11-194,Gore Reef,Gore Reef (11-194),Far Northern,1,1,0,0.710227237,1.818142832,1.169516097,0.273867268
353,235,-11.9983,143.2412,11195100104,11-195,South Reef,South Reef (11-195),Far Northern,1,1,0,0.507858264,0.769346993,0.014321303,0.273867268
354,125,-11.5121,143.9623,11196100104,11-196,U/N Reef,U/N Reef (11-196),Far Northern,3,1,1,0.219187573,0.773013976,0.520653511,0.29863274
355,119,-11.5136,143.8694,11197100104,11-197,U/N Reef,U/N Reef (11-197),Far Northern,3,1,1,1.094560327,3.648775303,1.908267478,0.305211887
356,124,-11.5126,143.6422,11200100104,11-200,Siddons Reef,Siddons Reef (11-200),Far Northern,2,1,1,7.344956544,7.5749245,4.403526449,0.244510719
357,119,-11.5308,143.8668,11201100104,11-201,U/N Reef,U/N Reef (11-201),Far Northern,3,1,1,2.074137756,5.775588737,3.637360831,0.299730907
358,119,-11.5268,143.8783,11202100104,11-202,U/N Reef,U/N Reef (11-202),Far Northern,3,1,1,0.302389349,1.54244832,0.937995043,0.283426683
359,119,-11.5399,143.856,11203100104,11-203,U/N Reef,U/N Reef (11-203),Far Northern,3,1,1,1.519205901,3.809007743,1.837200064,0.285141867
360,119,-11.5504,143.865,11204100104,11-204,U/N Reef,U/N Reef (11-204),Far Northern,3,1,1,0.305208187,1.546009588,1.135538185,0.290965194
361,119,-11.5307,143.9121,11205100104,11-205,U/N Reef,U/N Reef (11-205),Far Northern,3,1,1,3.079358077,7.038806406,5.637353675,0.287347988
362,125,-11.5164,143.9821,11206100104,11-206,U/N Reef,U/N Reef (11-206),Far Northern,3,1,1,7.204449975,8.094940735,5.575734673,0.288465829
363,119,-11.5453,143.9016,11207100104,11-207,U/N Reef,U/N Reef (11-207),Far Northern,3,1,1,3.654361224,6.159157773,4.497019913,0.287340287
364,119,-11.5588,143.8618,11208101104,11-208a,U/N Reef,U/N Reef (11-208a),Far Northern,3,1,1,0.661326879,2.548690935,1.632723251,0.280214787
365,119,-11.5642,143.8648,11208102104,11-208b,U/N Reef,U/N Reef (11-208b),Far Northern,3,1,1,0.116460517,0.647222269,0.426356777,0.286819188
366,119,-11.556,143.8825,11209100104,11-209,U/N Reef,U/N Reef (11-209),Far Northern,3,1,1,0.234563018,1.209210967,0.861296881,0.293234394
367,119,-11.5697,143.8687,11210101104,11-210a,U/N Reef,U/N Reef (11-210a),Far Northern,3,1,1,0.233107062,1.247568142,0.848881088,0.280222405
368,119,-11.5721,143.8751,11210102104,11-210b,U/N Reef,U/N Reef (11-210b),Far Northern,3,1,1,0.506096047,1.663617248,1.233170504,0.283139408
369,130,-11.5668,143.7159,11211100104,11-211,Pearson Reef,Pearson Reef (11-211),Far Northern,2,1,1,3.362363545,9.219532005,6.831358765,0.229533581
370,125,-11.5923,143.8553,11212100104,11-212,Jukes Reef,Jukes Reef (11-212),Far Northern,3,1,1,0.94587833,3.820509883,2.871248298,0.291863198
371,135,-11.6024,143.5157,11213100104,11-213,U/N Reef,U/N Reef (11-213),Far Northern,2,1,1,2.392882724,4.817025812,0.24929976,0.237745432
372,141,-11.6233,143.6845,11214100104,11-214,Bowles Reef,Bowles Reef (11-214),Far Northern,2,1,1,33.73983913,30.18568457,22.40476656,0.225021352
373,152,-11.6301,143.8796,11215100104,11-215,U/N Reef,U/N Reef (11-215),Far Northern,3,1,1,0.215594667,1.17323716,0.830472158,0.29251752600000003
374,138,-11.6594,143.5772,11216100104,11-216,U/N Reef,U/N Reef (11-216),Far Northern,2,1,1,67.98980817,15.33888838,9.423443858,0.216416021
375,96,-11.3062,143.7542,11263100104,11-263,U/N Reef,U/N Reef (11-263),Far Northern,2,1,1,1.73873483,3.729637112,0.20211431,0.237745432
376,176,-11.8076,143.7739,11264100104,11-264,U/N Reef,U/N Reef (11-264),Far Northern,2,1,0,0.313576791,0.947410262,0.053996526,0.237745433
377,145,-11.6896,143.5499,11217100104,11-217,U/N Reef,U/N Reef (11-217),Far Northern,2,1,1,41.20239397,40.33291035,3.308296679,0.227097489
378,152,-11.6374,143.9141,11218100104,11-218,U/N Reef,U/N Reef (11-218),Far Northern,3,1,1,0.424657906,1.277856961,0.041109721,0.296671358
379,152,-11.6651,143.9018,11219100104,11-219,U/N Reef,U/N Reef (11-219),Far Northern,3,1,1,0.151575243,0.560481155,0.016266089,0.296671356
380,152,-11.6991,143.9025,11220100104,11-220,U/N Reef,U/N Reef (11-220),Far Northern,3,1,1,0.132355118,0.502863646,0.014397387,0.296671359
381,152,-11.7276,143.8954,11221100104,11-221,U/N Reef,U/N Reef (11-221),Far Northern,3,1,1,0.133455963,0.506211793,0.014505264,0.296671359
382,163,-11.7694,143.6802,11222102104,11-222b,Salamander Reef,Salamander Reef (11-222b),Far Northern,2,1,1,0.290269566,0.814262953,0.552011719,0.229181632
383,125,-11.595,144.0443,11243100104,11-243,Raine Reef,Raine Reef (11-243),Far Northern,3,1,1,2.241158912,7.549748114,6.366705909,0.323608017
384,166,-11.6814,144.0183,11244101104,11-244a,Great Detached Reef (No 1),Great Detached Reef (No 1) (11-244a),Far Northern,3,1,1,9.842310724,15.97721273,8.684729076,0.291239758
385,166,-11.7779,144.0703,11244102104,11-244b,Great Detached Reef (No 2),Great Detached Reef (No 2) (11-244b),Far Northern,3,1,1,38.77635266,50.5836345,28.09578728,0.295536438
386,165,-11.7842,143.9976,11244103104,11-244c,Great Detached Reef (No 3),Great Detached Reef (No 3) (11-244c),Far Northern,3,1,1,4.038228003,8.126630852,4.655551733,0.294900402
387,165,-11.7053,143.973,11244104104,11-244d,Great Detached Reef (No 4),Great Detached Reef (No 4) (11-244d),Far Northern,3,1,1,1.125187039,0.837926555,0.459001038,0.279534277
388,125,-11.5322,144.0208,11245100104,11-245,U/N Reef,U/N Reef (11-245),Far Northern,3,1,1,0.837883714,2.925900843,0.400319017,0.296092856
389,212,-11.9646,143.2474,11246100104,11-246,Passage Reef,Passage Reef (11-246),Far Northern,1,1,0,0.050082412,0.026574463,1.8583e-4,0.267174258
390,121,-11.507,143.1115,11247100104,11-247,U/N Reef,U/N Reef (11-247),Far Northern,2,1,1,0.105699373,0.517121049,0.001564855,0.228214562
391,88,-11.3272,143.114,11248100104,11-248,U/N Reef,U/N Reef (11-248),Far Northern,2,1,1,0.383045967,1.792102471,0.021250603,0.23774543
392,137,-11.6204,143.3304,11249100104,11-249,U/N Reef,U/N Reef (11-249),Far Northern,2,1,1,0.669801728,2.288263674,0.089314726,0.228214562
393,122,-11.4883,143.3535,11250100104,11-250,U/N Reef,U/N Reef (11-250),Far Northern,2,1,1,0.352379807,0.994054386,0.013555812,0.228214562
394,122,-11.5522,143.3697,11251100104,11-251,U/N Reef,U/N Reef (11-251),Far Northern,2,1,1,0.632606349,2.777706891,0.682501423,0.225787181
395,112,-11.4495,143.412,11252100104,11-252,U/N Reef,U/N Reef (11-252),Far Northern,2,1,1,2.104473736,6.659789707,1.234722872,0.212900798
396,71,-11.1792,143.4427,11253100104,11-253,U/N Reef,U/N Reef (11-253),Far Northern,2,1,0,0.456997928,1.281237733,0.073809204,0.237745433
397,68,-11.1082,143.4593,11254100104,11-254,U/N Reef,U/N Reef (11-254),Far Northern,2,1,0,1.230844077,1.279104682,0.014541434,0.237745436
398,123,-11.4984,143.4777,11255100104,11-255,U/N Reef,U/N Reef (11-255),Far Northern,2,1,1,0.773375122,1.559467876,0.027132654,0.228214562
399,141,-11.6257,143.6511,11256100104,11-256,U/N Reef,U/N Reef (11-256),Far Northern,2,1,1,0.29447052,0.299530861,0.002840426,0.237744253
400,115,-11.4284,143.6594,11257100104,11-257,U/N Reef,U/N Reef (11-257),Far Northern,2,1,1,22.72089931,4.926550858,0.319314201,0.228214562
401,130,-11.5597,143.6855,11258100104,11-258,U/N Reef,U/N Reef (11-258),Far Northern,2,1,1,0.679653901,1.045615822,0.044724572,0.228214562
402,130,-11.557,143.7056,11259100104,11-259,U/N Reef,U/N Reef (11-259),Far Northern,2,1,1,0.170866443,0.582956336,0.032165008,0.237745435
403,176,-11.7961,143.7242,11260100104,11-260,U/N Reef,U/N Reef (11-260),Far Northern,2,1,1,0.067840527,0.278411697,0.014309482,0.237745429
404,176,-11.8056,143.7455,11261100104,11-261,U/N Reef,U/N Reef (11-261),Far Northern,2,1,0,3.642375035,6.738907217,0.321238757,0.237745433
405,118,-11.4875,143.7503,11262100104,11-262,U/N Reef,U/N Reef (11-262),Far Northern,2,1,1,1.586871334,3.466685584,0.18986881,0.237745433
406,164,-11.8258,143.856,11229101104,11-229a,Devlin Reef,Devlin Reef (11-229a),Far Northern,3,1,0,6.96451123,12.29946136,6.801559615,0.287343135
407,164,-11.8443,143.8427,11229102104,11-229b,U/N Reef,U/N Reef (11-229b),Far Northern,3,1,0,2.587703356,6.264973163,2.799316241,0.292670806
408,201,-11.8544,143.8239,11230100104,11-230,U/N Reef,U/N Reef (11-230),Far Northern,3,1,0,0.304673168,1.548755965,0.724879608,0.290090824
409,201,-11.86,143.8295,11231100104,11-231,U/N Reef,U/N Reef (11-231),Far Northern,3,1,0,0.339706746,1.643597276,0.73773915,0.272912023
410,201,-11.8702,143.8382,11232100104,11-232,Five Reefs,Five Reefs (11-232),Far Northern,3,1,0,3.644020548,9.530818182,4.517892302,0.285179624
411,182,-11.8569,143.5902,11233100104,11-233,U/N Reef,U/N Reef (11-233),Far Northern,2,1,0,17.03091744,1.785578975,0.239839357,0.23219225
412,176,-11.8254,143.6766,11234100104,11-234,U/N Reef,U/N Reef (11-234),Far Northern,2,1,0,64.80402403,67.42324959,1.258197814,0.237745432
413,201,-11.8832,143.8247,11235100104,11-235,U/N Reef,U/N Reef (11-235),Far Northern,3,1,0,0.220938264,1.096791491,0.738768423,0.28567273
414,201,-11.8975,143.8339,11236100104,11-236,U/N Reef,U/N Reef (11-236),Far Northern,3,1,0,3.348144618,8.701073959,3.215666477,0.295258207
415,191,-11.8859,143.6294,11237101104,11-237a,Ashmore Banks (No 1),Ashmore Banks (No 1) (11-237a),Far Northern,2,1,0,50.64731771,2.690190394,2.117600018,0.216931838
416,192,-11.8805,143.7104,11237102104,11-237b,Ashmore Banks (No 2),Ashmore Banks (No 2) (11-237b),Far Northern,2,1,0,50.79448305,2.99003679,2.23450471,0.212601494
417,200,-11.9267,143.688,11237103104,11-237c,Ashmore Banks (No 3),Ashmore Banks (No 3) (11-237c),Far Northern,2,1,0,46.22724918,2.444100347,1.859233074,0.216900162
418,201,-11.927,143.853,11238100104,11-238,U/N Reef,U/N Reef (11-238),Far Northern,3,1,0,5.050273219,10.12099646,4.073012252,0.287943988
419,201,-11.9534,143.8681,11239100104,11-239,Star Reef,Star Reef (11-239),Far Northern,3,1,0,3.710357388,8.298402538,3.694753939,0.294276085
420,202,-11.9489,143.9884,11240100104,11-240,Yule Detached Reef,Yule Detached Reef (11-240),Far Northern,3,1,1,13.06468299,19.36072358,10.53026886,0.308203193
421,201,-11.9797,143.8841,11241100104,11-241,Job Reef,Job Reef (11-241),Far Northern,3,1,0,3.031575369,8.352785179,3.051050024,0.287758545
422,201,-11.9936,143.9046,11242100104,11-242,U/N Reef,U/N Reef (11-242),Far Northern,3,1,1,0.107411931,0.406547215,0.240950665,0.296008954
423,247,-12.1423,143.3747,12007100104,12-007,Nomad Reef,Nomad Reef (12-007),Far Northern,2,1,0,63.65558319,62.94339904,11.32122505,0.215075911
424,256,-12.1917,143.1085,12008100104,12-008,Tyrrel Reefs,Tyrrel Reefs (12-008),Far Northern,1,1,1,2.989825002,5.980653376,4.240222913,0.273867268
425,256,-12.2319,143.1326,12009100104,12-009,Pickard Reef,Pickard Reef (12-009),Far Northern,1,1,0,3.136880193,7.568061359,4.632196515,0.273867268
426,260,-12.2316,143.2865,12010100104,12-010,Kay Reef,Kay Reef (12-010),Far Northern,2,1,0,9.448096677,22.70804599,22.14605311,0.244221814
427,260,-12.2423,143.2063,12011100104,12-011,Beesley-Baird Reef,Beesley-Baird Reef (12-011),Far Northern,1,1,0,1.660619971,4.92522464,4.050235182,0.273843544
428,118,-11.5068,143.7772,11265100104,11-265,U/N Reef,U/N Reef (11-265),Far Northern,2,1,1,0.320674787,0.397965582,0.047422095,0.228214562
429,176,-11.8131,143.7775,11266100104,11-266,U/N Reef,U/N Reef (11-266),Far Northern,3,1,0,0.12752157,0.488207413,0.013926175,0.29667136
430,193,-11.8106,143.7822,11267100104,11-267,U/N Reef,U/N Reef (11-267),Far Northern,3,1,0,0.083205815,0.346942057,0.009482896,0.296671359
431,193,-11.8256,143.7849,11268100104,11-268,U/N Reef,U/N Reef (11-268),Far Northern,3,1,0,0.126149685,0.48399559,0.013791089,0.296671357
432,109,-11.4185,143.8014,11269100104,11-269,U/N Reef,U/N Reef (11-269),Far Northern,2,1,1,0.062244511,0.259853604,0.013256775,0.237745433
433,109,-11.3738,143.8051,11270100104,11-270,U/N Reef,U/N Reef (11-270),Far Northern,2,1,1,0.436732044,0.986779626,0.524614132,0.228214562
434,87,-11.1916,143.8102,11271100104,11-271,U/N Reef,U/N Reef (11-271),Far Northern,2,1,0,1.093871392,2.574048707,0.145608663,0.237745432
435,201,-11.8453,143.8258,11272100104,11-272,U/N Reef,U/N Reef (11-272),Far Northern,3,1,0,0.031584904,0.243047648,0.002245424,0.296672527
436,201,-11.9173,143.8348,11273100104,11-273,U/N Reef,U/N Reef (11-273),Far Northern,3,1,0,0.010739295,0.091108655,7.44314e-4,0.296671096
437,119,-11.5257,143.8501,11274100104,11-274,U/N Reef,U/N Reef (11-274),Far Northern,3,1,1,0.368101511,1.003477686,0.622198956,0.307101985
438,97,-11.2879,143.855,11275100104,11-275,U/N Reef,U/N Reef (11-275),Far Northern,2,1,1,3.656908809,0.601887774,0.392407789,0.228214562
439,152,-11.7301,143.8745,11276100104,11-276,U/N Reef,U/N Reef (11-276),Far Northern,3,1,1,0.028159176,0.221026534,0.002017784,0.296673272
440,73,-11.1817,143.8762,11277100104,11-277,U/N Reef,U/N Reef (11-277),Far Northern,3,1,0,1.162161448,1.77775723,0.947831354,0.292999814
441,152,-11.7055,143.8848,11278100104,11-278,U/N Reef,U/N Reef (11-278),Far Northern,3,1,1,0.016595285,0.150447562,0.08258408,0.288719242
442,152,-11.7363,143.8873,11279100104,11-279,U/N Reef,U/N Reef (11-279),Far Northern,3,1,1,0.032279238,0.255375788,0.002373134,0.296671154
443,164,-11.7545,143.8898,11280100104,11-280,U/N Reef,U/N Reef (11-280),Far Northern,3,1,1,0.00624478,0.061562145,4.79502e-4,0.296674102
444,152,-11.6321,143.8898,11281100104,11-281,U/N Reef,U/N Reef (11-281),Far Northern,3,1,1,0.149953974,0.407812894,0.253575102,0.288191037
445,119,-11.522,143.8909,11282100104,11-282,U/N Reef,U/N Reef (11-282),Far Northern,3,1,1,0.017437156,0.158251981,0.056378246,0.267956933
446,152,-11.632,143.8936,11283100104,11-283,U/N Reef,U/N Reef (11-283),Far Northern,3,1,1,0.027457178,0.220310174,0.0370173,0.277973112
447,125,-11.5748,143.8953,11284100104,11-284,U/N Reef,U/N Reef (11-284),Far Northern,3,1,1,0.046519643,0.345856414,0.183712029,0.293533202
448,125,-11.5981,143.8963,11285100104,11-285,U/N Reef,U/N Reef (11-285),Far Northern,3,1,1,0.268217157,1.330712658,0.815367805,0.29748389
449,125,-11.5971,143.9039,11286100104,11-286,U/N Reef,U/N Reef (11-286),Far Northern,3,1,1,0.123198563,0.693933355,0.410726536,0.289311091
450,125,-11.575,143.9637,11287100104,11-287,U/N Reef,U/N Reef (11-287),Far Northern,3,1,1,0.073826435,0.266133225,0.00248618,0.296672151
451,165,-11.7318,143.9768,11244105104,11-244e,Great Detached Reef (No 5),U/N Reef (11-288),Far Northern,3,1,1,0.520921147,0.202796313,0.115552834,0.278018773
452,120,-11.3779,143.982,11289100104,11-289,U/N Reef,U/N Reef (11-289),Far Northern,3,1,1,0.033594048,0.254342528,0.149085152,0.298769372
453,120,-11.4706,143.9834,11290100104,11-290,U/N Reef,U/N Reef (11-290),Far Northern,3,1,1,1.994245,1.113276191,0.4463878,0.279797866
454,98,-11.3289,143.9883,11291100104,11-291,U/N Reef,U/N Reef (11-291),Far Northern,3,1,1,0.01990923,0.168357884,0.077410246,0.287218885
455,98,-11.3494,143.9887,11292100104,11-292,U/N Reef,U/N Reef (11-292),Far Northern,3,1,1,0.127379353,0.691970351,0.066213223,0.281409713
456,98,-11.3706,143.9907,11293100104,11-293,U/N Reef,U/N Reef (11-293),Far Northern,3,1,1,0.737478115,1.433461777,0.669016545,0.289239466
457,98,-11.3556,143.9914,11294100104,11-294,U/N Reef,U/N Reef (11-294),Far Northern,3,1,1,0.133186585,0.782528312,0.242806329,0.28335867
458,98,-11.3231,143.9959,11295100104,11-295,U/N Reef,U/N Reef (11-295),Far Northern,3,1,1,0.03956113,0.260972744,0.134929834,0.286095502
459,98,-11.3448,143.998,11296100104,11-296,U/N Reef,U/N Reef (11-296),Far Northern,3,1,1,0.689131873,2.42261392,1.237685315,0.296031341
460,98,-11.3229,144.0018,11297100104,11-297,U/N Reef,U/N Reef (11-297),Far Northern,3,1,1,0.179084192,0.698158512,0.399937337,0.297966417
461,98,-11.3313,144.0041,11298100104,11-298,U/N Reef,U/N Reef (11-298),Far Northern,3,1,1,0.646846735,1.889255258,1.170497237,0.2906036
462,98,-11.2523,144.0051,11299100104,11-299,U/N Reef,U/N Reef (11-299),Far Northern,3,1,1,0.920701667,1.174491685,0.606819608,0.300524652
463,74,-11.1218,144.0055,11300100104,11-300,U/N Reef,U/N Reef (11-300),Far Northern,3,1,0,0.401700143,1.708261537,1.058738061,0.288902231
464,98,-11.3278,144.0103,11301100104,11-301,U/N Reef,U/N Reef (11-301),Far Northern,3,1,1,0.216710341,1.155546877,0.645545232,0.289676756
465,98,-11.3426,144.0104,11302100104,11-302,U/N Reef,U/N Reef (11-302),Far Northern,3,1,1,0.206974958,1.0455466,0.244020379,0.280961114
466,166,-11.7618,144.0132,11244106104,11-244f,Great Detached Reef (No 6),U/N Reef (11-303),Far Northern,3,1,1,0.367639733,1.138482301,0.036100986,0.296671357
467,98,-11.3103,144.0136,11304100104,11-304,U/N Reef,U/N Reef (11-304),Far Northern,3,1,1,0.063702805,0.372515659,6.31414e-4,0.292999814
468,98,-11.2567,144.0153,11305100104,11-305,U/N Reef,U/N Reef (11-305),Far Northern,3,1,1,0.061425857,0.208131611,0.00188626,0.296670938
469,98,-11.303,144.0157,11306100104,11-306,U/N Reef,U/N Reef (11-306),Far Northern,3,1,1,0.24068716,0.811245088,0.024657449,0.296671358
470,98,-11.3319,144.0164,11307100104,11-307,U/N Reef,U/N Reef (11-307),Far Northern,3,1,1,0.450835837,2.056522994,1.093501329,0.294980782
471,98,-11.286,144.0176,11308100104,11-308,U/N Reef,U/N Reef (11-308),Far Northern,3,1,1,0.048566526,0.337006894,0.003242861,0.296670456
472,98,-11.3102,144.0195,11309100104,11-309,U/N Reef,U/N Reef (11-309),Far Northern,3,1,1,0.220613709,1.054599356,0.355770847,0.29967411
473,166,-11.7724,144.022,11244107104,11-244g,Great Detached Reef (No 7),U/N Reef (11-310),Far Northern,3,1,1,1.227357869,2.98648217,0.106833369,0.296671358
474,166,-11.7682,144.0271,11244108104,11-244h,Great Detached Reef (No 8),U/N Reef (11-311),Far Northern,3,1,1,0.071305853,0.306534931,0.008249778,0.296671358
475,99,-11.2926,144.0436,11312100104,11-312,U/N Reef,U/N Reef (11-312),Far Northern,3,1,1,0.018251401,0.129620957,0.030015908,0.26036947
476,99,-11.2743,144.0527,11313100104,11-313,U/N Reef,U/N Reef (11-313),Far Northern,3,1,1,0.041808119,0.237833874,0.07434536,0.26892056
477,74,-11.0909,144.0634,11314100104,11-314,U/N Reef,U/N Reef (11-314),Far Northern,3,1,0,0.117948243,0.483865614,0.08763408,0.292999814
478,58,-11.0576,143.2621,11315100104,11-315,U/N Reef,U/N Reef (11-315),Far Northern,2,1,0,0.630082942,2.667842343,0.229791493,0.173259868
479,61,-11.0134,143.5396,11316100104,11-316,U/N Reef,U/N Reef (11-316),Far Northern,2,1,0,0.343784834,1.020138182,0.058340665,0.237745432
480,62,-11.0419,143.669,11317100104,11-317,U/N Reef,U/N Reef (11-317),Far Northern,2,1,0,1.400912358,5.12009317,0.649488157,0.228214562
481,57,-11.0368,143.6852,11318100104,11-318,U/N Reef,U/N Reef (11-318),Far Northern,2,1,0,0.073394434,0.252175338,0.002340133,0.237744898
482,57,-11.0046,143.6924,11319100104,11-319,U/N Reef,U/N Reef (11-319),Far Northern,2,1,0,0.087190332,0.340328569,0.017863147,0.237745431
483,57,-11.0172,143.71,11320100104,11-320,U/N Reef,U/N Reef (11-320),Far Northern,2,1,0,0.416305424,1.423162725,0.191305235,0.228214562
484,67,-11.0631,143.7519,11321100104,11-321,U/N Reef,U/N Reef (11-321),Far Northern,2,1,0,14.95002887,1.486713279,0.269475491,0.228214562
485,67,-11.0534,143.7989,11322100104,11-322,U/N Reef,U/N Reef (11-322),Far Northern,2,1,0,2.808450152,0.115761323,9.74448e-4,0.237752113
486,67,-11.0733,143.8092,11323100104,11-323,U/N Reef,U/N Reef (11-323),Far Northern,2,1,0,1.502621279,3.318370373,0.182807536,0.237745432
487,74,-11.0796,144.0607,11324100104,11-324,U/N Reef,U/N Reef (11-324),Far Northern,3,1,0,0.306862371,1.222852198,0.188442706,0.292718937
488,131,-11.4841,142.8338,11800100104,11-800,U/N Reef,U/N Reef (11-800),Far Northern,1,1,1,1.522865721,4.599240291,2.839964861,0.273867268
489,212,-12.0292,143.3007,12001100104,12-001,Haggerston Reef,Haggerston Reef (12-001),Far Northern,2,1,0,3.802236637,11.47094132,6.769984907,0.376329522
490,236,-12.0694,143.2944,12002100104,12-002,Bannan Reef,Bannan Reef (12-002),Far Northern,2,1,0,0.069491137,0.202621419,0.001830178,0.237745897
491,224,-12.102,143.4781,12003101104,12-003a,Mason Reef,Mason Reef (12-003a),Far Northern,2,1,0,402.0366048,203.3643336,36.32432096,0.224310005
492,237,-12.1136,143.3516,12003102104,12-003b,U/N Reef,U/N Reef (12-003b),Far Northern,2,1,0,0.162415321,0.715148524,0.007560208,0.237745426
493,248,-12.1533,143.4468,12003103104,12-003c,U/N Reef,U/N Reef (12-003c),Far Northern,2,1,0,0.069606898,0.476931638,0.004792925,0.237745434
494,252,-12.1863,143.5876,12003104104,12-003d,U/N Reef,U/N Reef (12-003d),Far Northern,2,1,0,0.069420114,0.283644334,0.014607441,0.237745435
495,235,-12.0993,143.2646,12004100104,12-004,Moody Reef,Moody Reef (12-004),Far Northern,2,1,0,6.563807683,17.95907195,13.42364478,0.244267847
496,235,-12.1268,143.2185,12005100104,12-005,Young Reef,Young Reef (12-005),Far Northern,1,1,0,0.188366234,0.63687806,0.418698458,0.268364893
497,235,-12.1395,143.2764,12006100104,12-006,Laurel Reef,Laurel Reef (12-006),Far Northern,2,1,0,2.265896299,7.715067974,6.602461808,0.243965546
498,291,-12.3741,143.5459,12027103104,12-027c,Fison Reefs,Fison Reefs (12-027c),Far Northern,2,1,0,38.67232438,30.26538957,14.4545643,0.233631174
499,201,-11.9951,143.9075,12028100104,12-028,U/N Reef,U/N Reef (12-028),Far Northern,3,1,1,0.121045964,0.484051546,0.307497154,0.358503671
500,201,-11.9964,143.9106,12029100104,12-029,U/N Reef,U/N Reef (12-029),Far Northern,3,1,1,0.125380272,0.565205813,0.170229592,0.284561825
501,217,-12.111,143.6792,12030100104,12-030,U/N Reef,U/N Reef (12-030),Far Northern,2,1,0,856.0501147,98.04359958,10.06032555,0.238424507
502,234,-12.0043,143.9231,12031100104,12-031,U/N Reef,U/N Reef (12-031),Far Northern,3,1,1,2.083799286,5.755789357,2.518594001,0.285736476
503,234,-12.0221,143.9555,12032100104,12-032,U/N Reef,U/N Reef (12-032),Far Northern,3,1,1,2.669307962,4.6072027,1.054382314,0.288281432
504,233,-12.0338,143.848,12033100104,12-033,U/N Reef,U/N Reef (12-033),Far Northern,3,1,1,0.723671849,3.070555478,1.046262564,0.28830727
505,233,-12.0384,143.8719,12034100104,12-034,U/N Reef,U/N Reef (12-034),Far Northern,3,1,1,3.743278583,9.187619721,4.087181531,0.284714744
506,234,-12.0467,143.8966,12035100104,12-035,U/N Reef,U/N Reef (12-035),Far Northern,3,1,1,0.288853525,1.332304844,0.228334057,0.275565602
507,233,-12.0417,143.8326,12036100104,12-036,U/N Reef,U/N Reef (12-036),Far Northern,3,1,0,2.000301323,6.733135708,3.096431148,0.289683624
508,234,-12.0651,143.9646,12037100104,12-037,Wishbone Reef,Wishbone Reef (12-037),Far Northern,3,1,1,15.69277887,26.89457707,14.13460067,0.308269928
509,234,-12.0541,143.9092,12038101104,12-038a,U/N Reef,U/N Reef (12-038a),Far Northern,3,1,1,2.194899017,5.871392598,2.501109372,0.289239373
510,234,-12.0577,143.9329,12038102104,12-038b,U/N Reef,U/N Reef (12-038b),Far Northern,3,1,1,0.107957108,0.319429468,0.192645952,0.271239218
511,233,-12.0515,143.8175,12039100104,12-039,U/N Reef,U/N Reef (12-039),Far Northern,3,1,0,0.682743873,2.93444466,1.513674283,0.293213295
512,233,-12.0723,143.8114,12040100104,12-040,U/N Reef,U/N Reef (12-040),Far Northern,3,1,0,4.505313694,10.98107554,4.211526327,0.289034787
513,227,-12.0576,143.549,12041100104,12-041,U/N Reef,U/N Reef (12-041),Far Northern,2,1,0,0.613069758,1.313719247,0.110423308,0.259326112
514,233,-12.0951,143.8037,12042100104,12-042,U/N Reef,U/N Reef (12-042),Far Northern,3,1,0,1.253596395,4.655048673,2.728529823,0.289478656
515,255,-12.12,143.808,12043101104,12-043a,Martha Ridgway Reef (North),Martha Ridgway Reef (North) (12-043a),Far Northern,3,1,0,3.082373577,8.972601997,3.681035392,0.294441695
516,255,-12.1447,143.8109,12043102104,12-043b,Martha Ridgway Reef (South),Martha Ridgway Reef (South) (12-043b),Far Northern,3,1,0,2.61407593,7.809971292,3.654802645,0.288665451
517,260,-12.251,143.2395,12012100104,12-012,Piper Reef,Piper Reef (12-012),Far Northern,2,1,0,5.092000107,12.87749028,10.13581385,0.244353799
518,260,-12.2472,143.2749,12013100104,12-013,Inset Reef,Inset Reef (12-013),Far Northern,2,1,0,2.600886328,7.967538034,6.202075495,0.244753821
519,260,-12.2716,143.2997,12014100104,12-014,Hazel Reef,Hazel Reef (12-014),Far Northern,2,1,0,1.931593035,6.004052767,4.839572038,0.244547354
520,256,-12.2865,143.1257,12015100104,12-015,Ada Reef,Ada Reef (12-015),Far Northern,1,1,1,0.141779946,0.013090231,8.4e-5,0.267191367
521,269,-12.309,143.4293,12016101104,12-016a,Gallon Reef,Gallon Reef (12-016a),Far Northern,2,1,0,261.1408501,281.53568310000003,49.54820555,0.315791892
522,279,-12.2968,143.4063,12016102104,12-016b,Forbes Islands Reef,Forbes Islands Reef (12-016b),Far Northern,2,1,0,1.575161892,5.238528771,3.939871965,0.262051632
523,263,-12.2453,143.5132,12016103104,12-016c,U/N Reef,U/N Reef (12-016c),Far Northern,2,1,0,109.1747334,86.04419253,25.47290427,0.248402256
524,260,-12.3054,143.1829,12017100104,12-017,Lion Reef,Lion Reef (12-017),Far Northern,1,1,1,0.160467483,0.082160156,6.63175e-4,0.267194589
525,260,-12.3119,143.1972,12018100104,12-018,Daniell Reef,Daniell Reef (12-018),Far Northern,1,1,1,0.342681008,0.673554223,0.317530794,0.273867268
526,278,-12.3305,143.344,12019100104,12-019,North Pint Patch,North Pint Patch (12-019),Far Northern,2,1,0,0.121301619,0.44345853,0.023887687,0.237745436
527,288,-12.3509,143.3584,12020100104,12-020,South Pint Patch,South Pint Patch (12-020),Far Northern,2,1,0,0.155616073,0.541243327,0.02967931,0.237745432
528,278,-12.3551,143.2421,12021100104,12-021,Andrew Reef,Andrew Reef (12-021),Far Northern,1,1,0,0.444061624,0.15433737,0.001346854,0.267192724
529,278,-12.3635,143.2158,12022100104,12-022,U/N Reef,U/N Reef (12-022),out,1,1,0,6.975589823,18.97219734,10.1133828,0.273867268
530,278,-12.389,143.2736,12023100104,12-023,Kangaroo Shoals,Kangaroo Shoals (12-023),Far Northern,1,1,0,4.323739974,4.062774105,1.926351548,0.273867268
531,290,-12.3849,143.4818,12024100104,12-024,U/N Reef,U/N Reef (12-024),Far Northern,2,1,0,6.270478496,12.89670446,2.608125066,0.228529518
532,297,-12.4331,143.284,12025100104,12-025,U/N Reef,U/N Reef (12-025),Far Northern,1,1,1,0.219218069,0.675063861,0.447044755,0.273867268
533,297,-12.4395,143.361,12026100104,12-026,Kemp Rocks Reef,Kemp Rocks Reef (12-026),Far Northern,2,1,0,0.280044003,0.866018532,0.049123145,0.237745431
534,299,-12.4231,143.4986,12027100104,12-027b,Quoin Reef,Quoin Reef (12-027),Far Northern,2,1,0,31.16362901,57.90526485,10.71475753,0.249367006
535,298,-12.4735,143.4759,12027101104,12-027a,Eel Reef,Eel Reef (12-027a),Far Northern,2,1,0,143.6436221,140.4775662,38.86358698,0.264156008
536,310,-12.5587,143.5296,12096100104,12-096,Dolphin Reef,Dolphin Reef (12-096),Far Northern,2,1,0,2.136643971,2.140857682,0.417378094,0.214301886
537,316,-12.5768,143.7855,12097100104,12-097,U/N Reef,U/N Reef (12-097),Far Northern,3,1,0,1.048837496,3.404571711,0.987113499,0.276776686
538,316,-12.5821,143.7945,12098100104,12-098,Second Small Reef,Second Small Reef (12-098),Far Northern,3,1,0,1.438728108,4.822451422,1.890551093,0.282886034
539,316,-12.5835,143.8663,12099100104,12-099,Southern Small Detached Reef,Southern Small Detached Reef (12-099),Far Northern,3,1,1,3.35836758,9.360849399,3.804735462,0.289637138
540,308,-12.6143,143.7142,12100100104,12-100,U/N Reef,U/N Reef (12-100),Far Northern,2,1,1,342.1285438,2.401854081,1.138942824,0.21792015
541,316,-12.5993,143.8108,12101100104,12-101,U/N Reef,U/N Reef (12-101),Far Northern,3,1,0,5.267303724,12.24153709,4.445635288,0.289620977
542,255,-12.1719,143.7845,12044100104,12-044,U/N Reef,U/N Reef (12-044),Far Northern,3,1,0,0.032946757,0.239364644,0.139245298,0.295867879
543,255,-12.1583,143.7897,12045100104,12-045,U/N Reef,U/N Reef (12-045),Far Northern,3,1,0,0.627038151,2.4544316,1.776576752,0.287133636
544,255,-12.1717,143.8052,12046100104,12-046,U/N Reef,U/N Reef (12-046),Far Northern,3,1,0,0.556882358,2.389328962,1.853098387,0.301843466
545,268,-12.1943,143.7908,12047100104,12-047,U/N Reef,U/N Reef (12-047),Far Northern,3,1,0,0.199837631,0.274705124,0.002576368,0.296671776
546,268,-12.1941,143.7806,12048100104,12-048,U/N Reef,U/N Reef (12-048),Far Northern,3,1,0,0.802003753,2.487503953,1.671469945,0.29229005
547,268,-12.2049,143.8103,12049100104,12-049,U/N Reef,U/N Reef (12-049),Far Northern,3,1,0,0.850110536,1.369823522,0.624740341,0.299064811
548,268,-12.2101,143.822,12050100104,12-050,U/N Reef,U/N Reef (12-050),Far Northern,3,1,0,0.084634685,0.351677276,0.009628631,0.296671361
549,268,-12.2084,143.7943,12051100104,12-051,U/N Reef,U/N Reef (12-051),Far Northern,3,1,0,0.695942628,2.725580109,1.440337815,0.285071338
550,277,-12.2222,143.853,12052101104,12-052a,William Reef (East),William Reef (East) (12-052a),Far Northern,3,1,1,0.078254807,0.421852504,0.263416968,0.282515325
551,277,-12.221,143.8499,12052102104,12-052b,William Reef (West),William Reef (West) (12-052b),Far Northern,3,1,1,0.059074139,0.238000258,0.126903187,0.27190016
552,268,-12.2226,143.8192,12053100104,12-053,Henry Reef,Henry Reef (12-053),Far Northern,3,1,0,0.181371828,0.816423203,0.528402624,0.284252162
553,277,-12.2405,143.8742,12054100104,12-054,Lloyds Reef,Lloyds Reef (12-054),Far Northern,3,1,1,0.04266599,0.196454628,0.111495692,0.308537395
554,277,-12.2429,143.8996,12055101104,12-055a,U/N Reef,U/N Reef (12-055a),Far Northern,3,1,1,0.094258351,0.321623019,0.194134871,0.274620409
555,277,-12.2469,143.8903,12055102104,12-055b,U/N Reef,U/N Reef (12-055b),Far Northern,3,1,1,0.062608872,0.269044127,0.158814259,0.283076881
556,293,-12.288,143.8982,12056100104,12-056,Mantis Reef,Mantis Reef (12-056),Far Northern,3,1,1,28.02066489,44.77890251,25.83813553,0.30248518
557,284,-12.315,143.6431,12057100104,12-057,U/N Reef,U/N Reef (12-057),Far Northern,2,1,0,16.62763142,22.70967388,0.659081935,0.237745432
558,293,-12.3404,143.827,12058100104,12-058,Ferguson Reef,Ferguson Reef (12-058),Far Northern,3,1,0,7.136037365,15.10824269,8.418778647,0.288432907
559,293,-12.3641,143.7912,12059100104,12-059,U/N Reef,U/N Reef (12-059),Far Northern,3,1,0,6.638844696,14.51717587,5.891229638,0.291022195
560,295,-12.3815,143.6105,12060100104,12-060,U/N Reef,U/N Reef (12-060),Far Northern,2,1,0,21.87063311,28.2785666,0.729482131,0.237745432
561,296,-12.3844,143.7571,12061100104,12-061,Lagoon Reef,Lagoon Reef (12-061),Far Northern,3,1,0,17.42632059,17.30078477,9.948410249,0.288786321
562,296,-12.4118,143.7471,12062100104,12-062,U/N Reef,U/N Reef (12-062),Far Northern,3,1,0,3.726710413,9.025511604,3.058528459,0.299282092
563,296,-12.4119,143.7664,12063100104,12-063,U/N Reef,U/N Reef (12-063),Far Northern,3,1,0,0.69974085,2.686816776,1.337491421,0.29194649
564,295,-12.4026,143.6334,12064100104,12-064,U/N Reef,U/N Reef (12-064),Far Northern,2,1,0,0.430679131,1.221449375,0.070288087,0.237745433
565,295,-12.4226,143.568,12065100104,12-065,U/N Reef,U/N Reef (12-065),Far Northern,2,1,0,0.075680886,0.381590936,0.23530754,0.216181937
566,295,-12.4168,143.6321,12066100104,12-066,U/N Reef,U/N Reef (12-066),Far Northern,2,1,0,3.915070678,7.140766172,0.334748593,0.237745432
567,293,-12.4151,143.8464,12067100104,12-067,Northern Small Detached Reef,Northern Small Detached Reef (12-067),Far Northern,3,1,1,0.151622189,0.850098211,0.46300204,0.271257511
568,296,-12.4371,143.7513,12068100104,12-068,U/N Reef,U/N Reef (12-068),Far Northern,3,1,0,4.340670675,11.98179213,3.93769848,0.29445915
569,309,-12.4656,143.7627,12069100104,12-069,U/N Reef,U/N Reef (12-069),Far Northern,3,1,0,5.19004822,11.65941606,4.290786947,0.293419486
570,309,-12.4835,143.7587,12070100104,12-070,U/N Reef,U/N Reef (12-070),Far Northern,3,1,0,0.293648598,1.276398792,0.915319511,0.271101761
571,309,-12.4888,143.7714,12071100104,12-071,U/N Reef,U/N Reef (12-071),Far Northern,3,1,0,2.597302493,6.369827892,2.912033525,0.285297526
572,301,-12.5189,143.3901,12072100104,12-072,Middle Reef,Middle Reef (12-072),Far Northern,1,1,0,1.115224513,2.692683206,1.919944724,0.273867268
573,297,-12.5131,143.2902,12073100104,12-073,Pigeon Reef,Pigeon Reef (12-073),Far Northern,1,1,1,0.441997019,2.101886813,0.685560187,0.273867268
574,301,-12.5556,143.3226,12075100104,12-075,U/N Reef,U/N Reef (12-075),Far Northern,1,1,1,4.73201736,10.19981012,9.402748756,0.273865021
575,305,-12.5863,143.3901,12076100104,12-076,Rocky Island Reef,Rocky Island Reef (12-076),Far Northern,1,1,0,3.643346083,8.366420716,7.292009895,0.273867268
576,310,-12.6125,143.4349,12077100104,12-077,U/N Reef,U/N Reef (12-077),Far Northern,1,1,0,0.843463677,3.122837053,1.466494298,0.273867268
577,310,-12.6233,143.4467,12078100104,12-078,Restoration Island Reef,Restoration Island Reef (12-078),Far Northern,1,1,0,0.839843636,2.096744111,0.198863813,0.273867268
578,310,-12.6488,143.4181,12080100104,12-080,U/N Reef,U/N Reef (12-080),Far Northern,1,1,0,2.793297555,7.55623082,6.050809816,0.273867268
579,317,-12.6584,143.4499,12081100104,12-081,Edward Shoal,Edward Shoal (12-081),Far Northern,1,1,0,0.268064469,0.63919327,0.206899504,0.273867268
580,310,-12.6624,143.4223,12082100104,12-082,U/N Reef,U/N Reef (12-082),Far Northern,1,1,0,0.116309441,0.498125014,0.005032996,0.267196339
581,317,-12.7118,143.3956,12083100104,12-083,U/N Reef,U/N Reef (12-083),Far Northern,1,1,0,0.310438634,0.567538946,0.366784769,0.273867268
582,336,-12.7546,143.3976,12084100104,12-084,Lloyd Island Reef,Lloyd Island Reef (12-084),Far Northern,1,1,0,2.046405088,0.702150585,0.310667746,0.273867268
583,327,-12.7551,143.4815,12085100104,12-085,Hazelgrove Reefs,Hazelgrove Reefs (12-085),Far Northern,1,1,0,0.842811663,0.757842003,0.008069795,0.267194808
584,336,-12.7782,143.4662,12086100104,12-086,May Reef,May Reef (12-086),Far Northern,1,1,0,0.253072684,1.287668559,0.896708228,0.273867268
585,336,-12.7775,143.3689,12087100104,12-087,U/N Reef,U/N Reef (12-087),Far Northern,1,1,0,2.708977593,2.91047927,2.308508087,0.273867268
586,336,-12.7801,143.4126,12088100104,12-088,Sunter Reef,Sunter Reef (12-088),Far Northern,1,1,0,0.2957243,1.050900719,0.011657031,0.267195327
587,327,-12.7833,143.4867,12089100104,12-089,Exit Reef,Exit Reef (12-089),Far Northern,1,1,0,0.712954649,2.091011557,1.254825379,0.273867268
588,336,-12.8111,143.4417,12091100104,12-091,Waight Bank,Waight Bank (12-091),Far Northern,1,1,1,0.410813231,1.366929983,0.015669413,0.267194677
589,309,-12.5191,143.7709,12092100104,12-092,U/N Reef,U/N Reef (12-092),Far Northern,3,1,0,0.406524545,1.400507202,0.89210145,0.27339762
590,307,-12.5202,143.6049,12093100104,12-093,Bunker Reef,Bunker Reef (12-093),Far Northern,2,1,0,17.47008409,2.131151876,1.077889653,0.207850646
591,309,-12.5345,143.7937,12094100104,12-094,Long Sandy Reef,Long Sandy Reef (12-094),Far Northern,3,1,0,7.673683246,18.25340703,8.180712955,0.291647318
592,316,-12.5686,143.7783,12095100104,12-095,U/N Reef,U/N Reef (12-095),Far Northern,3,1,0,0.310546419,1.175706042,0.681872382,0.282256597
593,333,-12.848,143.6458,12122100104,12-122,Sunk Reef,Sunk Reef (12-122),Far Northern,2,2,0,2.16041213,4.19760035,0.841557962,0.236930351
594,335,-12.8683,143.7939,12123100104,12-123,U/N Reef,U/N Reef (12-123),Far Northern,2,2,0,0.780192707,1.964277083,0.112857838,0.237745432
595,333,-12.8788,143.5983,12124100104,12-124,U/N Reef,U/N Reef (12-124),Far Northern,2,2,0,0.186694388,0.951548745,0.657768328,0.248743757
596,336,-12.8864,143.5499,12125100104,12-125,Rocky Island Reef,Rocky Island Reef (12-125),Far Northern,1,2,1,0.922681889,3.731676721,0.293839789,0.273867268
597,333,-12.8786,143.6265,12126100104,12-126,Frederick Patches,Frederick Patches (12-126),Far Northern,2,2,0,3.190265533,1.237194916,0.012846313,0.228214562
598,338,-12.8938,143.8199,12127100104,12-127,U/N Reef,U/N Reef (12-127),Far Northern,3,2,0,10.41117896,20.94018717,9.585962411,0.302588673
599,333,-12.8868,143.6001,12129100104,12-129,Chapman Reef,Chapman Reef (12-129),Far Northern,2,2,0,1.047958797,4.026350622,3.304076148,0.246252966
600,337,-12.9339,143.7685,12130100104,12-130,U/N Reef,U/N Reef (12-130),Far Northern,2,2,0,45.11316148,0.067243231,5.28408e-4,0.237727613
601,336,-12.9214,143.5173,12131100104,12-131,U/N Reef,U/N Reef (12-131),Far Northern,1,2,1,17.73292122,36.58143447,14.54237599,0.273867268
602,336,-12.9271,143.5384,12132100104,12-132,Allen Reef,Allen Reef (12-132),Far Northern,1,2,1,1.676749669,5.635133184,2.138638215,0.273867268
603,333,-12.9291,143.6536,12133100104,12-133,U/N Reef,U/N Reef (12-133),Far Northern,2,2,0,0.275426627,1.387325253,1.005283641,0.203133682
604,338,-12.9337,143.824,12134100104,12-134,U/N Reef,U/N Reef (12-134),Far Northern,3,2,0,6.243621181,14.44241705,6.747843058,0.309772953
605,339,-12.9485,143.8166,12135100104,12-135,U/N Reef,U/N Reef (12-135),Far Northern,3,2,0,0.302661945,1.434250963,0.519585461,0.298562052
606,336,-12.9408,143.5475,12136100104,12-136,Hammond Reef,Hammond Reef (12-136),Far Northern,1,2,1,0.286041582,1.307645433,0.014906967,0.267194684
607,342,-12.9654,143.8286,12137100104,12-137,U/N Reef,U/N Reef (12-137),Far Northern,3,2,0,4.901704415,11.60330333,5.25050196,0.30053546
608,336,-12.9651,143.551,12138100104,12-138,U/N Reef,U/N Reef (12-138),Far Northern,1,2,1,0.177977177,0.844192021,0.009111338,0.267194887
609,339,-12.9519,143.6927,12139100104,12-139,U/N Reef,U/N Reef (12-139),Far Northern,2,2,0,0.170593419,0.980207496,0.622360537,0.229721193
610,342,-12.9842,143.8293,12141100104,12-141,U/N Reef,U/N Reef (12-141),Far Northern,3,2,0,0.753025523,2.433985856,1.262415347,0.279095413
611,311,-12.5814,143.5492,12102100104,12-102,Curd Reef,Curd Reef (12-102),Far Northern,2,1,0,23.31063512,16.34622723,9.737788154,0.257142755
612,316,-12.6174,143.8124,12103100104,12-103,U/N Reef,U/N Reef (12-103),Far Northern,3,1,0,0.234768211,0.458515164,0.175397876,0.27249852
613,316,-12.6345,143.8357,12104100104,12-104,Log Reef (North),Log Reef (North) (12-104),Far Northern,3,1,0,5.140003312,12.68654497,5.909392994,0.292250972
614,317,-12.6328,143.5634,12105100104,12-105,Burke Reef,Burke Reef (12-105),Far Northern,2,1,0,16.16056953,24.90883244,11.60988532,0.228521854
615,317,-12.662,143.5245,12106100104,12-106,Tannadice Shoal,Tannadice Shoal (12-106),Far Northern,2,1,0,0.448074957,0.854851843,0.009240923,0.237745429
616,324,-12.6845,143.8444,12107100104,12-107,Log Reef (South),Log Reef (South) (12-107),Far Northern,3,1,0,11.04485237,20.39066834,8.926856026,0.290416694
617,326,-12.6958,143.8136,12108100104,12-108,U/N Reef,U/N Reef (12-108),Far Northern,3,1,0,0.634601999,2.45902528,1.420872504,0.29595198
618,324,-12.6911,143.8225,12109100104,12-109,U/N Reef,U/N Reef (12-109),Far Northern,3,1,0,0.193155131,0.768463509,0.148162618,0.31589464
619,326,-12.7054,143.8105,12110100104,12-110,U/N Reef,U/N Reef (12-110),Far Northern,3,1,0,1.581965551,5.278051802,2.971581078,0.289151601
620,326,-12.7218,143.8079,12111100104,12-111,First Small Reef,First Small Reef (12-111),Far Northern,3,1,0,3.200887426,8.651646765,3.28193014,0.294048444
621,320,-12.6961,143.6197,12112100104,12-112,Ape Reef,Ape Reef (12-112),Far Northern,2,1,0,36.06385778,30.83858642,10.41982041,0.219425024
622,326,-12.746,143.7923,12113100104,12-113,U/N Reef,U/N Reef (12-113),Far Northern,3,1,0,0.292694094,1.299350521,0.933856515,0.274222531
623,329,-12.7575,143.8134,12114100104,12-114,U/N Reef,U/N Reef (12-114),Far Northern,3,2,0,10.65644769,22.16108624,10.7312214,0.29134945
624,327,-12.7682,143.613,12115100104,12-115,Zenith Reef,Zenith Reef (12-115),Far Northern,2,1,0,6.908844751,10.27113533,4.121770383,0.246609719
625,332,-12.7976,143.8024,12116100104,12-116,U/N Reef,U/N Reef (12-116),Far Northern,3,2,0,2.601172599,7.027024062,2.315469576,0.282214267
626,332,-12.8327,143.8356,12118100104,12-118,Bligh Reef,Bligh Reef (12-118),Far Northern,3,2,0,16.26456988,26.96627383,11.43531645,0.296457625
627,327,-12.8101,143.6153,12119100104,12-119,Wye Reef,Wye Reef (12-119),Far Northern,2,1,0,3.199149378,3.317560014,1.470366219,0.219656814
628,327,-12.815,143.546,12120100104,12-120,Lansdown Reef,Lansdown Reef (12-120),Far Northern,1,1,1,0.49501603,0.19221762,0.00172477,0.267183507
629,334,-12.8394,143.7447,12121100104,12-121,U/N Reef,U/N Reef (12-121),Far Northern,2,2,0,61.93319007,6.767460629,4.377544048,0.222695985
630,355,-13.2386,143.7395,13036100104,13-036,Throne Shoals,Throne Shoals (13-036),Far Northern,2,2,0,39.77762755,51.83755609,11.45694931,0.235762209
631,359,-13.25,143.9349,13037100104,13-037,U/N Reef,U/N Reef (13-037),Far Northern,2,2,0,0.347148121,1.331416635,0.756265059,0.203932526
632,358,-13.2575,143.6907,13038100104,13-038,U/N Reef,U/N Reef (13-038),Far Northern,2,2,0,0.46447672,0.463576245,0.00464221,0.237745428
633,360,-13.2741,143.9464,13040100104,13-040,U/N Reef,U/N Reef (13-040),Far Northern,3,2,1,4.4094597,12.30936545,4.986233006,0.296188247
634,358,-13.2761,143.6936,13041100104,13-041,Celebration Reef,Celebration Reef (13-041),Far Northern,2,2,0,9.504782769,15.40343771,5.164351161,0.221929888
635,340,-12.9947,143.7239,12142100104,12-142,U/N Reef,U/N Reef (12-142),Far Northern,2,2,0,0.40366319,0.247554264,0.144616302,0.222834067
636,343,-12.9976,143.8496,12143100104,12-143,Cat Reef,Cat Reef (12-143),Far Northern,3,2,1,7.555815864,16.33545712,7.324137051,0.298700116
637,336,-12.9855,143.5341,12144100104,12-144,U/N Reef,U/N Reef (12-144),Far Northern,1,2,1,0.730362454,1.806109167,0.021437544,0.26719468
638,344,-12.9896,143.6144,12145100104,12-145,Sherrard Reef,Sherrard Reef (12-145),Far Northern,1,2,0,1.178683333,4.497286088,3.64297974,0.269444208
639,340,-12.995,143.6884,12146100104,12-146,U/N Reef,U/N Reef (12-146),Far Northern,2,2,0,5.020126073,5.120318805,1.795046385,0.228262417
640,344,-12.9735,143.6544,12148100104,12-148,U/N Reef,U/N Reef (12-148),Far Northern,2,2,0,0.046663953,0.347903715,0.21078966,0.181337707
641,309,-12.5089,143.7684,12149100104,12-149,U/N Reef,U/N Reef (12-149),Far Northern,3,1,0,0.163617904,0.820808554,0.298991069,0.283478518
642,255,-12.1636,143.8072,12150100104,12-150,U/N Reef,U/N Reef (12-150),Far Northern,3,1,0,0.087179079,0.508457972,0.141039495,0.301800496
643,233,-12.0311,143.8871,12151100104,12-151,U/N Reef,U/N Reef (12-151),Far Northern,3,1,1,0.01026517,0.071239573,5.64659e-4,0.296673768
644,234,-12.0333,143.8972,12152100104,12-152,U/N Reef,U/N Reef (12-152),Far Northern,3,1,1,0.009748538,0.085365239,0.043654521,0.25931922
645,234,-12.0611,143.9257,12038103104,12-038c,U/N Reef,U/N Reef (12-038c),Far Northern,3,1,1,0.094237714,0.537936207,0.280588921,0.274381477
646,234,-12.0465,143.9301,12154100104,12-154,U/N Reef,U/N Reef (12-154),Far Northern,3,1,1,0.043903436,0.232047012,0.002131321,0.296670916
647,342,-13.0238,143.7915,13001100104,13-001,U/N Reef,U/N Reef (13-001),Far Northern,2,2,0,18.08095067,0.21043615,0.001909055,0.237749398
648,343,-13.0225,143.8589,13002100104,13-002,Derry Reef,Derry Reef (13-002),Far Northern,3,2,0,1.240483758,4.401840547,2.711761971,0.291779043
649,346,-13.0297,143.5399,13004100104,13-004,Wasp Reef,Wasp Reef (13-004),Far Northern,1,2,1,0.799012578,2.194517515,0.293255173,0.273867268
650,343,-13.0385,143.8717,13005100104,13-005,Ham Reef,Ham Reef (13-005),Far Northern,3,2,0,2.883739632,8.500838718,3.965445656,0.304627056
651,344,-13.0418,143.6262,13006100104,13-006,Osborne Reef,Osborne Reef (13-006),Far Northern,2,2,1,5.714073192,14.73853276,10.00639045,0.315232231
652,336,-13.0321,143.5135,13007100104,13-007,U/N Reef,U/N Reef (13-007),Far Northern,1,2,1,3.858862072,9.958448148,3.574705732,0.273867268
653,344,-13.0514,143.6431,13008100104,13-008,MacNamara Patch,MacNamara Patch (13-008),Far Northern,2,2,1,0.053265519,0.333459427,0.003204169,0.237746469
654,343,-13.0533,143.8665,13009100104,13-009,Wilsen Shoal,Wilsen Shoal (13-009),Far Northern,3,2,0,0.105164585,0.382153251,0.078068322,0.278307875
655,343,-13.0615,143.8795,13010101104,13-010a,U/N Reef,U/N Reef (13-010a),Far Northern,3,2,0,0.115694957,0.451557929,0.012755707,0.296671357
656,343,-13.0661,143.8825,13010102104,13-010b,U/N Reef,U/N Reef (13-010b),Far Northern,3,2,0,0.095421028,0.387057204,0.010725043,0.296671361
657,342,-13.0664,143.819,13011100104,13-011,U/N Reef,U/N Reef (13-011),Far Northern,2,2,0,5.700096575,9.641160258,0.409551539,0.237745432
658,346,-13.0649,143.5563,13012100104,13-012,Stork Reef,Stork Reef (13-012),Far Northern,1,2,0,1.773405609,5.586943589,4.570527789,0.27384116
659,351,-13.0765,143.5241,13013100104,13-013,U/N Reef,U/N Reef (13-013),Far Northern,1,2,0,0.417431646,2.007900322,0.229126198,0.273867268
660,344,-13.0705,143.6972,13014100104,13-014,U/N Reef,U/N Reef (13-014),Far Northern,2,2,0,31.58463189,40.16305241,11.30102002,0.233098276
661,343,-13.0758,143.8979,13015100104,13-015,Franklin Reef,Franklin Reef (13-015),Far Northern,3,2,0,1.981632759,2.875475796,1.849931535,0.280759756
662,348,-13.0793,143.9161,13016101104,13-016a,U/N Reef,U/N Reef (13-016a),Far Northern,3,2,0,0.169842879,0.461171791,0.082408914,0.243172868
663,348,-13.083,143.9216,13016102104,13-016b,U/N Reef,U/N Reef (13-016b),Far Northern,3,2,0,0.056917274,0.095381523,7.83292e-4,0.29667403
664,348,-13.0764,143.9382,13017101104,13-017a,U/N Reef,U/N Reef (13-017a),Far Northern,3,2,1,0.050958862,0.225675471,0.002065061,0.296672209
665,348,-13.0793,143.929,13017102104,13-017b,U/N Reef,U/N Reef (13-017b),Far Northern,3,2,0,0.198204822,0.79628329,0.538318233,0.264189514
666,348,-13.0793,143.9343,13017103104,13-017c,U/N Reef,U/N Reef (13-017c),Far Northern,3,2,0,0.181179021,0.329455325,0.011240209,0.302593885
667,351,-13.1106,143.5083,13019100104,13-019,U/N Reef,U/N Reef (13-019),Far Northern,1,2,0,6.004903266,16.13954173,9.634085624,0.273867268
668,351,-13.1089,143.5581,13020100104,13-020,Sykes Reef,Sykes Reef (13-020),Far Northern,1,2,0,0.144570162,0.592663669,0.006119998,0.267194285
669,347,-13.1072,143.7237,13021100104,13-021,Colclough Reef,Colclough Reef (13-021),Far Northern,2,2,0,20.75344393,25.77843602,11.30495792,0.223377735
670,346,-13.1112,143.6579,13022100104,13-022,New Reef,New Reef (13-022),Far Northern,2,2,0,21.95458462,32.65213039,8.094551941,0.228184993
671,347,-13.1387,143.7486,13023100104,13-023,Dart Shoal,Dart Shoal (13-023),Far Northern,2,2,0,0.133096627,0.477311765,0.025885959,0.237745432
672,346,-13.1521,143.6421,13024100104,13-024,Glennie Reef,Glennie Reef (13-024),Far Northern,2,2,0,0.652231503,2.335794915,1.194227159,0.219498352
673,346,-13.151,143.6158,13025100104,13-025,Waterwitch Reef,Waterwitch Reef (13-025),Far Northern,1,2,0,0.298222056,1.137449889,0.796113297,0.253955879
674,346,-13.1622,143.6608,13026100104,13-026,Gertrude Reef,Gertrude Reef (13-026),Far Northern,2,2,0,0.484727469,1.608545729,0.598044152,0.22137718
675,352,-13.1697,143.762,13027100104,13-027,Jubilee Reef,Jubilee Reef (13-027),Far Northern,2,2,0,2.492596289,7.283814038,3.464226177,0.22643437
676,348,-13.1596,143.9591,13028100104,13-028,Tijou Reef,Tijou Reef (13-028),Far Northern,3,2,1,44.00689496,59.5381433,39.75579462,0.309004973
677,351,-13.1712,143.5225,13029100104,13-029,U/N Reef,U/N Reef (13-029),Far Northern,1,2,0,4.56976454,13.18694113,5.515887332,0.273867268
678,351,-13.1766,143.5508,13030100104,13-030,U/N Reef,U/N Reef (13-030),Far Northern,1,2,0,5.063290606,11.57327225,7.094079247,0.273867268
679,351,-13.1837,143.5739,13031100104,13-031,Night Reef,Night Reef (13-031),Far Northern,1,2,1,0.862649602,2.502930646,1.711088727,0.273855484
680,353,-13.2045,143.6945,13032100104,13-032,Diamond Reign Reefs,Diamond Reign Reefs (13-032),Far Northern,2,2,0,21.36179689,28.41026307,1.69194312,0.226185118
681,349,-13.1961,143.8765,13033100104,13-033,U/N Reef,U/N Reef (13-033),Far Northern,2,2,0,117.5640579,1.784131167,0.821153953,0.220729259
682,351,-13.218,143.5706,13034100104,13-034,Binstead Reef,Binstead Reef (13-034),Far Northern,1,2,0,0.583248087,2.125126251,1.401229173,0.272543361
683,352,-13.1864,143.8101,13035100104,13-035,U/N Reef,U/N Reef (13-035),Far Northern,2,2,0,2.965234752,5.715778826,0.284570012,0.237745432
684,618,-17.2286,146.4837,17014100104,17-014,Hedley Reef,Hedley Reef (17-014),Cairns/Cooktown,2,5,1,39.84461091,28.57770517,13.98782676,0.221273587
685,619,-17.2795,146.3029,17015100104,17-015,Jackson Patches,Jackson Patches (17-015),Cairns/Cooktown,2,5,0,7.166695351,16.56885161,3.837290392,0.231327294
686,664,-18.004,146.8386,18016100104,18-016,Virginia Chadwick Reef,U/N Reef (18-016),Townsville/Whitsunday,3,6,1,6.864039527,6.225969289,4.997241667,0.296462755
687,664,-18.032,146.7851,18017100104,18-017,Reg Ward Reef,Reg Ward Reef (18-017),Townsville/Whitsunday,2,6,1,3.144294615,6.778575238,5.21165571,0.225508797
688,659,-18.0522,146.5589,18018100104,18-018,Otter Reef,Otter Reef (18-018),Townsville/Whitsunday,2,5,0,151.5921732,195.3034342,34.02503292,0.290196901
689,542,-16.1234,145.6872,16020101104,16-020a,Undine Reef (West),Undine Reef (West) (16-020a),Cairns/Cooktown,2,4,0,34.95758267,51.66472724,24.44474028,0.268043972
690,542,-16.1172,145.7754,16020102104,16-020b,Undine Reef (East),Undine Reef (East) (16-020b),Cairns/Cooktown,3,4,0,19.069976,10.36491059,5.859562847,0.31612253
691,545,-16.1743,145.6453,16022101104,16-022a,U/N Reef,U/N Reef (16-022a),Cairns/Cooktown,2,4,0,0.245511554,0.645825173,0.006740898,0.237745427
692,545,-16.184,145.6371,16022102104,16-022b,U/N Reef,U/N Reef (16-022b),Cairns/Cooktown,2,4,0,0.209007424,1.045577848,0.372163269,0.229118226
693,546,-16.1922,145.6934,16023100104,16-023,Rudder Reef,Rudder Reef (16-023),Cairns/Cooktown,2,4,0,48.89417921,69.4038493,30.67339796,0.258362132
694,547,-16.2131,145.7916,16024100104,16-024,Chinaman Reef,Chinaman Reef (16-024),Cairns/Cooktown,2,4,0,7.357053522,13.42174618,7.36980425,0.232325169
695,597,-16.8743,146.213,16071100104,16-071,Moore Reef,Moore Reef (16-071),Cairns/Cooktown,2,5,1,43.02953485,48.71651578,23.42758444,0.251513957
696,598,-16.8769,146.3889,16072100104,16-072,North West Reef,North West Reef (16-072),Cairns/Cooktown,3,5,1,10.82269594,5.371989531,2.453498743,0.295761119
697,600,-16.9116,146.2486,16073100104,16-073,Elford Reef,Elford Reef (16-073),Cairns/Cooktown,2,5,0,39.67886957,56.01427548,25.89282627,0.232374827
698,605,-16.938,146.2067,16074100104,16-074,Briggs Reef,Briggs Reef (16-074),Cairns/Cooktown,2,5,1,1.207248396,4.179871093,2.413437281,0.219447781
699,603,-16.9447,146.4448,16075100104,16-075,Channel Reef,Channel Reef (16-075),Cairns/Cooktown,3,5,0,13.22655963,8.802130187,6.841415228,0.288778872
700,606,-16.9692,146.4844,16076100104,16-076,U/N Reef,U/N Reef (16-076),Cairns/Cooktown,3,5,0,0.712006093,1.92792473,0.065294765,0.296671358
701,620,-17.2879,146.4417,17016101104,17-016a,McCulloch Reef (No 1),McCulloch Reef (No 1) (17-016a),Cairns/Cooktown,2,5,0,26.25511903,40.40522273,18.81804058,0.257446077
702,621,-17.275,146.4657,17016102104,17-016b,McCulloch Reef (No 2),McCulloch Reef (No 2) (17-016b),Cairns/Cooktown,2,5,0,0.054215122,0.207810829,0.001881421,0.237746556
703,622,-17.302,146.3596,17017100104,17-017,Gibson Reef,Gibson Reef (17-017),Cairns/Cooktown,2,5,0,46.227722730000004,65.24280178,26.99051224,0.260325921
704,625,-17.3939,146.3851,17018101104,17-018a,Howie Reef,Howie Reef (17-018a),Cairns/Cooktown,2,5,0,86.4850857,98.086249,18.01990452,0.242840866
705,665,-18.0601,146.8531,18019100104,18-019,Barnett Patches,Barnett Patches (18-019),Townsville/Whitsunday,2,6,1,48.21586424,27.66139195,22.86722376,0.237400394
706,668,-18.0837,146.7866,18020100104,18-020,Duncan Reef,Duncan Reef (18-020),Townsville/Whitsunday,2,6,1,22.3437708,13.73532426,9.351115071,0.242236252
707,668,-18.1066,146.7482,18021100104,18-021,U/N Reef,U/N Reef (18-021),Townsville/Whitsunday,2,6,1,1.770831304,1.784562772,1.296923919,0.245627659
708,668,-18.117,146.7663,18022100104,18-022,Felicity Wishart Reef,U/N Reef (18-022),Townsville/Whitsunday,2,6,1,7.435174923,11.43341988,9.072942388,0.242571224
709,549,-16.2209,145.8897,16025100104,16-025,Opal Reef,Opal Reef (16-025),Cairns/Cooktown,3,4,1,28.54981742,36.44835945,23.41565258,0.306716884
710,559,-16.3209,145.7926,16026100104,16-026,Tongue Reef,Tongue Reef (16-026),Cairns/Cooktown,2,4,0,260.1794521,256.6848112,77.68063823,0.255381568
711,563,-16.352,145.7649,16027100104,16-027,U/N Reef,U/N Reef (16-027),Cairns/Cooktown,2,4,0,5.45257336,14.92942733,4.095750397,0.256669453
712,567,-16.3863,145.5643,16028100104,16-028,Low Islands Reef,Low Islands Reef (16-028),Cairns/Cooktown,1,4,1,2.343717549,5.876374923,4.062540884,0.265908821
713,606,-16.976,146.4488,16077100104,16-077,U/N Reef,U/N Reef (16-077),Cairns/Cooktown,3,5,0,7.112703352,1.670972836,0.371165437,0.292999814
714,606,-16.9853,146.4848,16078100104,16-078,U/N Reef,U/N Reef (16-078),Cairns/Cooktown,3,5,0,0.664845382,1.825070179,0.061389131,0.296671358
715,606,-16.9936,146.5151,16079100104,16-079,Outer Shoal,Outer Shoal (16-079),Cairns/Cooktown,3,5,0,2.378119559,0.540397035,0.070921798,0.292999814
716,577,-16.5548,145.5531,16080100104,16-080,Korea Reef,Korea Reef (16-080),Cairns/Cooktown,1,4,0,2.089809315,1.265642766,0.014369379,0.267194688
717,577,-16.56,145.5302,16081100104,16-081,Yule Reef,Yule Reef (16-081),Cairns/Cooktown,1,4,0,0.111339622,0.611371682,0.399881692,0.269652024
718,577,-16.5937,145.532,16082100104,16-082,Garioch Reef,Garioch Reef (16-082),Cairns/Cooktown,1,4,0,0.204911872,1.136390388,0.803168251,0.272566074
719,541,-16.0825,145.4722,16083100104,16-083,U/N Reef,U/N Reef (16-083),Cairns/Cooktown,1,4,0,0.048198672,0.355547433,0.21731904,0.271420609
720,541,-16.0842,145.4704,16084100104,16-084,U/N Reef,U/N Reef (16-084),Cairns/Cooktown,1,4,0,0.011634421,0.1139255,0.060399953,0.273867268
721,624,-17.3875,146.3393,17018102104,17-018b,Arthur Patches,Arthur Patches (17-018b),Cairns/Cooktown,2,5,0,4.197702717,9.452929311,0.564993495,0.229524604
722,630,-17.4458,146.4789,17020101104,17-020a,U/N Reef,U/N Reef (17-020a),Cairns/Cooktown,2,5,0,0.522759778,1.377882426,0.328006928,0.231692959
723,630,-17.429,146.4604,17020102104,17-020b,U/N Reef,U/N Reef (17-020b),Cairns/Cooktown,2,5,0,0.126097551,0.142216029,0.05266281,0.228214562
724,630,-17.454,146.4548,17021101104,17-021a,U/N Reef,U/N Reef (17-021a),Cairns/Cooktown,2,5,0,0.407080025,1.537050334,0.938690475,0.230332597
725,630,-17.448,146.463,17021102104,17-021b,U/N Reef,U/N Reef (17-021b),Cairns/Cooktown,2,5,0,0.018043825,0.096270036,0.004379521,0.237745337
726,630,-17.4768,146.4572,17023100104,17-023,Cayley Reef,Cayley Reef (17-023),Cairns/Cooktown,2,5,0,9.26864796,17.97887241,8.339088038,0.231374349
727,669,-18.1335,146.9667,18023100104,18-023,U/N Reef,U/N Reef (18-023),Townsville/Whitsunday,3,6,0,4.308739862,6.537669211,4.933666404,0.290009305
728,672,-18.2298,146.7215,18024100104,18-024,Britomart Reef,Britomart Reef (18-024),Townsville/Whitsunday,2,6,0,142.7706851,173.66378220000001,75.16781033,0.316953029
729,677,-18.261,146.8981,18025100104,18-025,U/N Reef,U/N Reef (18-025),Townsville/Whitsunday,2,6,1,4.79099568,9.496762724,5.918603153,0.22046779
730,568,-16.4141,145.7675,16029100104,16-029,Batt Reef,Batt Reef (16-029),Cairns/Cooktown,2,4,0,140.9539392,171.4378048,111.4992494,0.384725762
731,576,-16.4281,145.9967,16030100104,16-030,Norman Reef,Norman Reef (16-030),Cairns/Cooktown,3,4,1,5.286730369,11.14554884,7.917379161,0.28607356
732,572,-16.4405,145.6873,16031100104,16-031,Satellite Reef,Satellite Reef (16-031),Cairns/Cooktown,2,4,0,0.894726563,2.768215124,0.244159125,0.23225842
733,576,-16.4651,145.9903,16032100104,16-032,Saxon Reef,Saxon Reef (16-032),Cairns/Cooktown,2,4,1,2.870825946,5.398103753,3.88627252,0.223547426
734,566,-16.3065,146.0025,16033100104,16-033,Linden Bank,Linden Bank (16-033),Cairns/Cooktown,3,4,0,3.397931885,0.012589262,0.00506802,0.292999814
735,575,-16.4046,146.0461,16034100104,16-034,Spur Reef,Spur Reef (16-034),Cairns/Cooktown,3,4,0,2.420995782,5.556008714,2.61830057,0.294909376
736,541,-16.0876,145.4689,16085100104,16-085,U/N Reef,U/N Reef (16-085),Cairns/Cooktown,1,4,0,0.11651963,0.660013499,0.4358479,0.273867268
737,550,-16.2063,145.4584,16086100104,16-086,U/N Reef,U/N Reef (16-086),Cairns/Cooktown,1,4,0,0.120583908,0.511461166,0.005185191,0.267193514
738,550,-16.2461,145.4763,16087100104,16-087,U/N Reef,U/N Reef (16-087),out,1,4,0,1.155622577,3.119094015,0.039638761,0.267194681
739,555,-16.3532,145.4232,16088100104,16-088,U/N Reef,U/N Reef (16-088),Cairns/Cooktown,1,4,0,0.251381908,0.920574169,0.010043753,0.267195468
740,629,-17.4823,146.3911,17024100104,17-024,Peart Reef,Peart Reef (17-024),Cairns/Cooktown,2,5,0,16.63261164,31.73398704,13.34563811,0.235383555
741,618,-17.1002,146.4934,17025100104,17-025,U/N Reef,U/N Reef (17-025),Cairns/Cooktown,3,5,0,10.26324922,5.260772908,2.708741303,0.290178132
742,618,-17.139,146.5706,17026100104,17-026,U/N Reef,U/N Reef (17-026),Cairns/Cooktown,3,5,0,0.910592474,2.347223393,0.081475258,0.296671358
743,618,-17.191,146.5418,17027100104,17-027,Raaf Shoals,Raaf Shoals (17-027),Cairns/Cooktown,2,5,1,9.354037921,1.331845079,0.608010343,0.228214562
744,621,-17.266,146.5458,17028100104,17-028,Publican Shoals (North),Publican Shoals (North) (17-028),Cairns/Cooktown,3,5,1,1.042410404,2.7352518,1.995438585,0.29486015
745,621,-17.2619,146.6087,17029101104,17-029a,Mustard Patches (North),Mustard Patches (North) (17-029a),Cairns/Cooktown,3,5,0,2.066922202,4.522217152,0.170381455,0.296671358
746,626,-17.2864,146.6104,17029102104,17-029b,Mustard Patches (South),Mustard Patches (South) (17-029b),Cairns/Cooktown,3,5,0,2.194946788,1.979370431,1.317167466,0.30025842
747,679,-18.325,146.7446,18026100104,18-026,Walker Reef,Walker Reef (18-026),Townsville/Whitsunday,2,6,0,27.90930519,48.40594416,17.31868337,0.280235856
748,684,-18.3541,146.8318,18027100104,18-027,Trunk Reef,Trunk Reef (18-027),Townsville/Whitsunday,2,6,0,121.5994544,143.0618811,65.86026004,0.303368711
749,683,-18.3866,146.7626,18028100104,18-028,U/N Reef,U/N Reef (18-028),Townsville/Whitsunday,2,6,0,1.646207688,3.561175164,0.19430896,0.237745433
750,686,-18.4082,146.7062,18029100104,18-029,Bramble Reef,Bramble Reef (18-029),Townsville/Whitsunday,2,6,0,62.99010616,98.82958578,26.01029054,0.246524006
751,693,-18.4365,146.9901,18030100104,18-030,Kelso Reef,Kelso Reef (18-030),Townsville/Whitsunday,2,6,1,12.85636785,17.20908797,11.72863023,0.277619135
752,698,-18.4691,146.9931,18031100104,18-031,Little Kelso Reef,Little Kelso Reef (18-031),Townsville/Whitsunday,2,6,1,4.699463335,9.955081824,4.647379832,0.273161502
753,575,-16.4392,146.0662,16035100104,16-035,Onyx Reef,Onyx Reef (16-035),Cairns/Cooktown,3,4,0,0.865887166,1.428250873,0.730931029,0.30025842
754,575,-16.4935,146.1013,16036100104,16-036,Nicholas Reef,Nicholas Reef (16-036),Cairns/Cooktown,3,4,0,1.424854292,2.447770569,1.303987022,0.30025842
755,577,-16.5172,145.5234,16037100104,16-037,Wentworth Reef,Wentworth Reef (16-037),Cairns/Cooktown,1,4,0,1.049138933,2.188937198,1.67919256,0.273470242
756,577,-16.5225,145.5365,16038100104,16-038,Egmont Reef,Egmont Reef (16-038),Cairns/Cooktown,1,4,0,0.106750996,0.548722939,0.001717746,0.263837962
757,577,-16.5317,145.4974,16039101104,16-039a,Alexandra Reefs (No 1),Alexandra Reefs (No 1) (16-039a),Cairns/Cooktown,1,4,0,5.38113988,12.56220326,11.36368175,0.273028126
758,577,-16.5591,145.5073,16039102104,16-039b,Alexandra Reefs (No 2),Alexandra Reefs (No 2) (16-039b),Cairns/Cooktown,1,4,0,4.117437834,11.94787099,9.598846698,0.273793914
759,574,-16.547,145.8625,16040100104,16-040,Pixie Reef,Pixie Reef (16-040),Cairns/Cooktown,2,4,0,0.609122237,2.617637088,1.954420942,0.220126291
760,581,-16.5433,145.9533,16041100104,16-041,Jorgensen Patch,Jorgensen Patch (16-041),Cairns/Cooktown,2,4,0,0.556852614,1.298361054,0.732901869,0.226388933
761,577,-16.6076,145.5318,16089100104,16-089,U/N Reef,U/N Reef (16-089),Cairns/Cooktown,1,4,0,0.177984752,1.00815948,0.70195364,0.273867268
762,577,-16.6159,145.539,16090100104,16-090,U/N Reef,U/N Reef (16-090),Cairns/Cooktown,1,4,1,0.022718205000000002,0.186880524,0.105401693,0.273867268
763,588,-16.6877,145.5845,16091100104,16-091,U/N Reef,U/N Reef (16-091),Cairns/Cooktown,1,4,0,0.024499586,0.14291261,0.001236007,0.267191616
764,588,-16.695,145.607,16092100104,16-092,U/N Reef,U/N Reef (16-092),Cairns/Cooktown,1,4,0,0.25684876,0.936438748,0.01023878,0.267195055
765,588,-16.7055,145.629,16093100104,16-093,U/N Reef,U/N Reef (16-093),out,1,4,0,0.029567037,0.166103068,0.001462549,0.267198912
766,601,-16.8653,145.9155,16095100104,16-095,U/N Reef,U/N Reef (16-095),out,1,4,0,5.71974e-4,0.005837812,0.00213486,0.273867268
767,621,-17.3102,146.544,17030100104,17-030,Publican Shoals (South),Publican Shoals (South) (17-030),Cairns/Cooktown,3,5,0,2.283314385,3.693810223,1.98684014,0.287301819
768,626,-17.3542,146.5346,17031100104,17-031,U/N Reef,U/N Reef (17-031),Cairns/Cooktown,3,5,0,2.443282208,4.737074243,2.580675808,0.291143186
769,626,-17.4205,146.551,17032100104,17-032,Wardle Reef,Wardle Reef (17-032),Cairns/Cooktown,3,5,0,12.21015058,23.27969,18.86069606,0.290241445
770,626,-17.4428,146.5092,17033100104,17-033,U/N Reef,U/N Reef (17-033),Cairns/Cooktown,3,5,0,0.218738822,1.088238474,0.688184808,0.301654598
771,631,-17.5329,146.3772,17034100104,17-034,Feather Reef,Feather Reef (17-034),Cairns/Cooktown,2,5,1,17.68937853,32.77351469,8.680150474,0.250504359
772,632,-17.5247,146.5178,17035100104,17-035,Nathan Reef,Nathan Reef (17-035),Cairns/Cooktown,2,5,1,45.91131254,44.76497902,25.7930399,0.22588023
773,526,-15.7748,145.3673,15059102104,15-059b,U/N Reef,U/N Reef (15-059b),Cairns/Cooktown,1,3,1,0.485923899,1.990542566,1.508971162,0.27348967
774,526,-15.7069,145.4295,15060100104,15-060,Ottaway Patch,Ottaway Patch (15-060),Cairns/Cooktown,1,3,0,0.018773863,0.115513876,9.72067e-4,0.267202696
775,526,-15.7063,145.4385,15061100104,15-061,Stonor Patch,Stonor Patch (15-061),Cairns/Cooktown,1,3,0,0.022418834,0.133130888,0.001141343,0.267190345
776,526,-15.7099,145.405,15062100104,15-062,Delius Patch,Delius Patch (15-062),Cairns/Cooktown,1,3,0,0.024494306,0.142906144,0.001236007,0.267191616
777,526,-15.7095,145.3954,15063100104,15-063,Gubbins Reef,Gubbins Reef (15-063),Cairns/Cooktown,1,3,0,0.37941934,1.013574504,0.275005792,0.264585874
778,581,-16.5816,145.9802,16042100104,16-042,Breaking Patches,Breaking Patches (16-042),Cairns/Cooktown,2,4,1,1.732347877,3.577135479,1.5663179250000001,0.244677459
779,582,-16.64,145.9328,16043101104,16-043a,Oyster Reef,Oyster Reef (16-043a),Cairns/Cooktown,2,4,0,17.7169265,30.68092899,4.840731536,0.260583391
780,582,-16.6178,145.9485,16043102104,16-043b,U/N Reef,U/N Reef (16-043b),Cairns/Cooktown,2,4,0,1.256612515,1.894952384,0.104587234,0.23225842
781,582,-16.6464,145.9728,16044101104,16-044a,U/N Reef,U/N Reef (16-044a),Cairns/Cooktown,2,4,0,1.202313196,1.25489925,0.162674403,0.225482834
782,585,-16.6552,145.9927,16044102104,16-044b,Vlasoff Reef,Vlasoff Reef (16-044b),Cairns/Cooktown,2,4,0,9.690929802,13.88494759,3.729875996,0.316220824
783,588,-16.6575,145.571,16045101104,16-045a,Unity Reef (No 1),Unity Reef (No 1) (16-045a),Cairns/Cooktown,1,4,0,0.090263906,0.405656703,0.003994856,0.267196337
784,588,-16.6546,145.5814,16045102104,16-045b,Unity Reef (No 2),Unity Reef (No 2) (16-045b),Cairns/Cooktown,1,4,1,0.085400528,0.38807252,0.00380041,0.267196717
785,601,-16.8645,145.9169,16096100104,16-096,U/N Reef,U/N Reef (16-096),Cairns/Cooktown,1,4,0,0.003301859,0.010744856,0.004240711,0.273867268
786,601,-16.864,145.9185,16097100104,16-097,U/N Reef,U/N Reef (16-097),Cairns/Cooktown,1,4,0,9.2185e-4,0.001477727,4.55126e-4,0.273867268
787,601,-16.8648,145.9212,16098100104,16-098,U/N Reef,U/N Reef (16-098),Cairns/Cooktown,1,4,0,0.012144719,0.081502556,6.5665e-4,0.267185862
788,601,-16.8655,145.9256,16099100104,16-099,U/N Reef,U/N Reef (16-099),Cairns/Cooktown,1,4,0,0.008871424,0.063394999,4.94847e-4,0.267188094
789,635,-17.6094,146.4572,17037100104,17-037,Hall-Thompson Reef,Hall-Thompson Reef (17-037),Cairns/Cooktown,2,5,0,36.26044671,54.28238601,13.49453255,0.258362962
790,634,-17.6077,146.4188,17038100104,17-038,Surprise Shoal,Surprise Shoal (17-038),Cairns/Cooktown,2,5,0,1.148605545,3.520973655,0.007113727,0.228214562
791,637,-17.6409,146.144,17039100104,17-039,U/N Reef,U/N Reef (17-039),out,1,5,0,0.571384738,1.774849128,0.021020579,0.267194681
792,637,-17.6543,146.1581,17040100104,17-040,Lindquist Reef,Lindquist Reef (17-040),Cairns/Cooktown,1,5,0,0.494693613,0.915133684,0.346816518,0.270556662
793,639,-17.6623,146.3822,17041100104,17-041,Goudge Bank,Goudge Bank (17-041),Cairns/Cooktown,2,5,0,1.174896919,2.840559795,0.226906054,0.228214562
794,526,-15.7386,145.4396,15064100104,15-064,Hope Islands Reef (West),Hope Islands Reef (West) (15-064),Cairns/Cooktown,1,3,0,3.318028444,8.89096242,6.758274482,0.268186722
795,526,-15.733,145.4578,15065100104,15-065,Hope Islands Reef (East),Hope Islands Reef (East) (15-065),Cairns/Cooktown,1,3,0,4.846912946,10.73092208,7.880481295,0.268655749
796,533,-15.9401,145.4005,15066100104,15-066,U/N Reef,U/N Reef (15-066),Cairns/Cooktown,1,4,0,1.65081749,4.908094457,4.157420801,0.267681047
797,533,-15.919,145.3683,15067100104,15-067,U/N Reef,U/N Reef (15-067),Cairns/Cooktown,1,3,0,1.876994814,6.023196154,5.243767408,0.273773841
798,584,-16.6743,145.9369,16046100104,16-046,Upolu Reef,Upolu Reef (16-046),Cairns/Cooktown,2,4,1,14.6934116,24.17965317,2.315094028,0.28522792
799,588,-16.7295,145.6839,16047100104,16-047,Double Island Reef,Double Island Reef (16-047),Cairns/Cooktown,1,4,0,0.961878018,3.024762017,2.41610414,0.273849634
800,601,-16.8683,145.9301,16100100104,16-100,U/N Reef,U/N Reef (16-100),Cairns/Cooktown,1,4,0,0.013841049,0.090488758,7.38487e-4,0.267193766
801,601,-16.8706,145.9322,16102100104,16-102,U/N Reef,U/N Reef (16-102),Cairns/Cooktown,1,4,0,0.002552982,0.023404384,1.61329e-4,0.267196682
802,601,-16.8726,145.9338,16103100104,16-103,U/N Reef,U/N Reef (16-103),out,1,4,0,0.008567177,0.0616494,4.79582e-4,0.267195354
803,601,-16.874,145.9347,16104100104,16-104,U/N Reef,U/N Reef (16-104),out,1,4,0,8.26306e-4,0.009492296,5.84e-5,0.267187201
804,636,-17.6538,146.4713,17042100104,17-042,Adelaide Reef,Adelaide Reef (17-042),Cairns/Cooktown,2,5,0,40.83387151,63.74640666,18.99508707,0.23867472
805,637,-17.6745,146.1767,17043101104,17-043a,Jessie-Kent Reef,Jessie-Kent Reef (17-043a),Cairns/Cooktown,1,5,0,0.776837222,0.640304791,0.006676213,0.267193997
806,637,-17.6672,146.169,17043102104,17-043b,Bresnahan Reef,Bresnahan Reef (17-043b),Cairns/Cooktown,1,5,0,0.135158559,0.14858124,0.001290572,0.267199237
807,637,-17.6742,146.1691,17043103104,17-043c,Hutchison Reef,Hutchison Reef (17-043c),Cairns/Cooktown,1,5,0,0.217021797,0.419982704,0.220385405,0.273867268
808,639,-17.7223,146.3936,17044100104,17-044,Ellison Reef,Ellison Reef (17-044),Cairns/Cooktown,2,5,0,25.12949449,41.81645276,13.27110115,0.212660908
809,533,-15.9163,145.3946,15068100104,15-068,Lake Reef,Lake Reef (15-068),Cairns/Cooktown,1,3,0,0.080228335,0.369201785,0.003593536,0.267194219
810,535,-15.9933,145.4363,15069100104,15-069,U/N Reef,U/N Reef (15-069),Cairns/Cooktown,1,4,1,1.357688261,4.753926053,3.986146275,0.272246801
811,516,-15.5025,145.6164,15070100104,15-070,Vicki Harriott Reef,Vicki Harriott Reef (15-070),Cairns/Cooktown,2,3,0,12.30410983,25.09395426,13.78399713,0.255751564
812,513,-15.5127,145.5342,15071101104,15-071a,U/N Reef,U/N Reef (15-071a),Cairns/Cooktown,2,3,0,1.253028489,4.090827272,3.119203906,0.24584312
813,515,-15.5057,145.5461,15071102104,15-071b,U/N Reef,U/N Reef (15-071b),Cairns/Cooktown,2,3,0,1.721584214,4.650188518,2.868557686,0.229113868
814,515,-15.5105,145.5702,15071103104,15-071c,U/N Reef,U/N Reef (15-071c),Cairns/Cooktown,2,3,0,1.377349026,5.192697221,4.34120501,0.24265557
815,512,-15.515,145.7791,15072100104,15-072,U/N Reef,U/N Reef (15-072),Cairns/Cooktown,3,3,1,0.438929528,1.420855626,0.756115608,0.286544074
816,512,-15.5294,145.7811,15073100104,15-073,U/N Reef,U/N Reef (15-073),Cairns/Cooktown,3,3,1,0.779081883,2.293227901,1.769461658,0.294545557
817,516,-15.5353,145.6409,15074100104,15-074,U/N Reef,U/N Reef (15-074),Cairns/Cooktown,2,3,0,0.350221323,1.153808749,0.695350597,0.197399889
818,588,-16.7342,145.6878,16048100104,16-048,Haycock Reef,Haycock Reef (16-048),Cairns/Cooktown,1,4,0,0.864674425,2.431920213,1.890301265,0.27227044
819,601,-16.8754,145.9361,16105100104,16-105,U/N Reef,U/N Reef (16-105),out,1,4,0,0.004741711,0.038406634,2.81588e-4,0.267195074
820,601,-16.8784,145.9393,16106100104,16-106,U/N Reef,U/N Reef (16-106),Cairns/Cooktown,1,4,0,0.011713038,0.079175933,6.35472e-4,0.267201333
821,601,-16.8816,145.9434,16107100104,16-107,U/N Reef,U/N Reef (16-107),Cairns/Cooktown,1,4,0,0.001995771,0.019219624,1.2923e-4,0.267201615
822,601,-16.8902,145.9512,16108100104,16-108,U/N Reef,U/N Reef (16-108),out,1,4,0,0.025898799,0.139277466,0.075718849,0.273867268
823,641,-17.7248,146.1066,17045100104,17-045,U/N Reef,U/N Reef (17-045),Cairns/Cooktown,1,5,0,0.209754041,1.129109079,0.605475993,0.273867268
824,641,-17.747,146.1561,17046100104,17-046,Sisters-Stephens Reef,Sisters-Stephens Reef (17-046),Cairns/Cooktown,1,5,1,3.404398646,4.545929,2.451394711,0.27302019
825,642,-17.7745,146.4349,17047100104,17-047,Eddy Reef,Eddy Reef (17-047),Cairns/Cooktown,2,5,0,11.10947203,20.38021873,7.237368354,0.234253414
826,641,-17.7706,146.1238,17048100104,17-048,King Reefs,King Reefs (17-048),Cairns/Cooktown,1,5,0,16.48004466,35.96239893,28.69573898,0.273861224
827,647,-17.8107,146.1046,17049100104,17-049,U/N Reef,U/N Reef (17-049),Cairns/Cooktown,1,5,1,1.09583521,4.128939107,1.991297892,0.272185233
828,647,-17.8341,146.1028,17050100104,17-050,U/N Reef,U/N Reef (17-050),Cairns/Cooktown,1,5,0,0.429842759,1.980344168,0.605806997,0.269160873
829,512,-15.5572,145.7962,15075101104,15-075a,Ribbon No 2 Reef (No 1),Ribbon No 2 Reef (No 1) (15-075a),Cairns/Cooktown,3,3,1,11.9708764,20.67626127,15.48901832,0.30400309
830,512,-15.5384,145.781,15075102104,15-075b,Ribbon No 2 Reef (No 2),Ribbon No 2 Reef (No 2) (15-075b),Cairns/Cooktown,3,3,1,0.106260556,0.363220596,0.142207287,0.277629791
831,523,-15.5732,145.7783,15075103104,15-075c,Ribbon No 2 Reef (No 3),Ribbon No 2 Reef (No 3) (15-075c),Cairns/Cooktown,3,3,1,0.130066151,0.289166764,0.065106603,0.246129554
832,515,-15.5611,145.5934,15076100104,15-076,U/N Reef,U/N Reef (15-076),Cairns/Cooktown,2,3,0,0.767015589,1.062497936,0.507477106,0.217806227
833,516,-15.5584,145.6495,15077100104,15-077,U/N Reef,U/N Reef (15-077),Cairns/Cooktown,2,3,0,6.256630052,12.33839926,8.12437329,0.223078238
834,515,-15.5563,145.5322,15078100104,15-078,Osterlund Reef,Osterlund Reef (15-078),Cairns/Cooktown,2,3,0,57.15305296,89.84319198,39.61256258,0.291743735
835,522,-15.595,145.7678,15079100104,15-079,U/N Reef,U/N Reef (15-079),Cairns/Cooktown,3,3,0,1.685961267,3.266919745,0.037757755,0.30025842
836,594,-16.7671,145.9987,16049100104,16-049,Green Island Reef,Green Island Reef (16-049),Cairns/Cooktown,2,4,1,35.45378551,45.03089486,15.07513568,0.250079747
837,601,-16.8867,145.8945,16051102104,16-051b,Rocky Island Reef,Rocky Island Reef (16-051b),Cairns/Cooktown,1,4,0,0.105652762,0.664398327,0.433713551,0.273867268
838,601,-16.8911,145.9545,16109100104,16-109,U/N Reef,U/N Reef (16-109),Cairns/Cooktown,1,4,0,0.006103224,0.047000423,3.53306e-4,0.267187447
839,601,-16.894,145.956,16110100104,16-110,U/N Reef,U/N Reef (16-110),Cairns/Cooktown,1,4,0,0.022880942,0.135279854,0.001161277,0.267199395
840,601,-16.9364,145.934,16111100104,16-111,U/N Reef,U/N Reef (16-111),out,1,4,1,0.067619353,0.03910286,0.018137299,0.273867268
841,601,-16.9546,145.926,16112100104,16-112,U/N Reef,U/N Reef (16-112),Cairns/Cooktown,1,4,0,0.211363035,0.788527267,0.532423042,0.252842671
842,601,-16.9727,145.9081,16113100104,16-113,U/N Reef,U/N Reef (16-113),Cairns/Cooktown,1,4,0,0.022943619,0.195840921,0.111103927,0.251581457
843,651,-17.8496,146.4836,17051100104,17-051,Beaver Reef,Beaver Reef (17-051),Cairns/Cooktown,2,5,1,18.89067544,29.8813775,11.13683709,0.254246114
844,647,-17.8559,146.1168,17052100104,17-052,U/N Reef,U/N Reef (17-052),Cairns/Cooktown,1,5,0,2.184810083,7.054259204,4.474141739,0.273459584
845,657,-17.9516,146.1511,17053100104,17-053,Stingaree Reefs,Stingaree Reefs (17-053),Townsville/Whitsunday,1,5,0,1.768141113,6.186831214,5.373352011,0.273864466
846,658,-17.964,146.139,17054100104,17-054,U/N Reef,U/N Reef (17-054),Townsville/Whitsunday,1,5,0,0.344311017,0.712249898,0.007525668,0.267195113
847,658,-17.9766,146.1358,17055100104,17-055,Thorpe (Timana) Reef,Thorpe (Timana) Reef (17-055),Townsville/Whitsunday,1,5,0,0.711221216,2.87076891,0.496539798,0.273867268
848,523,-15.6058,145.8051,15080100104,15-080,Ribbon No 1 Reef,Ribbon No 1 Reef (15-080),Cairns/Cooktown,3,3,0,3.485164565,9.061644018,7.384147913,0.292142475
849,517,-15.6073,145.5151,15081100104,15-081,Rosser Reef,Rosser Reef (15-081),Cairns/Cooktown,2,3,0,9.600900215,19.42244451,18.12690409,0.343722999
850,518,-15.606,145.6263,15082100104,15-082,Emily Reef,Emily Reef (15-082),Cairns/Cooktown,2,3,0,35.309992630000004,50.33942678,21.66756096,0.229631423
851,521,-15.63,145.5081,15083100104,15-083,Gill Patches,Gill Patches (15-083),Cairns/Cooktown,2,3,0,0.243881847,0.116022459,9.76679e-4,0.237734295
852,522,-15.6476,145.7151,15084100104,15-084,Irene Reef,Irene Reef (15-084),Cairns/Cooktown,2,3,0,12.01722421,20.7542222,14.36351174,0.22272043
853,523,-15.6465,145.808,15085100104,15-085,Lena Reef,Lena Reef (15-085),Cairns/Cooktown,3,3,0,8.376362616,11.53311849,9.823694623,0.291193449
854,601,-16.8835,145.8947,16051101104,16-051a,Rocky Island Reef,Rocky Island Reef (16-051a),Cairns/Cooktown,1,4,0,0.001958096,4.85926e-4,1.30236e-4,0.273867268
855,601,-16.8998,145.9563,16052100104,16-052,U/N Reef,U/N Reef (16-052),Cairns/Cooktown,1,4,0,0.078885208,0.364124934,0.00353832,0.267193961
856,601,-16.9084,145.9486,16053100104,16-053,U/N Reef,U/N Reef (16-053),Cairns/Cooktown,1,4,1,0.144601129,0.315825883,0.190202719,0.262005707
857,601,-16.9249,145.9936,16054101104,16-054a,Fitzroy Island Reef (No 1),Fitzroy Island Reef (No 1) (16-054a),Cairns/Cooktown,1,4,0,0.163865594,0.875385164,0.351994505,0.257153647
858,580,-16.6045,146.0754,16800100104,16-800,U/N Reef,U/N Reef (16-800),Cairns/Cooktown,2,4,0,0.376021354,1.093084846,0.062684558,0.237745431
859,601,-16.9944,145.8998,16801100104,16-801,U/N Reef,U/N Reef (16-801),Cairns/Cooktown,1,4,0,0.173146614,0.970076238,0.672194009,0.270149021
860,607,-16.9984,146.205,17001101104,17-001a,Sudbury Reef (No 1),Sudbury Reef (No 1) (17-001a),Cairns/Cooktown,2,5,0,89.73200622,127.5064364,40.69597144,0.271587851
861,658,-17.9694,146.0997,17056100104,17-056,U/N Reef,U/N Reef (17-056),out,1,5,0,1.42613745,3.495472162,2.837055393,0.273867268
862,633,-17.5805,146.5783,17057100104,17-057,Gilbey Reef,Gilbey Reef (17-057),Cairns/Cooktown,3,5,0,7.712364009,16.22440521,11.07885619,0.28880262
863,646,-17.6696,146.7154,17058100104,17-058,Armistice Reef,Armistice Reef (17-058),Cairns/Cooktown,3,5,0,1.468153777,3.859926691,2.345511356,0.295692236
864,638,-17.6975,146.5444,17059101104,17-059a,Potter Reef (No 1),Potter Reef (No 1) (17-059a),Cairns/Cooktown,2,5,0,20.69361045,24.47953912,11.84135575,0.223783386
865,640,-17.7247,146.5545,17059102104,17-059b,Potter Reef (No 2),Potter Reef (No 2) (17-059b),Cairns/Cooktown,2,5,0,1.037319878,0.917543011,0.018982775,0.194561007
866,638,-17.6941,146.5721,17059103104,17-059c,Potter Reef (No 3),Potter Reef (No 3) (17-059c),Cairns/Cooktown,2,3,0,1.912406403,3.787621746,0.859350038,0.218336765
867,525,-15.6723,145.5087,15086100104,15-086,Cairns Reef,Cairns Reef (15-086),Cairns/Cooktown,2,4,0,90.01771819,101.5799225,78.53138798,0.337017176
868,529,-15.7188,145.8004,15087100104,15-087,Pearl Reef,Pearl Reef (15-087),Cairns/Cooktown,3,4,0,1.810226114,3.723159327,2.877330866,0.29653547
869,529,-15.7498,145.7808,15088100104,15-088,Ruby Reef,Ruby Reef (15-088),Cairns/Cooktown,3,3,0,16.83177634,26.44180168,15.64313308,0.30394523
870,527,-15.7766,145.5818,15089100104,15-089,Endeavour Reef,Endeavour Reef (15-089),Cairns/Cooktown,2,4,1,20.42596028,34.29470779,23.29885201,0.261164861
871,529,-15.7893,145.8032,15090100104,15-090,Andersen Reef,Andersen Reef (15-090),Cairns/Cooktown,3,4,0,5.163958749,8.573469775,7.062107779,0.290286133
872,529,-15.8114,145.7752,15091101104,15-091a,U/N Reef,U/N Reef (15-091a),Cairns/Cooktown,3,4,0,0.270952084,0.350541152,0.010855709,0.292999814
873,531,-15.8223,145.773,15091102104,15-091b,U/N Reef,U/N Reef (15-091b),Cairns/Cooktown,3,4,0,0.564223742,1.422801824,0.913469195,0.286051702
874,531,-15.8297,145.8194,15092100104,15-092,Rachel Carson Reef,Rachel Carson Reef (15-092),Cairns/Cooktown,3,4,0,6.468919997,13.06681272,9.163270349,0.295669155
875,601,-16.933,145.9847,16054102104,16-054b,Fitzroy Island Reef (No 2),Fitzroy Island Reef (No 2) (16-054b),Cairns/Cooktown,1,4,0,0.024902996,0.054743419,0.005748052,0.251116139
876,601,-16.9346,145.9829,16054103104,16-054c,U/N Reef,U/N Reef (16-054c),Cairns/Cooktown,1,4,0,0.006136258,0.036577566,2.67029e-4,0.267204466
877,601,-16.9318,145.9862,16054104104,16-054d,U/N Reef,U/N Reef (16-054d),Cairns/Cooktown,1,4,0,4.41625e-4,0.008362127,0.003198486,0.251116139
878,601,-16.9317,145.9875,16054105104,16-054e,U/N Reef,U/N Reef (16-054e),Cairns/Cooktown,1,4,0,0.002950153,0.038207576,2.8005e-4,0.267199808
879,601,-16.9414,145.9885,16054106104,16-054f,U/N Reef,U/N Reef (16-054f),Cairns/Cooktown,1,5,0,0.173243242,0.877137278,0.196985822,0.251116139
880,605,-16.9505,146.1951,17001102104,17-001b,Sudbury Reef (No 2),Sudbury Reef (No 2) (17-001b),Cairns/Cooktown,2,5,0,0.974884095,0.607340034,0.035199034,0.228214562
881,605,-16.9529,146.2169,17001103104,17-001c,Sudbury Reef (No 3),Sudbury Reef (No 3) (17-001c),Cairns/Cooktown,2,5,0,0.139553382,0.532833639,0.079354435,0.23225842
882,608,-16.9985,146.211,17001104104,17-001d,Sudbury Reef (No 4),Sudbury Reef (No 4) (17-001d),Cairns/Cooktown,2,5,0,0.204898879,1.121893882,0.613533671,0.217726923
883,604,-17.0124,146.1287,17002101104,17-002a,Stagg Patches (North),Stagg Patches (North) (17-002a),Cairns/Cooktown,2,5,0,0.361753297,1.421693062,0.444103429,0.228214562
884,604,-17.0205,146.1312,17002102104,17-002b,Stagg Patches (South),Stagg Patches (South) (17-002b),Cairns/Cooktown,2,5,0,0.204555683,1.023422281,0.086843584,0.228214562
885,606,-16.999,146.4559,17003101104,17-003a,Hervey Shoals (North),Hervey Shoals (North) (17-003a),Cairns/Cooktown,3,5,0,9.038633067,1.630487006,0.806947897,0.292999814
886,606,-17.0374,146.4614,17003102104,17-003b,Hervey Shoals (South),Hervey Shoals (South) (17-003b),Cairns/Cooktown,3,5,1,6.983797756,3.143570837,1.636945598,0.292999814
887,610,-17.0736,146.185,17004100104,17-004,Scott Reef,Scott Reef (17-004),Cairns/Cooktown,2,5,1,19.41943639,34.072341,14.31857774,0.234994678
888,640,-17.7385,146.502,17060100104,17-060,U/N Reef,U/N Reef (17-060),Cairns/Cooktown,2,5,0,2.442453477,6.694100886,3.2159182,0.299927406
889,640,-17.7504,146.5084,17061100104,17-061,U/N Reef,U/N Reef (17-061),Cairns/Cooktown,2,5,0,5.279507096,14.8126247,7.241245776,0.235844246
890,645,-17.7795,146.6506,17062100104,17-062,Noreaster Reef,Noreaster Reef (17-062),Cairns/Cooktown,3,5,0,44.82761558,28.65462667,19.65919486,0.298279841
891,643,-17.7909,146.5169,17063101104,17-063a,Farquharson Reef (No 1),Farquharson Reef (No 1) (17-063a),Cairns/Cooktown,2,5,0,22.9465181,36.60968773,12.7405956,0.260647948
892,643,-17.7564,146.5424,17063102104,17-063b,Farquharson Reef (No 2),Farquharson Reef (No 2) (17-063b),Cairns/Cooktown,2,5,0,0.487638996,0.571912911,0.014242589,0.23225842
893,530,-15.8728,145.5744,15093100104,15-093,Pickersgill Reef,Pickersgill Reef (15-093),Cairns/Cooktown,2,4,0,18.82470992,38.30193601,27.15913287,0.303716748
894,531,-15.8772,145.7963,15094100104,15-094,Escape Reef,Escape Reef (15-094),Cairns/Cooktown,3,4,0,26.95174517,27.71439432,16.12243449,0.294746579
895,532,-15.9052,145.6568,15095100104,15-095,Evening Reef,Evening Reef (15-095),Cairns/Cooktown,2,4,0,9.106131637,18.98315127,9.865407844,0.239037697
896,534,-15.9499,145.8208,15096100104,15-096,Agincourt Reefs (No 4),Agincourt Reefs (No 4) (15-096),Cairns/Cooktown,3,4,1,12.90509408,22.63291029,14.06509264,0.322445329
897,602,-16.9338,146.0017,16054107104,16-054g,U/N Reef,U/N Reef (16-054g),Cairns/Cooktown,1,4,0,0.046355583,0.312040656,0.002974205,0.267190287
898,602,-16.923,146.0059,16055100104,16-055,Little Fitzroy Island Reef,Little Fitzroy Island Reef (16-055),Cairns/Cooktown,1,4,0,0.104733875,0.618599132,0.127438107,0.263837962
899,613,-17.0989,146.4105,17005100104,17-005,Stevens Reef,Stevens Reef (17-005),Cairns/Cooktown,2,5,1,2.394421485,7.155424581,4.632185673,0.219428255
900,613,-17.0943,146.3447,17006100104,17-006,Maori Reef,Maori Reef (17-006),Cairns/Cooktown,2,5,0,33.69532372,32.71519582,11.69565203,0.244712765
901,613,-17.1212,146.4213,17007100104,17-007,U/N Reef,U/N Reef (17-007),Cairns/Cooktown,2,5,1,0.566210561,0.894863463,0.009728914,0.237745423
902,618,-17.1263,146.4686,17008100104,17-008,Noggin Reef,Noggin Reef (17-008),Cairns/Cooktown,3,5,0,12.43414234,17.75087082,10.37700299,0.28917693
903,650,-17.8329,146.5495,17064100104,17-064,Taylor Reef,Taylor Reef (17-064),Cairns/Cooktown,2,5,1,17.9530705,31.38892805,15.79127495,0.250497924
904,656,-17.8764,146.7271,17065100104,17-065,Bob Endean Reef,U/N Reef (17-065),Townsville/Whitsunday,2,5,0,18.60863797,20.34858935,12.79520502,0.222208446
905,655,-17.8885,146.5863,17066100104,17-066,Yamacutta Reef,Yamacutta Reef (17-066),Townsville/Whitsunday,2,5,0,62.60076472,67.94749977,22.40423968,0.251555241
906,660,-17.9694,146.6004,17067100104,17-067,U/N Reef,U/N Reef (17-067),Townsville/Whitsunday,2,5,0,7.176603049,12.71209593,6.784075467,0.219874135
907,536,-15.9755,145.6651,15098100104,15-098,Morning Reef,Morning Reef (15-098),Cairns/Cooktown,2,4,0,14.00500959,9.976957295,5.100300118,0.219465658
908,538,-15.9898,145.8322,15099101104,15-099a,Agincourt Reefs (No 3),Agincourt Reefs (No 3) (15-099a),Cairns/Cooktown,3,4,1,7.783654516,15.5916324,10.99069196,0.303301825
909,538,-16.0178,145.8509,15099102104,15-099b,Agincourt Reefs (No 2a),Agincourt Reefs (No 2a) (15-099b),Cairns/Cooktown,3,4,1,1.41099311,4.263485019,3.237527369,0.288953703
910,540,-16.052,145.8674,15099103104,15-099c,Agincourt Reefs (No 1),Agincourt Reefs (No 1) (15-099c),Cairns/Cooktown,3,4,1,2.153602006,5.881787106,4.862625945,0.288080433
911,538,-16.0352,145.8352,15099104104,15-099d,Agincourt Reefs (No 5),Agincourt Reefs (No 5) (15-099d),Cairns/Cooktown,3,4,1,2.926958622,4.541163833,3.230676274,0.298025397
912,538,-16.0301,145.8584,15099105104,15-099e,Agincourt Reefs (No 2b),Agincourt Reefs (No 2b) (15-099e),Cairns/Cooktown,3,4,1,1.08774988,3.123609735,2.350786307,0.287940244
913,512,-15.4466,145.6928,15800100104,15-800,U/N Reef,U/N Reef (15-800),Cairns/Cooktown,2,3,0,0.095379248,0.357722867,0.143423277,0.228790258
914,516,-15.5179,145.6556,15801100104,15-801,U/N Reef,U/N Reef (15-801),Cairns/Cooktown,2,3,0,0.167597481,0.2935506,0.115301804,0.23225842
915,537,-16.0287,145.4573,16001100104,16-001,U/N Reef,U/N Reef (16-001),Cairns/Cooktown,1,4,1,1.508544573,4.910651575,4.129845276,0.273551521
916,601,-16.9817,145.9019,16056100104,16-056,U/N Reef,U/N Reef (16-056),Cairns/Cooktown,1,4,0,0.060370689,0.406755154,0.252835315,0.260713864
917,578,-16.5184,146.0081,16057100104,16-057,Hastings Reef,Hastings Reef (16-057),Cairns/Cooktown,2,4,1,14.79933358,21.04571137,11.54498468,0.225558797
918,614,-17.1579,146.0102,17009101104,17-009a,Tobias Spit,Tobias Spit (17-009a),Cairns/Cooktown,1,5,0,0.983099501,2.640566388,1.411418452,0.266415769
919,656,-17.9456,146.7947,17068100104,17-068,Moss Reef,Moss Reef (17-068),Townsville/Whitsunday,3,5,1,6.962377709,11.52302907,9.9413005,0.290912613
920,664,-17.9949,146.7686,17069100104,17-069,Peter Arnold Reef,U/N Reef (17-069),Townsville/Whitsunday,3,5,1,8.737492975,10.8887363,7.806314145,0.297215219
921,641,-17.7733,146.1569,17070100104,17-070,U/N Reef,U/N Reef (17-070),Cairns/Cooktown,1,5,0,0.036911359,0.287750411,0.144875337,0.273867268
922,656,-17.8941,146.8216,17071100104,17-071,U/N Reef,U/N Reef (17-071),Townsville/Whitsunday,3,5,0,1.142900642,1.302322347,0.806941706,0.293974261
923,618,-17.1494,146.4846,17072100104,17-072,U/N Reef,U/N Reef (17-072),Cairns/Cooktown,3,5,0,1.590177021,0.225917606,0.130476373,0.292999814
924,633,-17.5663,146.6814,17073100104,17-073,U/N Reef,U/N Reef (17-073),Cairns/Cooktown,3,5,0,2.755284387,2.82905512,1.721471251,0.30025842
925,601,-17.0016,145.898,17074100104,17-074,U/N Reef,U/N Reef (17-074),out,1,4,0,0.004278857,0.039801293,0.018502157,0.273867268
926,601,-17.0047,145.8995,17075100104,17-075,U/N Reef,U/N Reef (17-075),out,1,4,0,0.003600255,0.010664865,0.004205211,0.273867268
927,541,-16.0712,145.469,16002100104,16-002,U/N Reef,U/N Reef (16-002),Cairns/Cooktown,1,4,1,0.59280512,2.333962964,1.804860924,0.272989596
928,541,-16.104,145.4644,16003100104,16-003,U/N Reef,U/N Reef (16-003),Cairns/Cooktown,1,4,0,1.021346389,3.387375413,2.744317054,0.273499492
929,541,-16.1673,145.4459,16004100104,16-004,Struck Reef,Struck Reef (16-004),Cairns/Cooktown,1,4,0,0.283918331,1.014705018,0.011206372,0.267195168
930,550,-16.2444,145.4858,16005100104,16-005,Black Rock Reef,Black Rock Reef (16-005),Cairns/Cooktown,1,4,0,0.026517039,0.152262474,0.001326853,0.267199149
931,580,-16.5271,146.1296,16058100104,16-058,Hope Reef,Hope Reef (16-058),Cairns/Cooktown,3,4,0,1.523362733,2.34139695,1.321393582,0.30025842
932,579,-16.5676,146.0014,16059100104,16-059,U/N Reef,U/N Reef (16-059),Cairns/Cooktown,2,4,1,0.354641013,0.637123832,0.198821996,0.168252021
933,579,-16.5819,146.019,16060100104,16-060,Michaelmas Reef,Michaelmas Reef (16-060),Cairns/Cooktown,2,4,1,33.23772466,49.73369028,18.50202398,0.240822942
934,583,-16.6089,146.164,16061100104,16-061,Fin Reef,Fin Reef (16-061),Cairns/Cooktown,3,4,0,0.416353582,0.856926388,0.166350235,0.292999814
935,586,-16.6433,146.0229,16062101104,16-062a,Pretty Patches (No 1),Pretty Patches (No 1) (16-062a),Cairns/Cooktown,2,4,0,0.317808841,0.956880397,0.501074116,0.227689494
936,612,-17.1848,146.2909,17010100104,17-010,Flora Reef,Flora Reef (17-010),Cairns/Cooktown,2,5,0,11.29703595,22.62488601,8.774773933,0.265464165
937,619,-17.1971,146.3686,17011100104,17-011,Coates Reef,Coates Reef (17-011),Cairns/Cooktown,2,5,0,4.288282929,10.47147815,4.907292849,0.218374814
938,616,-17.2095,146.077,17012100104,17-012,Normanby-Mabel Reef,Normanby-Mabel Reef (17-012),Cairns/Cooktown,1,5,1,0.971082676,3.207381344,2.253051964,0.260651275
939,601,-17.008,145.9001,17076100104,17-076,U/N Reef,U/N Reef (17-076),Cairns/Cooktown,1,4,0,0.008756883,0.046394958,0.021984555,0.259298662
940,658,-18.0079,146.1519,18001100104,18-001,Richards (Bedarra) Reef,Richards (Bedarra) Reef (18-001),Townsville/Whitsunday,1,5,0,0.480476737,0.527599457,0.116761386,0.273867268
941,658,-18.0255,146.1663,18003100104,18-003,Wheeler (Toolgbar) Island Reef,Wheeler (Toolgbar) Island Reef (18-003),Townsville/Whitsunday,1,5,0,0.330830619,0.454977184,0.004545517,0.267194043
942,658,-18.0398,146.1763,18004100104,18-004,Coombe Reef,Coombe Reef (18-004),Townsville/Whitsunday,1,5,0,0.445711487,0.166021171,0.001462066,0.267195884
943,658,-18.0402,146.1996,18005100104,18-005,Smith-Bowden Reef,Smith-Bowden Reef (18-005),Townsville/Whitsunday,1,5,1,0.775183409,1.030197915,0.011399149,0.267194827
944,556,-16.2983,145.4997,16006100104,16-006,Snapper Reef,Snapper Reef (16-006),Cairns/Cooktown,1,4,0,0.982184858,1.928199289,1.385530024,0.266059952
945,555,-16.3622,145.4257,16007100104,16-007,U/N Reef,U/N Reef (16-007),Cairns/Cooktown,1,4,0,3.011397607,6.711278303,0.093862899,0.26719468
946,555,-16.4029,145.4268,16008101104,16-008a,U/N Reef,U/N Reef (16-008a),Cairns/Cooktown,1,4,0,0.998183871,2.774334043,0.034744946,0.267194683
947,580,-16.6241,146.042,16062102104,16-062b,Pretty Patches (No 2),Pretty Patches (No 2) (16-062b),Cairns/Cooktown,2,4,0,1.4213858,3.708676648,1.924245707,0.217952124
948,586,-16.6464,146.0356,16062103104,16-062c,Pretty Patches (No 3),Pretty Patches (No 3) (16-062c),Cairns/Cooktown,2,4,0,0.332515695,0.88481269,0.606102113,0.228435902
949,592,-16.687,146.2523,16063100104,16-063,Euston Reef,Euston Reef (16-063),Cairns/Cooktown,3,4,1,1.794627599,4.895545214,4.046924724,0.297321053
950,587,-16.6947,146.0548,16064100104,16-064,Arlington Reef,Arlington Reef (16-064),Cairns/Cooktown,2,4,0,127.7483209,133.0014857,42.68345883,0.231916657
951,592,-16.7287,146.2746,16065100104,16-065,Flynn Reef,Flynn Reef (16-065),Cairns/Cooktown,3,4,0,4.207825092,7.022944394,5.33446833,0.288950093
952,616,-17.2199,146.0775,17012102104,17-012b,Jones Patch,Jones Patch (17-012b),Cairns/Cooktown,1,5,0,0.068376477,0.324754969,0.003110595,0.267196236
953,617,-17.2244,146.0913,17013100104,17-013,Round-Russell Reef,Round-Russell Reef (17-013),Cairns/Cooktown,1,5,0,0.963738255,3.328826165,2.198672196,0.251433417
954,658,-18.0509,146.2028,18006100104,18-006,Hudson (Coolah) Reef,Hudson (Coolah) Reef (18-006),Townsville/Whitsunday,1,5,1,0.499969218,0.109151702,9.11735e-4,0.267197927
955,661,-18.0786,146.4506,18007100104,18-007,Kennedy Shoal,Kennedy Shoal (18-007),Townsville/Whitsunday,2,5,0,10.50827356,21.71936678,0.151377918,0.228214562
956,658,-18.1487,146.2906,18008100104,18-008,Brook Islands Reef,Brook Islands Reef (18-008),Townsville/Whitsunday,1,5,1,1.470719129,5.100617241,3.854010101,0.26429406
957,682,-18.1561,146.2672,18009100104,18-009,Brook Shoal,Brook Shoal (18-009),Townsville/Whitsunday,1,5,1,0.222580993,0.834814148,0.008997622,0.267194569
958,555,-16.4071,145.4199,16008102104,16-008b,U/N Reef,U/N Reef (16-008b),Cairns/Cooktown,1,4,0,0.2037206,0.778073068,0.00831241,0.267195535
959,577,-16.4484,145.4145,16009101104,16-009a,U/N Reef,U/N Reef (16-009a),Cairns/Cooktown,1,4,0,3.901373832,8.879019868,6.459892995,0.273867268
960,577,-16.4245,145.419,16009102104,16-009b,U/N Reef,U/N Reef (16-009b),Cairns/Cooktown,1,4,0,0.540873129,1.699295899,0.020016615,0.267194689
961,577,-16.4733,145.4468,16010100104,16-010,Morey Reef,Morey Reef (16-010),Cairns/Cooktown,1,4,0,2.556970021,6.503510215,4.825787732,0.273762723
962,534,-16.0067,145.7638,16011100104,16-011,U/N Reef,U/N Reef (16-011),Cairns/Cooktown,2,4,0,0.102381393,0.588100867,0.306788399,0.228948587
963,536,-16.0091,145.6198,16012101104,16-012a,Spitfire Reefs (West),Spitfire Reefs (West) (16-012a),Cairns/Cooktown,2,4,0,1.385895845,3.955723811,0.158911271,0.213409713
964,536,-16.0148,145.6352,16012102104,16-012b,Spitfire Reefs (East),Spitfire Reefs (East) (16-012b),Cairns/Cooktown,2,4,0,1.742735426,2.921730684,0.525941406,0.230697747
965,538,-16.0189,145.7937,16013101104,16-013a,U/N Reef,U/N Reef (16-013a),Cairns/Cooktown,3,4,1,0.433141733,1.68190508,1.248431462,0.311763584
966,538,-16.0192,145.8081,16013102104,16-013b,U/N Reef,U/N Reef (16-013b),Cairns/Cooktown,3,4,1,0.361223624,1.116692076,0.787522827,0.280468657
967,592,-16.7341,146.3258,16066101104,16-066a,Jenny Louise Shoal (North),Jenny Louise Shoal (North) (16-066a),Cairns/Cooktown,3,5,0,1.279950997,0.17707877,0.020322161,0.292999814
968,592,-16.7538,146.342,16066102104,16-066b,Jenny Louise Shoal (South),Jenny Louise Shoal (South) (16-066b),Cairns/Cooktown,3,5,0,0.767874989,0.789875229,0.455335848,0.292999814
969,595,-16.7784,146.2654,16067100104,16-067,Milln Reef,Milln Reef (16-067),Cairns/Cooktown,3,5,1,24.93171334,9.940944221,7.043933715,0.290795091
970,596,-16.803,146.1809,16068100104,16-068,Thetford Reef,Thetford Reef (16-068),Cairns/Cooktown,2,4,0,12.84669561,16.14090069,7.190857337,0.23879395
971,598,-16.8052,146.3543,16069100104,16-069,Baines Patches,Baines Patches (16-069),Cairns/Cooktown,3,5,0,3.062518841,2.228590794,1.159322993,0.30025842
972,598,-16.8575,146.3577,16070100104,16-070,Pellowe Reef,Pellowe Reef (16-070),Cairns/Cooktown,3,5,0,8.089396856,5.110616072,4.358835214,0.289619204
973,658,-18.1671,146.1588,18010100104,18-010,Goold Reef,Goold Reef (18-010),Townsville/Whitsunday,1,5,0,3.456206438,8.538860966,5.164294568,0.273867268
974,658,-18.1822,146.1452,18011100104,18-011,Garden Reef,Garden Reef (18-011),Townsville/Whitsunday,1,5,0,0.1631265,0.507750279,0.324484891,0.273867268
975,682,-18.2355,146.3235,18013100104,18-013,Eva Reef,Eva Reef (18-013),Townsville/Whitsunday,1,6,0,0.748536734,0.607442128,0.02573393,0.263837962
976,682,-18.3586,146.3158,18014100104,18-014,Hinchinbrook Reef,Hinchinbrook Reef (18-014),out,1,6,1,3.915329812,4.032684241,2.47374772,0.268139723
977,682,-18.3553,146.3282,18015100104,18-015,Agnes Reef,Agnes Reef (18-015),Townsville/Whitsunday,1,6,1,0.164099628,0.358686035,0.082573025,0.245564718
978,538,-16.0341,145.8077,16013103104,16-013c,U/N Reef,U/N Reef (16-013c),Cairns/Cooktown,3,4,1,0.085428516,0.463384257,0.055605735,0.411155061
979,539,-16.0235,145.6997,16014101104,16-014a,U/N Reef,U/N Reef (16-014a),Cairns/Cooktown,2,4,0,0.151453223,0.607089055,0.05957859,0.257303577
980,539,-16.0329,145.7095,16014102104,16-014b,U/N Reef,U/N Reef (16-014b),Cairns/Cooktown,2,4,0,1.113621776,1.051770126,0.011668074,0.237745425
981,539,-16.0495,145.6469,16015100104,16-015,Mackay Reef,Mackay Reef (16-015),Cairns/Cooktown,2,4,0,6.188862934,7.220065367,4.438495543,0.224051868
982,542,-16.0551,145.7394,16016100104,16-016,U/N Reef,U/N Reef (16-016),Cairns/Cooktown,2,4,0,0.752639731,1.630075659,1.118984113,0.230384245
983,542,-16.0798,145.7208,16017100104,16-017,Sylvan Reef,Sylvan Reef (16-017),Cairns/Cooktown,2,4,0,1.290848934,2.20373229,1.691966371,0.218728912
984,542,-16.0767,145.7561,16018101104,16-018a,U/N Reef,U/N Reef (16-018a),Cairns/Cooktown,2,4,0,0.271231741,0.57318483,0.340057485,0.206402118
985,542,-16.0861,145.7471,16018102104,16-018b,U/N Reef,U/N Reef (16-018b),Cairns/Cooktown,2,4,0,0.112220938,0.233040903,0.039939404,0.23225842
986,544,-16.1041,145.8333,16019100104,16-019,St Crispin Reef,St Crispin Reef (16-019),Cairns/Cooktown,3,4,0,42.84319998,46.13804162,27.93380723,0.302842978
987,480,-14.7105,145.3789,14118100104,14-118,Eyrie Reef,Eyrie Reef (14-118),Cairns/Cooktown,2,3,1,14.99762767,29.93439177,25.23037375,0.394821506
988,477,-14.7161,145.1659,14119101104,14-119a,Turtle Reef (North),Turtle Reef (North) (14-119a),Cairns/Cooktown,1,3,1,0.143977157,0.785977005,0.274198703,0.273867268
989,477,-14.7215,145.161,14119102104,14-119b,Turtle Reef (South),Turtle Reef (South) (14-119b),Cairns/Cooktown,1,3,1,0.043982574,0.326079527,0.003124388,0.267198926
990,477,-14.7345,145.187,14120101104,14-120a,Turtle Group Reef (No 1),Turtle Group Reef (No 1) (14-120a),Cairns/Cooktown,1,3,1,0.422699749,1.838214902,1.187500254,0.27281401
991,505,-15.2883,145.5735,15033100104,15-033,Lark Reef,Lark Reef (15-033),Cairns/Cooktown,2,3,1,68.47020003,80.77019842,16.94214158,0.243651199
992,506,-15.313,145.7636,15034100104,15-034,U/N Reef,U/N Reef (15-034),Cairns/Cooktown,3,3,1,4.085137917,8.791142243,5.542230251,0.298614969
993,508,-15.3189,145.6392,15035100104,15-035,U/N Reef,U/N Reef (15-035),Cairns/Cooktown,2,3,1,0.261059777,0.808814542,0.547858125,0.226718546
994,508,-15.3309,145.6473,15036100104,15-036,U/N Reef,U/N Reef (15-036),Cairns/Cooktown,2,3,1,0.818837671,2.213648859,1.604941635,0.219546128
995,506,-15.3351,145.7523,15037100104,15-037,U/N Reef,U/N Reef (15-037),Cairns/Cooktown,3,3,1,0.467222264,1.637329452,1.207633107,0.289405366
996,506,-15.3638,145.7829,15038100104,15-038,Ribbon No 5 Reef,Ribbon No 5 Reef (15-038),Cairns/Cooktown,3,3,0,10.27592905,17.33754705,11.06247047,0.297384741
997,395,-13.9149,143.8416,13107100104,13-107,Pelican Island Reef,Pelican Island Reef (13-107),Far Northern,2,2,0,4.17761622,10.27798997,8.012617928,0.284136644
998,403,-13.9022,143.9533,13108100104,13-108,Hedge Reef,Hedge Reef (13-108),Far Northern,2,2,1,152.8484848,174.3458293,104.7476884,0.392490143
999,435,-14.2391,144.7397,14051100104,14-051,South Warden Reef,South Warden Reef (14-051),Far Northern,2,3,1,143.5552536,120.0694644,52.25973506,0.329509438
1000,437,-14.2976,144.6877,14052100104,14-052,Unison Reef,Unison Reef (14-052),Far Northern,1,3,1,1.186179841,4.18112301,3.111565896,0.314944711
1001,443,-14.3097,144.7898,14053100104,14-053,U/N Reef,U/N Reef (14-053),Far Northern,2,3,1,12.29805297,22.72367611,16.91396859,0.308999584
1002,444,-14.3214,144.8592,14054100104,14-054,Stapleton Reef,Stapleton Reef (14-054),Far Northern,2,3,1,5.342205479,14.29838769,10.44606094,0.303915812
1003,477,-14.7347,145.1991,14120102104,14-120b,Turtle Group Reef (No 2),Turtle Group Reef (No 2) (14-120b),Cairns/Cooktown,1,3,1,0.790821955,2.7872136260000002,1.75491133,0.271966778
1004,477,-14.7298,145.1794,14120103104,14-120c,Turtle Group Reef (No 3),Turtle Group Reef (No 3) (14-120c),Cairns/Cooktown,1,3,1,0.199884255,1.080251834,0.618584216,0.266551915
1005,477,-14.7213,145.1981,14120104104,14-120d,Turtle Group Reef (No 4),Turtle Group Reef (No 4) (14-120d),Cairns/Cooktown,1,3,1,0.594478703,2.456771654,1.668013069,0.273496449
1006,477,-14.7048,145.2042,14120105104,14-120e,Turtle Group Reef (No 5),Turtle Group Reef (No 5) (14-120e),Cairns/Cooktown,1,3,1,0.317852553,1.180482284,0.700766396,0.266027261
1007,477,-14.7137,145.1932,14120106104,14-120f,Turtle Group Reef (No 6),Turtle Group Reef (No 6) (14-120f),Cairns/Cooktown,1,3,1,0.167226593,0.84486834,0.537215765,0.265812802
1008,477,-14.7282,145.1895,14120107104,14-120g,Turtle Group Reef (No 7),Turtle Group Reef (No 7) (14-120g),Cairns/Cooktown,1,3,1,0.212425764,1.116719306,0.633215536,0.273867268
1009,507,-15.359,145.5815,15039100104,15-039,Williamson Reefs,Williamson Reefs (15-039),Cairns/Cooktown,2,3,1,33.22848257,48.96088054,13.70775154,0.23394208
1010,506,-15.3885,145.7662,15040100104,15-040,U/N Reef,U/N Reef (15-040),Cairns/Cooktown,3,3,1,0.550881492,1.918307673,1.026725903,0.29775907
1011,512,-15.3999,145.7661,15041100104,15-041,U/N Reef,U/N Reef (15-041),Cairns/Cooktown,3,3,1,0.842298726,3.265518309,2.313651078,0.290000391
1012,512,-15.4101,145.7719,15042100104,15-042,U/N Reef,U/N Reef (15-042),Cairns/Cooktown,3,3,1,0.587763698,1.187238744,0.651848512,0.288636722
1013,511,-15.4287,145.5083,15043100104,15-043,U/N Reef,U/N Reef (15-043),Cairns/Cooktown,2,3,0,31.95421549,44.72720722,19.87904763,0.256191872
1014,508,-15.4284,145.6134,15044100104,15-044,U/N Reef,U/N Reef (15-044),Cairns/Cooktown,2,3,0,2.72187656,4.236724459,2.643179732,0.216561901
1015,410,-13.9646,143.8157,13109100104,13-109,U/N Reef,U/N Reef (13-109),Far Northern,2,2,0,0.11134267,0.413758654,0.022141965,0.237745435
1016,394,-13.9263,143.6148,13110100104,13-110,U/N Reef,U/N Reef (13-110),Far Northern,1,2,0,2.637554986,8.325147047,4.441150014,0.273867268
1017,417,-13.9438,143.7544,13111100104,13-111,Burkitt Reef,Burkitt Reef (13-111),Far Northern,1,2,0,1.159498352,3.320801369,2.126885457,0.272458128
1018,394,-13.949,143.6477,13112100104,13-112,U/N Reef,U/N Reef (13-112),Far Northern,1,2,0,2.486528509,3.821294871,0.049810956,0.267194684
1019,402,-13.9606,143.8415,13113100104,13-113,Iris Reef,Iris Reef (13-113),Far Northern,2,2,0,2.798474637,8.214668542,6.4559142,0.252825508
1020,417,-13.9758,143.6824,13114100104,13-114,Obree Reef,Obree Reef (13-114),Far Northern,1,2,0,0.301346221,0.148752106,0.081537812,0.273867268
1021,442,-14.3191,144.7414,14055100104,14-055,Munro Reef,Munro Reef (14-055),Far Northern,2,3,1,18.79020724,37.57781117,24.89837334,0.381687756
1022,449,-14.3281,144.9556,14056100104,14-056,U/N Reef,U/N Reef (14-056),Far Northern,2,3,0,12.18297586,18.25027796,11.89788813,0.254952886
1023,442,-14.3265,144.7182,14057101104,14-057a,Davy Patches (No 1),Davy Patches (No 1) (14-057a),Far Northern,1,3,1,0.141443527,0.389868148,0.003820541,0.267193033
1024,442,-14.3361,144.7079,14057102104,14-057b,Davy Patches (No 2),Davy Patches (No 2) (14-057b),Far Northern,1,3,1,0.168214104,0.70994642,0.00749838,0.267194617
1025,442,-14.3411,144.72,14057103104,14-057c,Davy Patches (No 3),Davy Patches (No 3) (14-057c),Far Northern,1,3,1,0.142539904,0.849197224,0.009172201,0.267194582
1026,437,-14.3349,144.5955,14058100104,14-058,U/N Reef,U/N Reef (14-058),Far Northern,1,3,1,0.06534801,0.313553763,0.00299051,0.267191758
1027,437,-14.3232,144.5867,14059100104,14-059,U/N Reef,U/N Reef (14-059),Far Northern,1,3,1,3.824304307,6.814734617,6.023333972,0.273867268
1028,437,-14.343,144.6504,14060100104,14-060,Barrow Reef,Barrow Reef (14-060),Far Northern,1,3,0,0.965779157,1.610821774,1.189231667,0.273126985
1029,477,-14.7177,145.1847,14120108104,14-120h,Turtle Group Reef (No 8),Turtle Group Reef (No 8) (14-120h),Cairns/Cooktown,1,3,1,0.118530581,0.71600279,0.42742597,0.27344092
1030,477,-14.7434,145.2084,14120109104,14-120j,Turtle Group Reef (No 9),Turtle Group Reef (No 9) (14-120j),Cairns/Cooktown,1,3,1,0.121796725,0.007373395,4.4e-5,0.267183425
1031,479,-14.718,145.2762,14121100104,14-121,Crompton Shoals,Crompton Shoals (14-121),Cairns/Cooktown,1,3,0,0.434118526,1.425379255,0.016425164,0.267194688
1032,477,-14.7315,145.1009,14122101104,14-122a,Pethebridge Islets Reef (East),Pethebridge Islets Reef (East) (14-122a),Cairns/Cooktown,1,3,0,0.154499842,0.807465774,0.546830432,0.273291909
1033,477,-14.7362,145.0825,14122102104,14-122b,Pethebridge Islets Reef (West),Pethebridge Islets Reef (West) (14-122b),Cairns/Cooktown,1,3,0,0.43931598,1.215717136,0.836860558,0.271304353
1034,479,-14.7632,145.3557,14123100104,14-123,Martin Reef,Martin Reef (14-123),Cairns/Cooktown,2,3,0,10.9088983,25.10680569,18.21941052,0.243996266
1035,508,-15.4302,145.6585,15045100104,15-045,U/N Reef,U/N Reef (15-045),Cairns/Cooktown,2,3,0,0.411777077,1.68102465,1.2120816700000001,0.218668051
1036,512,-15.4349,145.8009,15046100104,15-046,Ribbon No 4 Reef,Ribbon No 4 Reef (15-046),Cairns/Cooktown,3,3,0,10.04080051,20.85589205,14.27030789,0.35297557
1037,516,-15.4616,145.677,15047100104,15-047,U/N Reef,U/N Reef (15-047),Cairns/Cooktown,2,3,0,4.454963034,12.82266354,6.018697659,0.21948297
1038,516,-15.4841,145.6549,15048100104,15-048,U/N Reef,U/N Reef (15-048),Cairns/Cooktown,2,3,0,1.654356324,3.38826112,2.241599089,0.22357424
1039,513,-15.4857,145.5027,15049100104,15-049,U/N Reef,U/N Reef (15-049),Cairns/Cooktown,2,3,0,2.353349539,7.718478948,5.238338875,0.303332206
1040,512,-15.4883,145.8055,15050100104,15-050,Ribbon No 3 Reef,Ribbon No 3 Reef (15-050),Cairns/Cooktown,3,3,0,11.99874929,18.24209194,12.69286205,0.301212346
1041,372,-13.5421,144.0897,13116100104,13-116,U/N Reef,U/N Reef (13-116),Far Northern,3,2,0,27.27440348,30.65761071,12.34393795,0.289280092
1042,372,-13.5917,144.0992,13117101104,13-117a,U/N Reef,U/N Reef (13-117a),Far Northern,3,2,0,1.080559853,3.374393983,1.454748989,0.280534466
1043,372,-13.6005,144.0957,13117102104,13-117b,U/N Reef,U/N Reef (13-117b),Far Northern,3,2,0,2.608821356,7.287288877,2.993956824,0.293270681
1044,375,-13.6259,144.1037,13118101104,13-118a,Creech Reef (North),Creech Reef (North) (13-118a),Far Northern,3,2,0,5.687968343,12.71023017,10.12705626,0.323055806
1045,375,-13.6457,144.1073,13118102104,13-118b,Creech Reef (South),Creech Reef (South) (13-118b),Far Northern,3,2,0,0.397952207,1.766901171,1.319628931,0.290275434
1046,446,-14.36,144.757,14061100104,14-061,Switzer Reef,Switzer Reef (14-061),Far Northern,2,3,1,15.85288973,36.27984497,36.37004604,0.35128994
1047,449,-14.3752,144.9613,14062100104,14-062,U/N Reef,U/N Reef (14-062),Far Northern,2,3,0,9.434650752,17.0380166,9.523523173,0.275994414
1048,449,-14.4141,144.951,14063100104,14-063,Combe Reef,Combe Reef (14-063),Far Northern,2,3,1,40.83596405,65.59300119,51.75208953,0.370745216
1049,477,-14.7802,145.0868,14124100104,14-124,U/N Reef,U/N Reef (14-124),Cairns/Cooktown,1,3,1,6.413459396,12.29097375,0.185405501,0.267194682
1050,481,-14.7867,145.3156,14125100104,14-125,Maxwell Reef,Maxwell Reef (14-125),Cairns/Cooktown,1,3,0,0.30190177,1.540572388,0.200514227,0.263837962
1051,479,-14.7867,145.3444,14126100104,14-126,Linnet Reef,Linnet Reef (14-126),Cairns/Cooktown,2,3,0,3.8317361660000002,10.95361467,8.713631837,0.243068231
1052,477,-14.7881,145.1401,14127101104,14-127a,U/N Reef,U/N Reef (14-127a),Cairns/Cooktown,1,3,1,0.105685874,0.460368875,0.00460584,0.267196883
1053,477,-14.7983,145.1359,14127102104,14-127b,U/N Reef,U/N Reef (14-127b),Cairns/Cooktown,1,3,1,0.136653581,0.565445315,0.005804819,0.26719367
1054,481,-14.8171,145.2834,14128100104,14-128,Sim Reef,Sim Reef (14-128),Cairns/Cooktown,1,3,0,0.090639344,0.533826654,0.005440754,0.267195093
1055,477,-14.8162,145.1816,14129101104,14-129a,U/N Reef,U/N Reef (14-129a),Cairns/Cooktown,1,3,1,0.106678102,0.463806697,0.00464463,0.267196201
1056,477,-14.8225,145.1894,14129102104,14-129b,U/N Reef,U/N Reef (14-129b),Cairns/Cooktown,1,3,1,0.105329136,0.04779208,0.022730734,0.273867268
1057,509,-15.5048,145.3282,15051100104,15-051,Dawson Reef,Dawson Reef (15-051),Cairns/Cooktown,1,3,0,0.640344924,2.423565176,1.394268922,0.264865099
1058,513,-15.5348,145.3526,15052100104,15-052,Cowlishaw Reef,Cowlishaw Reef (15-052),Cairns/Cooktown,1,3,0,1.071490911,3.527501168,1.952455499,0.268260324
1059,513,-15.5461,145.3026,15053100104,15-053,Draper Patch,Draper Patch (15-053),Cairns/Cooktown,1,3,0,0.387301065,0.22110585,0.127354208,0.273867268
1060,520,-15.6016,145.3295,15054100104,15-054,Rocky Island Reef,Rocky Island Reef (15-054),Cairns/Cooktown,1,3,0,0.325419236,1.55109945,1.139744845,0.273867268
1061,526,-15.6127,145.3191,15055100104,15-055,U/N Reef,U/N Reef (15-055),Cairns/Cooktown,1,3,0,1.200898557,4.355821497,3.432424567,0.273836842
1062,520,-15.6247,145.4483,15056100104,15-056,Malcolm Patch,Malcolm Patch (15-056),Cairns/Cooktown,2,3,0,0.363051726,1.063194628,0.060906426,0.237745433
1063,520,-15.6405,145.4296,15057100104,15-057,Bee Reef,Bee Reef (15-057),Cairns/Cooktown,2,3,0,1.270893091,3.715537706,2.948311217,0.231999846
1064,526,-15.6444,145.3187,15058100104,15-058,U/N Reef,U/N Reef (15-058),Cairns/Cooktown,1,3,0,2.210100373,6.953922456,6.163772647,0.273867268
1065,526,-15.7054,145.3535,15059101104,15-059a,U/N Reef,U/N Reef (15-059a),Cairns/Cooktown,1,3,0,6.339259782,17.2027027,17.01072612,0.273867268
1066,378,-13.6763,144.1661,13119100104,13-119,U/N Reef,U/N Reef (13-119),Far Northern,3,2,0,18.23750839,25.7723726,17.59011517,0.342976344
1067,383,-13.7368,144.2373,13120100104,13-120,Sand Bank No 5 Reef,Sand Bank No 5 Reef (13-120),Far Northern,3,2,0,17.98807202,24.79622218,13.26384362,0.309926991
1068,383,-13.7802,144.267,13121100104,13-121,U/N Reef,U/N Reef (13-121),Far Northern,3,2,0,4.336182346,12.33858829,7.702931349,0.321989469
1069,454,-14.4257,144.8896,14064100104,14-064,Ingram-Beanley Reef,Ingram-Beanley Reef (14-064),Far Northern,2,3,0,6.730977798,17.67029874,16.91055749,0.244547332
1070,446,-14.4328,144.8115,14065100104,14-065,Bewick Reef,Bewick Reef (14-065),Far Northern,1,3,0,0.785034097,2.8605278,2.253847926,0.268118718
1071,481,-14.8505,145.2729,14131100104,14-131,Decapolis Reef,Decapolis Reef (14-131),Cairns/Cooktown,1,3,1,0.162204393,0.454691591,0.210222956,0.273867268
1072,485,-14.8553,145.4792,14132101104,14-132a,Rocky Islets Reef,Rocky Islets Reef (14-132a),Cairns/Cooktown,2,3,1,6.133033758,11.35483187,7.105269625,0.329624211
1073,482,-14.8655,145.5276,14132102104,14-132b,U/N Reef,U/N Reef (14-132b),Cairns/Cooktown,2,3,0,6.755015273,13.24474872,7.019120105,0.278579193
1074,485,-14.8695,145.4889,14132103104,14-132c,U/N Reef,U/N Reef (14-132c),Cairns/Cooktown,2,3,1,0.182308034,0.286519101,0.00270134,0.237745981
1075,490,-14.9168,145.516,14133100104,14-133,U/N Reef,U/N Reef (14-133),Cairns/Cooktown,2,3,0,5.582189181,11.43831301,6.358658417,0.297336303
1076,490,-14.8946,145.478,14134100104,14-134,Eye Reef,Eye Reef (14-134),Cairns/Cooktown,2,3,0,1.41921033,4.244786085,3.138971143,0.275232744
1077,357,-13.316,143.5314,13042100104,13-042,U/N Reef,U/N Reef (13-042),Far Northern,1,2,0,6.992278635,17.88379069,12.80281864,0.273867268
1078,357,-13.2825,143.5392,13043100104,13-043,U/N Reef,U/N Reef (13-043),Far Northern,1,2,0,0.788899715,2.942058691,1.525893756,0.273867268
1079,357,-13.2757,143.596,13045100104,13-045,Lowrie Reef,Lowrie Reef (13-045),Far Northern,1,2,0,0.281669369,0.729739665,0.487979069,0.273033654
1080,358,-13.3081,143.6732,13048100104,13-048,Bow Reef,Bow Reef (13-048),Far Northern,1,2,0,0.576410867,2.093022921,0.992974359,0.248640365
1081,359,-13.3176,143.89,13049100104,13-049,U/N Reef,U/N Reef (13-049),Far Northern,3,2,0,3.713877148,0.499389463,0.005047571,0.296671358
1082,398,-13.8584,144.0278,13122100104,13-122,U/N Reef,U/N Reef (13-122),Far Northern,2,2,0,20.66224659,28.65438126,8.27368247,0.251322497
1083,405,-13.8558,144.1353,13123100104,13-123,U/N Reef,U/N Reef (13-123),Far Northern,2,2,0,2.98698294,6.888629976,4.363193562,0.215008721
1084,398,-13.8531,144.0788,13124100104,13-124,U/N Reef,U/N Reef (13-124),Far Northern,2,2,0,20.66261994,27.47491754,7.382701943,0.289920489
1085,393,-13.8655,144.3113,13125100104,13-125,U/N Reef,U/N Reef (13-125),Far Northern,3,2,0,70.7890396,50.68280318,21.11581989,0.304881358
1086,455,-14.4574,144.9583,14066100104,14-066,Mid Reef,Mid Reef (14-066),Far Northern,2,3,0,13.74903621,31.54166439,30.2035416,0.393231242
1087,462,-14.4523,144.6299,14067100104,14-067,U/N Reef,U/N Reef (14-067),Far Northern,1,3,1,10.57218694,24.70709911,23.97289941,0.273866336
1088,454,-14.4629,144.8933,14068100104,14-068,Watson Reef,Watson Reef (14-068),Far Northern,1,3,0,0.65933671,2.494110869,1.922940698,0.271861862
1089,462,-14.4755,144.7535,14069100104,14-069,Wooden Patch,Wooden Patch (14-069),Far Northern,1,3,0,0.55665573,0.005136293,2.93e-5,0.267187424
1090,462,-14.4747,144.6979,14070100104,14-070,Baron Reef,Baron Reef (14-070),Far Northern,1,3,1,0.610104545,0.828974727,0.512045152,0.273867268
1091,494,-14.9395,145.488,14135100104,14-135,Helsdon Reef,Helsdon Reef (14-135),Cairns/Cooktown,2,3,0,12.56361766,20.2759266,11.64959099,0.31212735
1092,481,-14.9418,145.3381,14136101104,14-136a,U/N Reef,U/N Reef (14-136a),out,1,3,0,0.066627654,0.318233795,0.003039686,0.267199008
1093,481,-14.9484,145.3342,14136102104,14-136b,U/N Reef,U/N Reef (14-136b),out,1,3,0,0.073234469,0.343238739,0.003310638,0.267189989
1094,472,-14.5477,145.589,14137100104,14-137,Carter Reef,Carter Reef (14-137),Cairns/Cooktown,3,3,1,15.44891487,20.34774202,14.43252566,0.320909409
1095,472,-14.5997,145.6235,14138100104,14-138,Yonge Reef,Yonge Reef (14-138),Cairns/Cooktown,3,3,1,13.11982729,19.44460931,13.24333734,0.311895273
1096,474,-14.6438,145.6463,14139100104,14-139,No Name Reef,No Name Reef (14-139),Cairns/Cooktown,3,3,1,8.745080721,12.96476275,7.857135037,0.300904341
1097,474,-14.6649,145.6502,14140100104,14-140,Sydney Schubert Reef,U/N Reef (14-140),Cairns/Cooktown,3,3,1,2.000511387,5.063680844,2.798459348,0.287109635
1098,360,-13.3248,143.9734,13050101104,13-050a,U/N Reef,U/N Reef (13-050a),Far Northern,3,2,1,17.1273599,28.26058138,11.87847317,0.290397029
1099,360,-13.3081,143.9509,13050102104,13-050b,U/N Reef,U/N Reef (13-050b),Far Northern,3,2,0,0.150121163,0.430167485,0.004267569,0.296671358
1100,357,-13.3301,143.5573,13051100104,13-051,U/N Reef,U/N Reef (13-051),Far Northern,1,2,0,0.186908435,0.974705955,0.01071099,0.267193863
1101,361,-13.3279,143.7244,13052100104,13-052,U/N Reef,U/N Reef (13-052),Far Northern,2,2,0,1.642003778,3.57069843,0.443606223,0.219608052
1102,357,-13.3265,143.6008,13053100104,13-053,Treat Reef,Treat Reef (13-053),Far Northern,1,2,0,1.41878638,3.873766071,0.13871374,0.273867268
1103,357,-13.3516,143.5728,13054100104,13-054,U/N Reef,U/N Reef (13-054),Far Northern,1,2,0,0.12492712,0.764890445,0.008154461,0.267193913
1104,398,-13.9087,144.0631,13126100104,13-126,U/N Reef,U/N Reef (13-126),Far Northern,2,2,1,0.259164557,0.546567279,0.005587106,0.237745419
1105,401,-13.9212,144.3566,13127100104,13-127,Rodda Reef,Rodda Reef (13-127),Far Northern,3,2,0,5.284300932,14.5963879,12.86365846,0.420125234
1106,408,-13.9465,144.3496,13128100104,13-128,Joan Reef,Joan Reef (13-128),Far Northern,3,2,0,1.32478799,4.923239473,4.135965494,0.321312201
1107,408,-13.9524,144.4011,13129100104,13-129,Wilson Reef,Wilson Reef (13-129),Far Northern,3,2,0,16.35147905,25.35114379,22.26818657,0.397486015
1108,415,-13.9773,144.4547,13130100104,13-130,Davie Reef,Davie Reef (13-130),Far Northern,3,2,0,6.755884992,17.73055667,14.86725031,0.375415672
1109,415,-13.962,144.5744,13131100104,13-131,Eves Reef,Eves Reef (13-131),Far Northern,3,3,1,0.679687964,2.830561648,2.1589763,0.320164616
1110,415,-13.9759,144.552,13132100104,13-132,U/N Reef,U/N Reef (13-132),Far Northern,3,3,1,0.549504613,1.455970958,0.013270288,0.292999814
1111,462,-14.4742,144.643,14071101104,14-071a,Weigall Reefs (East),Weigall Reefs (East) (14-071a),Far Northern,1,3,1,0.512265445,2.365211066,1.832068372,0.273867268
1112,462,-14.479,144.6377,14071102104,14-071b,Weigall Reefs (West),Weigall Reefs (West) (14-071b),Far Northern,1,3,1,0.166018592,0.960282986,0.664564557,0.273867268
1113,455,-14.4774,144.9579,14072100104,14-072,Megaera Reef,Megaera Reef (14-072),Far Northern,1,3,0,0.961922066,3.729993149,2.997102343,0.285246963
1114,440,-14.2335,145.0026,14073100104,14-073,U/N Reef,U/N Reef (14-073),Far Northern,3,3,0,4.583996129,13.3616998,9.08275122,0.35846427
1115,440,-14.2677,145.0678,14074100104,14-074,U/N Reef,U/N Reef (14-074),Far Northern,3,3,0,44.98941744,74.22638906,23.38648818,0.297503977
1116,441,-14.2892,145.165,14075100104,14-075,U/N Reef,U/N Reef (14-075),Far Northern,3,3,0,8.735003297,18.39491512,9.997320069,0.292165814
1117,445,-14.3132,145.182,14076100104,14-076,U/N Reef,U/N Reef (14-076),Far Northern,3,3,0,0.202621957,0.853459157,0.419709407,0.299481853
1118,478,-14.7072,145.5388,14141100104,14-141,U/N Reef,U/N Reef (14-141),Cairns/Cooktown,2,3,0,1.555193552,0.855739932,0.422735822,0.197978091
1119,478,-14.7313,145.5825,14142100104,14-142,U/N Reef,U/N Reef (14-142),Cairns/Cooktown,2,3,0,0.514007212,1.070572263,0.696661648,0.232262908
1120,478,-14.7458,145.5106,14143100104,14-143,North Direction Reef,North Direction Reef (14-143),Cairns/Cooktown,2,3,1,0.691936823,1.804201971,1.351010842,0.219083187
1121,482,-14.7826,145.5309,14144100104,14-144,Kedge Reef,Kedge Reef (14-144),Cairns/Cooktown,2,3,0,6.366075612,0.920787732,0.120100679,0.195489028
1122,483,-14.7899,145.5866,14145100104,14-145,U/N Reef,U/N Reef (14-145),Cairns/Cooktown,2,3,0,6.126320552,2.482249728,1.725061065,0.23063231
1123,361,-13.3326,143.7807,13055100104,13-055,Peter Reef,Peter Reef (13-055),Far Northern,2,2,0,31.80078397,40.91242795,13.10862256,0.219157453
1124,363,-13.3672,143.9621,13056100104,13-056,Sand Bank No 8 Reef,Sand Bank No 8 Reef (13-056),Far Northern,3,2,1,2.581322927,7.683691043,4.493298178,0.310178228
1125,357,-13.3688,143.5992,13057101104,13-057a,Sharland Reefs (No 1),Sharland Reefs (No 1) (13-057a),Far Northern,1,2,1,0.71900823,3.102136776,1.096806015,0.273867268
1126,357,-13.3826,143.5974,13057102104,13-057b,Sharland Reefs (No 2),Sharland Reefs (No 2) (13-057b),Far Northern,1,2,1,0.991640537,4.011966251,1.818650047,0.273867268
1127,364,-13.4009,143.6101,13058101104,13-058a,U/N Reef,U/N Reef (13-058a),Far Northern,1,2,1,0.289567162,1.498557114,0.173667355,0.273867268
1128,364,-13.4086,143.6049,13058102104,13-058b,U/N Reef,U/N Reef (13-058b),Far Northern,1,2,1,0.20424155,1.099871348,0.012270076,0.26719472
1129,415,-13.9837,144.5199,13133100104,13-133,Tydeman Reef,Tydeman Reef (13-133),Far Northern,3,2,0,13.73094729,28.01438819,22.76322889,0.397281328
1130,367,-13.5172,143.6184,13134100104,13-134,U/N Reef,U/N Reef (13-134),Far Northern,1,2,0,0.297250639,1.054867718,0.0117065,0.267195496
1131,367,-13.5428,143.6043,13135100104,13-135,U/N Reef,U/N Reef (13-135),Far Northern,1,2,0,0.731302922,0.747649992,0.501474278,0.273867268
1132,365,-13.4605,143.806,13136100104,13-136,U/N Reef,U/N Reef (13-136),Far Northern,2,2,0,0.216548574,1.187731065,0.716714952,0.200046657
1133,375,-13.6572,144.1102,13137100104,13-137,U/N Reef,U/N Reef (13-137),Far Northern,3,2,0,0.273019151,1.405309047,0.016165207,0.296671359
1134,417,-14.0301,143.6865,14001100104,14-001,U/N Reef,U/N Reef (14-001),Far Northern,1,2,0,2.502617604,7.785084544,4.990095213,0.273858905
1135,410,-14.0135,143.8222,14002100104,14-002,Beabey Patches,Beabey Patches (14-002),Far Northern,1,2,0,0.515063903,0.028933626,2.04835e-4,0.267195254
1136,445,-14.3136,145.2371,14077101104,14-077a,U/N Reef,U/N Reef (14-077a),Far Northern,3,3,0,13.03866682,25.92130073,12.88066916,0.311751511
1137,445,-14.3291,145.2351,14077102104,14-077b,U/N Reef,U/N Reef (14-077b),Far Northern,3,3,0,0.478745249,1.404340151,0.045714965,0.296671358
1138,448,-14.3432,145.2775,14078100104,14-078,U/N Reef,U/N Reef (14-078),Far Northern,3,3,0,2.697458811,8.1318072,4.406272072,0.298001202
1139,452,-14.3798,145.3513,14079100104,14-079,Jewell Reef,Jewell Reef (14-079),Far Northern,3,3,0,49.59297994,71.85703614,18.2759372,0.297280419
1140,447,-14.3643,145.0181,14080100104,14-080,U/N Reef,U/N Reef (14-080),Far Northern,2,3,0,7.757978582,18.0333863,5.23257188,0.23198075
1141,456,-14.3986,145.035,14081100104,14-081,U/N Reef,U/N Reef (14-081),Far Northern,2,3,0,1.963776973,5.617095785,3.664865444,0.213273446
1142,488,-14.8272,145.6981,14146100104,14-146,Ribbon No 10 Reef,Ribbon No 10 Reef (14-146),Cairns/Cooktown,3,3,1,133.955079,74.72384831,55.59759324,0.34975798
1143,482,-14.8243,145.5237,14147101104,14-147a,South Direction Reef (North),South Direction Reef (North) (14-147a),Cairns/Cooktown,2,3,1,1.997904533,4.659593555,2.552449748,0.229905373
1144,482,-14.8117,145.5207,14147102104,14-147b,South Direction Reef (South),South Direction Reef (South) (14-147b),Cairns/Cooktown,2,3,1,1.327438928,4.34739961,2.639907945,0.271971856
1145,364,-13.3801,143.7054,13059100104,13-059,Ellis Reef,Ellis Reef (13-059),Far Northern,2,2,0,7.68939386,19.02400576,15.78230685,0.290340047
1146,362,-13.4168,143.7507,13060100104,13-060,Blanchard Reef,Blanchard Reef (13-060),Far Northern,2,2,0,35.32142651,54.95727689,16.07142639,0.299429787
1147,363,-13.3989,143.9745,13061101104,13-061a,U/N Reef,U/N Reef (13-061a),Far Northern,3,2,1,11.05886717,19.74847695,9.179229932,0.292065297
1148,366,-13.4246,143.9759,13061102104,13-061b,U/N Reef,U/N Reef (13-061b),Far Northern,3,2,1,2.625928792,6.975971885,2.269145159,0.295925592
1149,418,-14.0066,143.9833,14003100104,14-003,Grub Reef,Grub Reef (14-003),Far Northern,2,2,1,28.85060797,57.95733918,38.43331887,0.28899311
1150,418,-14.0523,143.9353,14004100104,14-004,Keast Shoal,Keast Shoal (14-004),Far Northern,1,2,0,0.079386786,0.366680705,0.003566036,0.26719434
1151,418,-14.0595,143.9319,14005100104,14-005,Cameron Shoal,Cameron Shoal (14-005),Far Northern,1,2,0,0.118654872,0.505731491,0.005119847,0.267193881
1152,410,-14.0637,143.8589,14006100104,14-006,Fahey Reef,Fahey Reef (14-006),Far Northern,1,2,0,0.341373892,1.660486134,1.230559726,0.264689994
1153,418,-14.0664,143.9259,14007100104,14-007,Taiwan Shoal,Taiwan Shoal (14-007),Far Northern,1,2,0,0.135195416,0.561389745,0.005757738,0.267195514
1154,456,-14.4157,145.0893,14082100104,14-082,Crescent Reef,Crescent Reef (14-082),Far Northern,2,3,0,29.34083075,44.76233568,15.87301965,0.278243052
1155,460,-14.4195,145.3225,14083100104,14-083,Parke Reef,Parke Reef (14-083),Far Northern,3,3,0,26.65578334,34.58495684,9.029098305,0.33167905
1156,456,-14.4436,145.044,14084100104,14-084,U/N Reef,U/N Reef (14-084),Far Northern,2,3,0,0.978843364,3.930685344,3.026245544,0.223893397
1157,453,-14.445,145.4104,14085100104,14-085,Hilder Reef,Hilder Reef (14-085),Cairns/Cooktown,3,3,1,13.03570359,22.718306,8.915393495,0.28895028
1158,487,-14.8425,145.6183,14149100104,14-149,U/N Reef,U/N Reef (14-149),Cairns/Cooktown,3,3,0,55.00421054,11.18902668,7.931400089,0.298363091
1159,486,-14.8831,145.5573,14150100104,14-150,U/N Reef,U/N Reef (14-150),Cairns/Cooktown,2,3,0,1.181654884,3.689630498,2.742231368,0.23642446
1160,492,-14.9199,145.6904,14151100104,14-151,No 10 Patches (No 1),No 10 Patches (No 1) (14-151),Cairns/Cooktown,3,3,1,0.898997217,3.205253104,1.383051057,0.28924135
1161,492,-14.9319,145.6817,14152100104,14-152,No 10 Patches (No 2),No 10 Patches (No 2) (14-152),Cairns/Cooktown,3,3,1,1.81036166,5.877136554,2.650137572,0.288037347
1162,492,-14.9504,145.6902,14153101104,14-153a,No 10 Patches (No 3),No 10 Patches (No 3) (14-153a),Cairns/Cooktown,3,3,1,2.564940851,7.115496906,3.421688675,0.290819698
1163,492,-14.9685,145.6862,14153102104,14-153b,No 10 Patches (No 4),No 10 Patches (No 4) (14-153b),Cairns/Cooktown,3,3,1,0.153292556,0.515976107,0.197137803,0.269468736
1164,366,-13.4398,143.9785,13061103104,13-061c,Sand Bank No 7 Reef,Sand Bank No 7 Reef (13-061c),Far Northern,3,2,1,2.262356866,7.456463591,5.778394152,0.335293198
1165,364,-13.4161,143.6287,13062100104,13-062,Roskruge Reef,Roskruge Reef (13-062),Far Northern,1,2,1,0.39877138,1.714501552,0.020218227,0.267194682
1166,365,-13.4231,143.8153,13063100104,13-063,U/N Reef,U/N Reef (13-063),Far Northern,2,2,0,21.37518483,27.16448676,12.38456616,0.225726193
1167,364,-13.4287,143.6889,13064100104,13-064,North Khandalla Shoal,North Khandalla Shoal (13-064),Far Northern,1,2,0,0.14679849,0.035703154,2.59803e-4,0.267209599
1168,364,-13.4343,143.7061,13065100104,13-065,Drake Shoal,Drake Shoal (13-065),Far Northern,1,2,0,0.689534161,0.518447973,0.01848612,0.263837962
1169,364,-13.4368,143.6916,13066100104,13-066,South Khandalla Shoal,South Khandalla Shoal (13-066),Far Northern,1,2,0,0.091390603,0.008994621,5.5e-5,0.267193421
1170,364,-13.4524,143.6511,13068100104,13-068,Quake Reef,Quake Reef (13-068),Far Northern,1,2,0,0.077350924,0.165197843,0.001453971,0.267196659
1171,364,-13.4538,143.6254,13069100104,13-069,Bell Bank (North),Bell Bank (North) (13-069),Far Northern,1,2,1,0.999337784,4.036860109,1.65659569,0.273867268
1172,367,-13.4668,143.6214,13070100104,13-070,Bell Bank (South),Bell Bank (South) (13-070),Far Northern,1,2,1,0.446038006,2.11724612,0.025634851,0.26719468
1173,367,-13.4752,143.6811,13071100104,13-071,Heath Reef,Heath Reef (13-071),Far Northern,1,2,0,0.725638688,0.488806888,0.169492254,0.268257533
1174,418,-14.0778,143.9139,14008100104,14-008,Eden Reef,Eden Reef (14-008),Far Northern,1,2,0,0.93815444,3.567335601,2.879573698,0.299331296
1175,423,-14.1294,143.9368,14009100104,14-009,Clark Shoal,Clark Shoal (14-009),Far Northern,1,2,0,0.45715959,1.487791367,0.017236447,0.267194688
1176,417,-14.141,143.7025,14010100104,14-010,U/N Reef,U/N Reef (14-010),Far Northern,1,2,0,10.06987374,19.7286367,9.575331078,0.273811275
1177,423,-14.1786,143.9331,14011100104,14-011,Olive Patch,Olive Patch (14-011),Far Northern,1,2,0,0.334234849,1.158060203,0.013002767,0.267194669
1178,417,-14.2207,143.7739,14012100104,14-012,Cliff Islands Reef (West),Cliff Islands Reef (West) (14-012),Far Northern,1,2,1,2.097974142,3.784154466,2.822283043,0.273391186
1179,417,-14.2258,143.7922,14013100104,14-013,Cliff Islands Reef (East),Cliff Islands Reef (East) (14-013),Far Northern,1,2,1,0.65014077,2.082571036,1.095767067,0.273758007
1180,417,-14.2551,143.7309,14014100104,14-014,U/N Reef,U/N Reef (14-014),Far Northern,1,2,1,4.571848312,11.69954395,3.929320554,0.273867268
1181,417,-14.2887,143.7797,14015100104,14-015,June Reef,June Reef (14-015),Far Northern,1,2,1,0.740527811,1.855139854,1.367773467,0.273867268
1182,461,-14.4526,145.4821,14086100104,14-086,Hicks Reef,Hicks Reef (14-086),Cairns/Cooktown,3,3,0,23.76465071,37.19340897,17.54421712,0.308859744
1183,463,-14.4731,145.0253,14087100104,14-087,Snake Reef,Snake Reef (14-087),Far Northern,2,3,0,11.62858141,28.36253842,23.84168811,0.364093264
1184,458,-14.4562,145.2222,14088100104,14-088,Waining Reef,Waining Reef (14-088),Far Northern,2,3,0,151.3197161,130.0679092,43.2656665,0.252288467
1185,468,-14.4967,145.5368,14089100104,14-089,Day Reef,Day Reef (14-089),Cairns/Cooktown,3,3,1,23.86268045,34.17669505,21.18866931,0.336178151
1186,496,-14.9929,145.7033,14154100104,14-154,Ribbon No 9 Reef,Ribbon No 9 Reef (14-154),Cairns/Cooktown,3,3,0,21.53249876,19.93182503,13.78684897,0.295719573
1187,427,-14.1232,144.7037,14159101104,14-159a,U/N Reef,U/N Reef (14-159a),Far Northern,2,3,1,0.043809488,0.195966963,0.009689267,0.237745434
1188,427,-14.1343,144.6998,14159102104,14-159b,U/N Reef,U/N Reef (14-159b),Far Northern,3,3,1,0.029203458,0.119513588,0.001010081,0.296671513
1189,433,-14.1937,144.8594,14160100104,14-160,U/N Reef,U/N Reef (14-160),Far Northern,3,3,1,0.055986176,0.252348431,0.006628304,0.296671363
1190,410,-14.0192,143.9296,14161100104,14-161,U/N Reef,U/N Reef (14-161),Far Northern,2,2,1,1.40908971,3.151350376,0.174719084,0.237745433
1191,462,-14.5568,144.711,14162100104,14-162,U/N Reef,U/N Reef (14-162),out,1,3,1,0.079515869,0.366804,0.003566848,0.267196424
1192,490,-14.9086,145.4541,14163100104,14-163,U/N Reef,U/N Reef (14-163),Cairns/Cooktown,2,3,1,0.41792245,1.847139869,0.599148453,0.194553634
1193,494,-15.0038,145.4642,15001100104,15-001,Ada Bank,Ada Bank (15-001),Cairns/Cooktown,1,3,0,0.702515874,2.094629776,0.025326999,0.267194681
1194,367,-13.4863,143.7382,13072100104,13-072,Morris Island Reef,Morris Island Reef (13-072),Far Northern,2,2,0,15.36763234,31.56913481,26.22672643,0.360598688
1195,366,-13.467,143.9958,13073100104,13-073,U/N Reef,U/N Reef (13-073),Far Northern,3,2,1,0.110478666,0.508951633,0.005156431,0.296671357
1196,366,-13.4779,144.0525,13074100104,13-074,U/N Reef,U/N Reef (13-074),Far Northern,3,2,1,13.39488705,22.2429678,14.10908067,0.324823596
1197,367,-13.5425,143.6553,13075100104,13-075,MacDonald Reef,MacDonald Reef (13-075),Far Northern,1,2,0,0.210082757,0.799073472,0.008565167,0.267195839
1198,420,-13.9792,144.1161,14016100104,14-016,Corbett Reef,Corbett Reef (14-016),Far Northern,2,2,1,222.9155439,199.069482,133.527753,0.328672025
1199,425,-14.0678,144.2432,14017100104,14-017,Clack Reef,Clack Reef (14-017),Far Northern,2,2,1,12.88085045,30.65085312,30.96561378,0.243931923
1200,425,-14.0997,144.3213,14018100104,14-018,King Island Reef,King Island Reef (14-018),Far Northern,2,2,1,3.717235565,6.181040207,3.874550677,0.245020356
1201,415,-14.1037,144.4849,14019100104,14-019,Aylen Patch,Aylen Patch (14-019),Far Northern,2,2,0,0.75439792,1.910356737,0.10986258,0.237745433
1202,415,-14.1073,144.4979,14020100104,14-020,Oswald Shoal,Oswald Shoal (14-020),Far Northern,2,2,0,0.743460505,1.544743363,0.017980488,0.237745428
1203,469,-14.5042,144.9702,14090100104,14-090,Howick Reef,Howick Reef (14-090),Far Northern,1,3,0,3.310095059,9.30593247,8.275371549,0.27107984
1204,462,-14.5018,144.765,14091100104,14-091,Noble Reef,Noble Reef (14-091),Far Northern,1,3,1,0.609022196,1.645483362,1.212606611,0.273867268
1205,494,-15.0231,145.4416,15002100104,15-002,Two Islands Reef,Two Islands Reef (15-002),Cairns/Cooktown,1,3,0,1.876393012,6.236139666,5.269830887,0.266167275
1206,495,-15.0934,145.3794,15003100104,15-003,Low Wooded Reef,Low Wooded Reef (15-003),Cairns/Cooktown,1,3,0,0.879812013,3.101968445,2.433383629,0.262547547
1207,494,-15.0955,145.2633,15004101104,15-004a,Murray Reefs (No  1),Murray Reefs (No  1) (15-004a),Cairns/Cooktown,1,3,0,0.073191572,0.064349098,0.03176496,0.273867268
1208,494,-15.0947,145.2687,15004102104,15-004b,Murray Reefs (No  2),Murray Reefs (No  2) (15-004b),Cairns/Cooktown,1,3,0,0.291769761,0.118845705,0.063342393,0.272144289
1209,494,-15.1008,145.2641,15004103104,15-004c,Murray Reefs (No  3),Murray Reefs (No  3) (15-004c),Cairns/Cooktown,1,3,0,0.046281138,0.23777712,0.002190331,0.267193853
1210,368,-13.526,143.7908,13076100104,13-076,Ogilvie Reef,Ogilvie Reef (13-076),Far Northern,2,2,1,37.47887763,53.873484500000004,37.02685691,0.374914828
1211,371,-13.5524,143.852,13077100104,13-077,U/N Reef,U/N Reef (13-077),Far Northern,2,2,1,80.31698881,80.39060806,20.12733446,0.227218773
1212,423,-14.1282,144.0023,14022100104,14-022,Wharton Reef,Wharton Reef (14-022),Far Northern,1,2,0,1.140797994,3.971922296,3.282569077,0.251611274
1213,425,-14.1213,144.3023,14023100104,14-023,Atkinson Reef,Atkinson Reef (14-023),Far Northern,2,2,0,0.20340903,0.669615555,0.037346947,0.237745433
1214,427,-14.1426,144.4841,14024100104,14-024,Channel Rocks Reef,Channel Rocks Reef (14-024),Far Northern,1,2,0,0.358221919,0.051394859,3.90562e-4,0.267188899
1215,427,-14.1484,144.4852,14025100104,14-025,Boulder Rock Reef,Boulder Rock Reef (14-025),Far Northern,1,2,0,0.258717814,0.060784929,0.00420174,0.273867268
1216,425,-14.1408,144.2461,14026101104,14-026a,Stanley Island Reef (No 1),Stanley Island Reef (No 1) (14-026a),Far Northern,1,2,0,0.870487382,2.739112315,2.070138797,0.273867268
1217,469,-14.5056,144.9158,14092100104,14-092,Newton Reef,Newton Reef (14-092),Far Northern,1,3,0,0.635141175,2.572058717,1.894200497,0.268737356
1218,454,-14.5217,144.845,14093100104,14-093,Sand Reef,Sand Reef (14-093),Far Northern,1,3,0,0.061561817,0.298855143,0.002832955,0.267191315
1219,469,-14.5241,144.9731,14094100104,14-094,Houghton Reef,Houghton Reef (14-094),Far Northern,1,3,0,0.891432221,3.232610197,2.489090499,0.270518792
1220,454,-14.5395,144.856,14096100104,14-096,U/N Reef,U/N Reef (14-096),Far Northern,1,3,1,0.073601421,0.392112141,0.236564742,0.273867268
1221,469,-14.5399,144.9927,14097100104,14-097,Coquet Reef,Coquet Reef (14-097),Far Northern,1,3,0,0.754552895,2.71933311,2.111364,0.267230755
1222,498,-15.115,145.4224,15005100104,15-005,Three Islands Reef,Three Islands Reef (15-005),Cairns/Cooktown,1,3,1,1.65320893,5.634042553,4.863914391,0.266636358
1223,501,-15.1384,145.3174,15006100104,15-006,Conical Rock Reef,Conical Rock Reef (15-006),Cairns/Cooktown,1,3,0,1.645734172,5.221163071,4.154371998,0.272591616
1224,501,-15.1559,145.2475,15007100104,15-007,U/N Reef,U/N Reef (15-007),Cairns/Cooktown,1,3,0,1.054911123,3.88111682,3.198264236,0.27135835
1225,501,-15.1589,145.2682,15008100104,15-008,Beor Reef,Beor Reef (15-008),Cairns/Cooktown,1,3,0,0.385764396,0.908746367,0.624577105,0.266839749
1226,498,-15.1667,145.4961,15009100104,15-009,Forrester Reef,Forrester Reef (15-009),Cairns/Cooktown,2,3,0,14.39472577,32.28801316,22.3329454,0.37557767
1227,501,-15.2146,145.3425,15011100104,15-011,Petty Patch,Petty Patch (15-011),Cairns/Cooktown,1,3,0,0.251249822,0.920248182,0.010039935,0.267194699
1228,373,-13.641,143.9217,13078100104,13-078,U/N Reef,U/N Reef (13-078),Far Northern,2,2,0,2.64345623,4.492141775,2.554164967,0.208985213
1229,374,-13.6822,143.7922,13079101104,13-079a,Noddy Reef (No 1),Noddy Reef (No 1) (13-079a),Far Northern,2,2,0,42.89043636,73.18105347,30.67977182,0.394954714
1230,374,-13.6243,143.8249,13079102104,13-079b,Noddy Reef (No 2),Noddy Reef (No 2) (13-079b),Far Northern,2,2,0,9.045448541,17.40798411,3.181935416,0.238939115
1231,373,-13.6067,143.9079,13079103104,13-079c,Noddy Reef (No 3),Noddy Reef (No 3) (13-079c),Far Northern,2,2,0,14.25045844,18.87749584,8.18992665,0.21509767
1232,425,-14.1514,144.2541,14026102104,14-026b,Stanley Island Reef (No 2),Stanley Island Reef (No 2) (14-026b),Far Northern,1,2,0,0.537491915,2.166347262,1.622374481,0.273867268
1233,425,-14.1635,144.2322,14026103104,14-026c,Stanley Island Reef (No 3),Stanley Island Reef (No 3) (14-026c),Far Northern,1,2,0,0.176562253,0.885884596,0.60692822,0.273867268
1234,425,-14.1745,144.2194,14026104104,14-026d,Stanley Island Reef (No 4),Stanley Island Reef (No 4) (14-026d),Far Northern,1,2,0,0.72459197,1.667033458,1.139292043,0.273867268
1235,425,-14.1618,144.2165,14026105104,14-026e,Stanley Island Reef (No 5),Stanley Island Reef (No 5) (14-026e),Far Northern,1,2,0,2.757803612,1.36661904,0.959390217,0.273867268
1236,431,-14.1745,144.7351,14028100104,14-028,U/N Reef,U/N Reef (14-028),Far Northern,2,3,1,33.98390277,65.9139559,2.719383635,0.224906009
1237,425,-14.209,144.2459,14029100104,14-029,MacLear Reef,MacLear Reef (14-029),Far Northern,1,2,0,0.101779938,0.568040571,0.368141529,0.273867268
1238,469,-14.5408,144.9217,14098101104,14-098a,Miles Reef (North),Miles Reef (North) (14-098a),Far Northern,1,3,0,0.107761851,0.18654205,0.001667186,0.267198093
1239,469,-14.5444,144.9186,14098102104,14-098b,Miles Reef (South),Miles Reef (South) (14-098b),Far Northern,1,3,0,0.130053349,0.436259436,0.058794538,0.273867268
1240,469,-14.5485,144.8702,14099100104,14-099,Leggatt Reef,Leggatt Reef (14-099),Far Northern,1,3,1,0.372530274,1.212321568,0.863789852,0.273867268
1241,454,-14.5508,144.8502,14100100104,14-100,U/N Reef,U/N Reef (14-100),Far Northern,1,3,1,0.081057907,0.390357935,0.241398143,0.273867268
1242,469,-14.5536,144.9052,14101100104,14-101,Sinclair-Morris Reef,Sinclair-Morris Reef (14-101),Far Northern,1,3,1,0.545550206,2.122976809,1.576570122,0.271019597
1243,469,-14.5632,144.8895,14102100104,14-102,Hampton Reef,Hampton Reef (14-102),Far Northern,1,3,1,0.807665027,2.5805546,1.917462719,0.273867268
1244,469,-14.5741,144.9273,14103100104,14-103,Beatrice Reef,Beatrice Reef (14-103),Far Northern,1,3,1,0.325990854,0.447500459,0.273209589,0.246852876
1245,509,-15.4139,145.4314,15012100104,15-012,Boulder Reef,Boulder Reef (15-012),Cairns/Cooktown,2,3,0,13.55498507,30.71923549,18.83344538,0.245733035
1246,510,-15.4741,145.4175,15013100104,15-013,Egret Reef,Egret Reef (15-013),Cairns/Cooktown,2,3,0,11.9529289,23.31251196,16.54351886,0.243998981
1247,509,-15.4777,145.2898,15014101104,15-014a,Blackbird Patches (North),Blackbird Patches (North) (15-014a),Cairns/Cooktown,1,3,0,0.061777177,0.299570959,0.002840835,0.267195822
1248,509,-15.4839,145.2887,15014102104,15-014b,Blackbird Patches (South),Blackbird Patches (South) (15-014b),Cairns/Cooktown,1,3,0,0.060881052,0.296089652,0.002804034,0.267189212
1249,495,-15.0061,145.5111,15015100104,15-015,Tilbrook Bank,Tilbrook Bank (15-015),Cairns/Cooktown,2,3,0,0.799165458,1.99861851,0.114757215,0.237745432
1250,495,-15.0049,145.5692,15016100104,15-016,Gull Reef,Gull Reef (15-016),Cairns/Cooktown,2,3,0,0.585392104,1.590565079,1.17242052,0.225631943
1251,496,-15.034,145.6959,15017101104,15-017a,U/N Reef,U/N Reef (15-017a),Cairns/Cooktown,3,3,0,3.593084437,8.494240118,5.386363389,0.300525406
1252,496,-15.0453,145.7028,15017102104,15-017b,U/N Reef,U/N Reef (15-017b),Cairns/Cooktown,3,3,0,0.098740212,0.214589151,0.001951801,0.296673298
1253,496,-15.0242,145.6795,15017103104,15-017c,U/N Reef,U/N Reef (15-017c),Cairns/Cooktown,3,3,0,0.158973515,0.437403844,0.145111228,0.235241642
1254,379,-13.6382,143.5567,13080100104,13-080,U/N Reef,U/N Reef (13-080),Far Northern,1,2,0,10.49017629,24.62813993,8.811461424,0.273867268
1255,374,-13.6532,143.7306,13081100104,13-081,Fife Reef,Fife Reef (13-081),Far Northern,2,2,0,4.108537928,10.72841136,9.233870309,0.321015685
1256,380,-13.6694,143.6905,13083100104,13-083,Hay Island Reef,Hay Island Reef (13-083),Far Northern,1,2,0,0.726831253,1.866581225,1.318976959,0.268268306
1257,380,-13.7021,143.8173,13084100104,13-084,U/N Reef,U/N Reef (13-084),Far Northern,2,2,0,0.66746329,2.044318281,1.409859015,0.266180583
1258,379,-13.7294,143.5644,13085100104,13-085,Frenchman Reef,Frenchman Reef (13-085),Far Northern,1,2,0,1.706202719,5.147594881,0.82849086,0.273867268
1259,379,-13.7372,143.6388,13086100104,13-086,Poulsen Reef,Poulsen Reef (13-086),Far Northern,1,2,0,0.078737198,0.364441389,0.003541684,0.267195313
1260,425,-14.2175,144.2219,14031100104,14-031,Blackwood Reef,Blackwood Reef (14-031),Far Northern,1,2,0,1.375724767,1.882967934,1.245800258,0.273867268
1261,425,-14.2219,144.2679,14032100104,14-032,Denham Reef,Denham Reef (14-032),Far Northern,1,2,0,0.470351806,1.709553399,1.271542973,0.273867268
1262,425,-14.2562,144.3479,14033101104,14-033a,Rocky Islets Reef (North),Rocky Islets Reef (North) (14-033a),Far Northern,1,2,0,0.514261215,1.698224399,1.151030346,0.273867268
1263,425,-14.271,144.3561,14033102104,14-033b,Rocky Islets Reef (South),Rocky Islets Reef (South) (14-033b),Far Northern,1,2,0,0.187889138,0.464799624,0.2937731,0.273766496
1264,426,-14.0662,144.7478,14034100104,14-034,U/N Reef,U/N Reef (14-034),Far Northern,3,3,1,168.5920033,146.3137822,48.06211774,0.315165608
1265,427,-14.089,144.6671,14035100104,14-035,U/N Reef,U/N Reef (14-035),Far Northern,2,3,1,1.873202638,5.829885706,0.073977983,0.39935614
1266,427,-14.0948,144.5353,14036100104,14-036,Pipon Shoals,Pipon Shoals (14-036),Far Northern,2,3,0,1.166490544,0.309223975,5.77289e-4,0.228214562
1267,427,-14.1014,144.577,14037100104,14-037,Melanie Patches,Melanie Patches (14-037),Far Northern,2,3,0,0.679894568,2.851922952,0.093578466,0.228214562
1268,469,-14.6147,144.9355,14104100104,14-104,Murdoch Reef,Murdoch Reef (14-104),Far Northern,1,3,1,3.300967317,8.925534939,7.333356338,0.273867268
1269,469,-14.6373,144.9222,14105100104,14-105,U/N Reef,U/N Reef (14-105),out,1,3,1,6.03033189,14.24124662,11.23550785,0.273503054
1270,469,-14.6845,144.9526,14106100104,14-106,Rocky Ledges,Rocky Ledges (14-106),Cairns/Cooktown,1,3,1,1.252060839,1.882122691,1.41682744,0.273788985
1271,477,-14.7119,144.9937,14107101104,14-107a,U/N Reef,U/N Reef (14-107a),Cairns/Cooktown,1,3,1,0.24977196,0.916186778,0.00999013,0.267194604
1272,469,-14.7144,144.9865,14107102104,14-107b,U/N Reef,U/N Reef (14-107b),Cairns/Cooktown,1,3,1,0.062142666,0.301067244,0.002856358,0.267196678
1273,469,-14.7185,144.9527,14108100104,14-108,U/N Reef,U/N Reef (14-108),Cairns/Cooktown,1,3,1,1.588616473,1.579208891,1.128957895,0.273584102
1274,464,-14.5073,145.1585,14109100104,14-109,Fly Reef,Fly Reef (14-109),Far Northern,2,3,0,1.425228079,5.362673412,4.560718477,0.255668853
1275,473,-14.5909,145.4662,14110100104,14-110,Underwood Shoal,Underwood Shoal (14-110),Cairns/Cooktown,2,3,0,0.595870936,0.137051567,0.001178989,0.237749833
1276,477,-14.6603,145.1781,14111100104,14-111,Covered Reef,Covered Reef (14-111),Cairns/Cooktown,1,3,0,0.328865764,1.141546405,0.012794571,0.267193983
1277,473,-14.6145,145.4683,14112100104,14-112,Stewart Shoal,Stewart Shoal (14-112),Cairns/Cooktown,2,3,0,0.430276925,1.217959047,0.070082109,0.237745433
1278,495,-15.0446,145.5329,15018100104,15-018,Pasco Reef,Pasco Reef (15-018),Cairns/Cooktown,2,3,0,2.491223273,5.47404692,4.419707366,0.251259423
1279,495,-15.0509,145.57,15019100104,15-019,Long Reef,Long Reef (15-019),Cairns/Cooktown,2,3,0,11.169202,12.65028295,7.994838505,0.243580345
1280,495,-15.0734,145.5175,15020100104,15-020,Strickland Reef,Strickland Reef (15-020),Cairns/Cooktown,2,3,0,0.749687344,2.528308663,1.368117388,0.226890177
1281,496,-15.0728,145.7237,15021101104,15-021a,Ribbon No 8 Reef,Ribbon No 8 Reef (15-021a),Cairns/Cooktown,3,3,0,16.40754928,26.98788507,17.7813773,0.304927765
1282,496,-15.0748,145.7052,15021102104,15-021b,U/N Reef,U/N Reef (15-021b),Cairns/Cooktown,3,3,0,0.202551758,0.438030599,0.097136545,0.29763808
1283,497,-15.098,145.6364,15022100104,15-022,U/N Reef,U/N Reef (15-022),Cairns/Cooktown,2,3,0,5.893424257,9.627327213,6.270167592,0.256434136
1284,497,-15.0944,145.6702,15023100104,15-023,U/N Reef,U/N Reef (15-023),Cairns/Cooktown,2,3,0,3.685027327,5.645961156,3.658911318,0.23724162
1285,384,-13.7596,143.8379,13087100104,13-087,Magpie Reef,Magpie Reef (13-087),Far Northern,2,2,0,83.48903368,116.3759466,79.47191415,0.38771905
1286,377,-13.7432,143.9058,13088100104,13-088,Lytton Reef,Lytton Reef (13-088),Far Northern,2,2,0,55.25767025,66.31599721,21.83724166,0.227035076
1287,382,-13.7563,143.9477,13089100104,13-089,U/N Reef,U/N Reef (13-089),Far Northern,2,2,0,1.610305013,2.14121403,0.870413392,0.223198786
1288,379,-13.7715,143.6402,13091100104,13-091,Wilkie Reef,Wilkie Reef (13-091),Far Northern,1,2,0,0.952414124,1.739102322,1.123883504,0.273851122
1289,427,-14.1205,144.5239,14038100104,14-038,Pipon Reef,Pipon Reef (14-038),Far Northern,2,3,0,3.92448665,9.642207879,7.733121918,0.244835928
1290,430,-14.1675,144.6464,14039100104,14-039,North Warden Reef,North Warden Reef (14-039),Far Northern,2,3,1,12.65050144,24.94969326,3.865065847,0.292267471
1291,427,-14.1598,144.6007,14040100104,14-040,Singleton Patch,Singleton Patch (14-040),Far Northern,2,3,0,0.250352078,0.790346959,0.044585704,0.237745432
1292,473,-14.6333,145.4803,14113100104,14-113,Petricola Shoal,Petricola Shoal (14-113),Cairns/Cooktown,2,3,0,0.609198827,1.608561995,0.092811701,0.237745432
1293,473,-14.652,145.4911,14114100104,14-114,MacGillivray Reef,MacGillivray Reef (14-114),Cairns/Cooktown,2,3,1,0.916110296,3.229524616,2.595164918,0.248637655
1294,477,-14.655,145.2521,14115100104,14-115,Nymph Reef,Nymph Reef (14-115),Cairns/Cooktown,1,3,1,1.30953027,3.561478692,2.83752055,0.26835047
1295,498,-15.1389,145.5713,15024100104,15-024,Mackay Reefs,Mackay Reefs (15-024),Cairns/Cooktown,2,3,0,32.47400517,42.26027236,17.93299078,0.247802155
1296,500,-15.1367,145.697,15025100104,15-025,Harrier Reef,Harrier Reef (15-025),Cairns/Cooktown,2,3,0,1.604159719,3.233234685,2.329330438,0.221572486
1297,500,-15.1893,145.7384,15026100104,15-026,Ribbon No 7 Reef,Ribbon No 7 Reef (15-026),Cairns/Cooktown,3,3,0,17.56954168,28.98666558,21.68755484,0.309776935
1298,499,-15.1978,145.6212,15027100104,15-027,Marx Reef,Marx Reef (15-027),Cairns/Cooktown,2,3,0,1.350988023,5.007741477,2.955955387,0.229806739
1299,379,-13.7716,143.5442,13092100104,13-092,U/N Reef,U/N Reef (13-092),Far Northern,1,2,0,3.841973297,10.90438756,6.495362754,0.273867268
1300,390,-13.8289,143.9301,13093101104,13-093a,U/N Reef,U/N Reef (13-093a),Far Northern,2,2,0,49.35800565,42.43788893,1.226192785,0.261279983
1301,382,-13.7609,143.9617,13093102104,13-093b,U/N Reef,U/N Reef (13-093b),Far Northern,2,2,0,15.63985931,11.28143054,4.522058723,0.215448413
1302,386,-13.7684,143.9794,13093103104,13-093c,U/N Reef,U/N Reef (13-093c),Far Northern,2,2,0,17.76712606,10.46115913,4.66704222,0.210454445
1303,387,-13.8464,143.6871,13095100104,13-095,Sullivan Shoal,Sullivan Shoal (13-095),Far Northern,1,2,0,1.30289605,0.093901163,7.70553e-4,0.267190644
1304,387,-13.8446,143.778,13096100104,13-096,Ballerina Shoal,Ballerina Shoal (13-096),Far Northern,2,2,0,0.349118911,1.032337693,0.059068144,0.237745433
1305,425,-14.1737,144.2789,14042101104,14-042a,Flinders Island Reef (No 1),Flinders Island Reef (No 1) (14-042a),Far Northern,1,2,0,1.135453124,3.163337557,2.054969507,0.273867268
1306,425,-14.1946,144.2551,14042102104,14-042b,Flinders Island Reef (No 2),Flinders Island Reef (No 2) (14-042b),Far Northern,1,2,0,0.780607639,2.794496901,2.210190072,0.273867268
1307,425,-14.1705,144.2442,14042103104,14-042c,Flinders Island Reef (No 3),Flinders Island Reef (No 3) (14-042c),Far Northern,1,2,0,1.594614539,5.383893914,3.91130962,0.273867268
1308,433,-14.1778,144.7997,14043100104,14-043,U/N Reef,U/N Reef (14-043),Far Northern,2,3,1,14.56121196,27.79422319,3.176253822,0.252692753
1309,430,-14.1837,144.5382,14044100104,14-044,Hales Reef,Hales Reef (14-044),Far Northern,1,3,1,0.006824764,0.074738464,0.037590251,0.27382731
1310,433,-14.2004,144.8919,14045100104,14-045,Sand Bank No 1 Reef,Sand Bank No 1 Reef (14-045),Far Northern,3,3,1,6.080962232,16.77109375,10.90306262,0.352967166
1311,433,-14.205,144.8526,14046100104,14-046,U/N Reef,U/N Reef (14-046),Far Northern,3,3,1,0.215747237,0.742497383,0.022319465,0.296671357
1312,475,-14.6586,145.4469,14116101104,14-116a,Lizard Island Reef (North West),Lizard Island Reef (North West) (14-116a),Cairns/Cooktown,2,3,1,2.030283109,3.018653066,0.523971269,0.268768636
1313,473,-14.655,145.4661,14116102104,14-116b,Lizard Island Reef (North East),Lizard Island Reef (North East) (14-116b),Cairns/Cooktown,2,3,0,1.84527504,2.588029408,1.739487422,0.226755695
1314,475,-14.6853,145.4481,14116104104,14-116d,Lizard Island Reef (Lagoon),Lizard Island Reef (Lagoon) (14-116d),Cairns/Cooktown,2,3,1,9.132358242,16.43613429,6.432860388,0.266936707
1315,498,-15.2074,145.5565,15028100104,15-028,Startle Reefs,Startle Reefs (15-028),Cairns/Cooktown,2,3,0,21.22494987,19.46441608,7.076990017,0.220230567
1316,504,-15.2411,145.7225,15029100104,15-029,Camel Head Reef,Camel Head Reef (15-029),Cairns/Cooktown,3,3,1,3.928183484,8.700160372,5.029043237,0.294203583
1317,501,-15.2423,145.5371,15030100104,15-030,Swinger Reef,Swinger Reef (15-030),Cairns/Cooktown,2,3,0,5.269761326,5.616289391,3.579758698,0.238188887
1318,503,-15.2507,145.5872,15031100104,15-031,Pullen Reefs,Pullen Reefs (15-031),Cairns/Cooktown,2,3,0,0.766739706,1.064684088,0.465038508,0.226330513
1319,506,-15.2809,145.7519,15032100104,15-032,Ribbon No 6 Reef,Ribbon No 6 Reef (15-032),Cairns/Cooktown,3,3,1,9.568803059,14.49017662,9.330965718,0.297622251
1320,387,-13.8655,143.7177,13097100104,13-097,Hannah Island Reef,Hannah Island Reef (13-097),Far Northern,1,2,0,0.851502126,2.441502129,1.785360964,0.271686233
1321,396,-13.8666,143.937,13100100104,13-100,U/N Reef,U/N Reef (13-100),Far Northern,2,2,1,0.55504615,1.63504369,0.019167196,0.237745428
1322,394,-13.8737,143.6383,13101101104,13-101a,Rattlesnake Reefs (No 1),Rattlesnake Reefs (No 1) (13-101a),Far Northern,1,2,0,0.323149628,0.820323677,0.449056263,0.273867268
1323,394,-13.882,143.6444,13101102104,13-101b,Rattlesnake Reefs (No 2),Rattlesnake Reefs (No 2) (13-101b),Far Northern,1,2,0,0.199636458,0.708295286,0.4008212,0.273867268
1324,394,-13.9009,143.6557,13101103104,13-101c,Rattlesnake Reefs (No 3),Rattlesnake Reefs (No 3) (13-101c),Far Northern,1,2,0,1.663286663,1.276751335,0.014511353,0.267194671
1325,394,-13.8853,143.602,13102100104,13-102,U/N Reef,U/N Reef (13-102),Far Northern,1,2,0,2.8957305780000002,8.409289453,5.134906218,0.273663358
1326,395,-13.9042,143.8925,13104100104,13-104,Kestrel Reef,Kestrel Reef (13-104),Far Northern,2,2,0,1.232026956,3.009944473,2.002302951,0.291246924
1327,394,-13.9161,143.6787,13105100104,13-105,U/N Reef,U/N Reef (13-105),Far Northern,1,2,0,0.255692249,0.935037881,0.010221778,0.267194148
1328,433,-14.2122,144.9283,14047100104,14-047,U/N Reef,U/N Reef (14-047),Far Northern,3,3,1,14.36309825,25.86641119,10.71857941,0.293284351
1329,430,-14.2037,144.6701,14048100104,14-048,Broomfield Rock Reef,Broomfield Rock Reef (14-048),Far Northern,2,3,1,16.28579421,36.3597967,0.148543174,0.240000607
1330,440,-14.2264,144.9584,14049100104,14-049,U/N Reef,U/N Reef (14-049),Far Northern,3,3,1,0.786292112,3.296371402,2.601523951,0.294759001
1331,430,-14.2325,144.5767,14050100104,14-050,Rocky Point Island Reef,Rocky Point Island Reef (14-050),Far Northern,1,3,1,0.014622122,0.13749351,0.074628637,0.269640237
1332,476,-14.6811,145.4723,14116103104,14-116c,Lizard Island Reef (Coconut Bay),Lizard Island Reef (Coconut Bay) (14-116c),Cairns/Cooktown,2,3,1,0.62061174,2.247080283,1.725327883,0.277639937
1333,477,-14.6689,145.2,14117100104,14-117,Gunga Shoal,Gunga Shoal (14-117),Cairns/Cooktown,1,3,0,0.262285036,0.952553921,0.010437139,0.267195385
1334,954,-20.3482,148.9359,20058101104,20-058a,Dent Reef (No 1),Dent Reef (No 1) (20-058a),Townsville/Whitsunday,1,8,0,0.589710417,2.286093885,1.259514057,0.273867268
1335,954,-20.3497,148.9273,20058102104,20-058b,Dent Reef (No 2),Dent Reef (No 2) (20-058b),Townsville/Whitsunday,1,8,0,0.105839751,0.471398892,0.257732805,0.273867268
1336,954,-20.3717,148.9627,20059100104,20-059,U/N Reef,U/N Reef (20-059),Townsville/Whitsunday,1,8,0,0.032732008,0.261970242,0.006805323,0.263837962
1337,948,-20.329,148.8484,20060101104,20-060a,Long Island Reef (No 1),Long Island Reef (No 1) (20-060a),Townsville/Whitsunday,1,8,0,0.51263296,1.569943699,0.278639764,0.273867268
1338,939,-20.3006,149.0823,20078104104,20-078d,Haslewood Island Reef (No 4),Haslewood Island Reef (No 4) (20-078d),Townsville/Whitsunday,1,8,0,0.346114642,1.574749816,1.006581078,0.270222882
1339,939,-20.2802,149.099,20078105104,20-078e,Haslewood Island Reef (No 5),Haslewood Island Reef (No 5) (20-078e),Townsville/Whitsunday,1,8,1,3.217878052,7.659586988,4.66792666,0.267434281
1340,954,-20.2982,148.9295,20041111104,20-041l,Whitsunday Island Reef (No 11),Whitsunday Island Reef (No 11) (20-041l),Townsville/Whitsunday,1,8,0,0.337073378,1.301509437,0.893310385,0.273867268
1341,954,-20.2905,148.9209,20041112104,20-041m,Whitsunday Island Reef (No 12),Whitsunday Island Reef (No 12) (20-041m),Townsville/Whitsunday,1,8,0,0.816938982,3.121183344,1.624400611,0.273867268
1342,948,-20.3433,148.8471,20060102104,20-060b,Long Island Reef (No 2),Long Island Reef (No 2) (20-060b),Townsville/Whitsunday,1,8,0,0.233591748,1.090182592,0.554353919,0.273867268
1343,948,-20.3632,148.8481,20060103104,20-060c,Long Island Reef (No 3),Long Island Reef (No 3) (20-060c),Townsville/Whitsunday,1,8,0,0.220274735,1.060580081,0.140196126,0.273867268
1344,939,-20.2761,149.1121,20078106104,20-078f,Lupton Reef,Lupton Reef (20-078f),Townsville/Whitsunday,1,8,1,0.622341905,2.097249131,1.319486299,0.264757001
1345,939,-20.2636,149.1054,20078107104,20-078g,Cashell Reef,Cashell Reef (20-078g),Townsville/Whitsunday,1,8,1,0.606904114,2.229465325,1.317233444,0.260946272
1346,923,-20.0811,148.8927,20017100104,20-017,Black Island Reef,Black Island Reef (20-017),Townsville/Whitsunday,1,8,1,0.457584969,2.111454193,1.513463844,0.272556302
1347,923,-20.0719,148.975,20018100104,20-018,Double Rock Reef,Double Rock Reef (20-018),Townsville/Whitsunday,1,8,0,0.003753821,0.031878162,2.28397e-4,0.267180976
1348,923,-20.0885,148.8777,20019100104,20-019,Langford-Bird Reef,Langford-Bird Reef (20-019),Townsville/Whitsunday,1,8,0,1.914977616,6.220824718,5.269874585,0.272963822
1349,954,-20.2779,148.9249,20041113104,20-041n,Whitsunday Island Reef (No 13),Whitsunday Island Reef (No 13) (20-041n),Townsville/Whitsunday,1,8,0,0.580816412,1.613991313,0.804760864,0.273867268
1350,938,-20.2244,148.9454,20041115104,20-041p,Whitsunday Island Reef (No 15),Whitsunday Island Reef (No 15) (20-041p),Townsville/Whitsunday,1,8,0,0.348674619,0.936267412,0.592726012,0.273867268
1351,963,-20.3742,148.851,20060104104,20-060d,Long Island Reef (No 4),Long Island Reef (No 4) (20-060d),Townsville/Whitsunday,1,8,0,0.163134682,0.500870604,0.194970189,0.273867268
1352,963,-20.3913,148.8615,20060105104,20-060e,Long Island Reef (No 5),Long Island Reef (No 5) (20-060e),Townsville/Whitsunday,1,8,1,0.366015407,1.233993428,0.353310724,0.273867268
1353,963,-20.3524,148.8584,20060106104,20-060f,Long Island Reef (No 6),Long Island Reef (No 6) (20-060f),Townsville/Whitsunday,1,8,0,0.877654489,2.700292135,0.964796287,0.271596539
1354,939,-20.3025,149.0883,20078108104,20-078h,Haslewood Island Reef (No 6),Haslewood Island Reef (No 6) (20-078h),Townsville/Whitsunday,1,8,1,0.145161601,0.570783609,0.212599459,0.242444633
1355,939,-20.2696,149.1194,20079100104,20-079,Workington Reef,Workington Reef (20-079),Townsville/Whitsunday,1,8,0,0.067435444,0.338212649,0.100162599,0.251116139
1356,928,-20.1002,148.6077,20020100104,20-020,Gumbrell Reef,Gumbrell Reef (20-020),Townsville/Whitsunday,1,8,0,0.289801976,1.380335441,0.924465647,0.269504885
1357,938,-20.2171,148.9518,20041116104,20-041q,Whitsunday Island Reef (No 16),Whitsunday Island Reef (No 16) (20-041q),Townsville/Whitsunday,1,8,0,0.122756655,0.326723077,0.166827382,0.273867268
1358,938,-20.1795,148.9577,20041117104,20-041r,Whitsunday Island Reef (No 17),Whitsunday Island Reef (No 17) (20-041r),Townsville/Whitsunday,1,8,0,0.589042495,1.476926716,1.078615985,0.273867268
1359,939,-20.1561,148.9593,20041118104,20-041t,Whitsunday Island Reef (No 18),Whitsunday Island Reef (No 18) (20-041t),Townsville/Whitsunday,1,8,0,0.061073344,0.411160163,0.212902673,0.246543236
1360,954,-20.3276,148.9685,20041119104,20-041u,Whitsunday Island Reef (No 19),Whitsunday Island Reef (No 19) (20-041u),Townsville/Whitsunday,1,8,0,0.086030069,0.564427038,0.256022801,0.251116139
1361,954,-20.3231,148.9808,20041120104,20-041v,Whitsunday Island Reef (No 20),Whitsunday Island Reef (No 20) (20-041v),Townsville/Whitsunday,1,8,0,0.088937667,0.500517985,0.186864622,0.263837962
1362,963,-20.3887,148.8741,20060107104,20-060g,Long Island Reef (No 7),Long Island Reef (No 7) (20-060g),Townsville/Whitsunday,1,8,0,0.06965829,0.281301955,0.002646803,0.267191425
1363,948,-20.325,148.8557,20060108104,20-060h,Long Island Reef (No 8),Long Island Reef (No 8) (20-060h),Townsville/Whitsunday,1,8,0,0.020736704,0.125101341,0.00106364,0.267204244
1364,939,-20.1408,149.0891,20080100104,20-080,Leeper Shoal,Leeper Shoal (20-080),Townsville/Whitsunday,1,8,0,1.547818156,3.942151449,0.051586728,0.267194682
1365,939,-20.3051,149.0942,20081100104,20-081,Nicolson Reef,Nicolson Reef (20-081),Townsville/Whitsunday,1,8,0,0.091775836,0.22501979,0.002058073,0.267198068
1366,921,-20.104,148.5722,20021100104,20-021,Olden Reef,Olden Reef (20-021),Townsville/Whitsunday,1,8,0,0.431960255,1.600232572,0.906367274,0.273867268
1367,928,-20.1079,148.6527,20022100104,20-022,Armit Island Reef,Armit Island Reef (20-022),Townsville/Whitsunday,1,8,1,0.603551756,2.31538809,1.522918229,0.263133269
1368,954,-20.306,148.9916,20041121104,20-041w,Whitsunday Island Reef (No 21),Whitsunday Island Reef (No 21) (20-041w),Townsville/Whitsunday,1,8,0,0.514978186,2.351397431,1.398265379,0.267796422
1369,954,-20.3099,149.0063,20041122104,20-041x,Whitsunday Island Reef (No 22),Whitsunday Island Reef (No 22) (20-041x),Townsville/Whitsunday,1,8,0,0.159466426,0.847157907,0.260698403,0.273867268
1370,954,-20.3159,149.0144,20041123104,20-041y,Whitsunday Island Reef (No 23),Whitsunday Island Reef (No 23) (20-041y),Townsville/Whitsunday,1,8,0,0.030105928,0.235625859,0.002168122,0.267191749
1371,954,-20.3061,149.0324,20041124104,20-041z,Whitsunday Island Reef (No 24),Whitsunday Island Reef (No 24) (20-041z),Townsville/Whitsunday,1,8,0,0.342064694,1.143474525,0.520793185,0.272422161
1372,963,-20.3753,148.8864,20061100104,20-061,Pine Island Reef,Pine Island Reef (20-061),Townsville/Whitsunday,1,8,1,0.290706992,1.054613219,0.172577969,0.273867268
1373,878,-19.7241,149.9966,19267100104,19-267,U/N Reef,U/N Reef (19-267),Townsville/Whitsunday,3,8,1,0.060848105,0.23076413,0.033484716,0.292999814
1374,887,-19.7161,150.0421,19268100104,19-268,U/N Reef,U/N Reef (19-268),Townsville/Whitsunday,3,8,1,0.187652189,0.89890717,0.550937241,0.30025842
1375,888,-19.7424,150.0986,19269100104,19-269,U/N Reef,U/N Reef (19-269),Townsville/Whitsunday,3,8,0,0.56886166,1.206851326,0.353196708,0.289978335
1376,906,-19.8553,150.1683,19270100104,19-270,U/N Reef,U/N Reef (19-270),Townsville/Whitsunday,3,8,0,0.063118263,0.380584153,0.003718397,0.296671631
1377,910,-19.9101,150.1694,19271100104,19-271,U/N Reef,U/N Reef (19-271),Townsville/Whitsunday,3,9,0,0.003629204,0.033567797,2.42073e-4,0.29667146
1378,910,-19.8889,150.1882,19272100104,19-272,U/N Reef,U/N Reef (19-272),Townsville/Whitsunday,3,9,0,2.385777303,1.061806008,0.259168987,0.280662029
1379,910,-19.8933,150.2287,19273100104,19-273,U/N Reef,U/N Reef (19-273),Townsville/Whitsunday,3,9,0,0.005499271,0.061976706,4.82559e-4,0.296677809
1380,913,-19.9108,150.2455,19274100104,19-274,U/N Reef,U/N Reef (19-274),Townsville/Whitsunday,3,9,0,0.061207011,0.176568301,0.001566506,0.296672306
1381,913,-19.9231,150.3942,19275100104,19-275,U/N Reef,U/N Reef (19-275),Townsville/Whitsunday,3,9,0,0.389876898,0.547051989,0.352874449,0.292999814
1382,792,-19.2362,148.2247,19276100104,19-276,U/N Reef,U/N Reef (19-276),Townsville/Whitsunday,2,7,0,1.4199806,3.164962371,0.175383769,0.237745433
1383,784,-19.2327,148.2414,19277100104,19-277,U/N Reef,U/N Reef (19-277),Townsville/Whitsunday,2,7,0,0.319281146,1.164409206,0.725552954,0.231385897
1384,769,-19.1172,148.2585,19278100104,19-278,U/N Reef,U/N Reef (19-278),Townsville/Whitsunday,2,7,0,0.64488592,1.6832052770000001,0.097073123,0.237745433
1385,928,-20.1092,148.6643,20023100104,20-023,U/N Reef,U/N Reef (20-023),Townsville/Whitsunday,1,8,1,0.013604396,0.121844062,4.46212e-4,0.263837962
1386,954,-20.3311,148.9596,20041100104,20-041,Fitzalan Island Reef,Fitzalan Island Reef (20-041),Townsville/Whitsunday,1,8,0,0.065642799,0.457112951,0.171432199,0.251116139
1387,945,-20.2758,148.841,20042101104,20-042a,South Molle Reef (No 1),South Molle Reef (No 1) (20-042a),Townsville/Whitsunday,1,8,1,0.615540336,2.305826818,1.293628202,0.266559242
1388,945,-20.2777,148.8274,20042102104,20-042b,South Molle Reef (No 2),South Molle Reef (No 2) (20-042b),Townsville/Whitsunday,1,8,0,0.112260161,0.490593919,0.004947723,0.26719421
1389,948,-20.3695,148.8333,20062102104,20-062b,U/N Reef,U/N Reef (20-062b),Townsville/Whitsunday,1,8,0,0.416576131,1.697948346,0.704936499,0.273867268
1390,963,-20.4139,148.8607,20063100104,20-063,Three Fathom Patch,Three Fathom Patch (20-063),Townsville/Whitsunday,1,8,1,0.322136274,0.048116106,3.62867e-4,0.267196688
1391,776,-19.0953,148.5426,19279100104,19-279,U/N Reef,U/N Reef (19-279),Townsville/Whitsunday,3,7,0,2.86749648,0.074058258,0.037205592,0.292999814
1392,817,-19.3803,148.5946,19280100104,19-280,U/N Reef,U/N Reef (19-280),Townsville/Whitsunday,2,7,0,0.662289806,1.719806865,0.099152303,0.237745433
1393,808,-19.3229,148.5953,19281100104,19-281,U/N Reef,U/N Reef (19-281),Townsville/Whitsunday,2,7,1,2.146003361,4.404999703,0.232043854,0.237745433
1394,808,-19.3323,148.6072,19282100104,19-282,U/N Reef,U/N Reef (19-282),Townsville/Whitsunday,2,7,1,0.30603834,0.927397344,0.052799218,0.237745432
1395,760,-19.0716,148.6503,19283100104,19-283,U/N Reef,U/N Reef (19-283),Townsville/Whitsunday,3,7,1,1.027607267,0.003108855,0.001050784,0.292999814
1396,795,-19.1727,148.6797,19284100104,19-284,U/N Reef,U/N Reef (19-284),Townsville/Whitsunday,3,7,1,0.640375183,0.024337439,0.010638914,0.292999814
1397,814,-19.3722,148.7434,19285100104,19-285,U/N Reef,U/N Reef (19-285),Townsville/Whitsunday,2,7,0,0.36753559,1.073810942,0.061538274,0.237745431
1398,809,-19.2964,148.747,19286100104,19-286,U/N Reef,U/N Reef (19-286),Townsville/Whitsunday,2,7,0,9.191111007,2.099856664,1.162650106,0.228214562
1399,818,-19.3696,148.7601,19287100104,19-287,U/N Reef,U/N Reef (19-287),Townsville/Whitsunday,2,7,0,0.181888191,0.611698502,0.03388147,0.237745431
1400,804,-19.284,148.9627,19288100104,19-288,U/N Reef,U/N Reef (19-288),Townsville/Whitsunday,2,7,1,2.440979155,4.884464407,0.252056095,0.237745433
1401,815,-19.3082,149.0219,19289100104,19-289,U/N Reef,U/N Reef (19-289),Townsville/Whitsunday,2,7,0,0.43587387,1.231053098,0.070854608,0.237745432
1402,852,-19.5268,149.0289,19290100104,19-290,U/N Reef,U/N Reef (19-290),Townsville/Whitsunday,2,7,0,0.097660448,0.599222123,0.215231644,0.227830692
1403,928,-20.1073,148.7139,20024100104,20-024,Double Cone Reef,Double Cone Reef (20-024),Townsville/Whitsunday,1,8,0,0.732200639,2.822847936,1.979287382,0.26169237
1404,945,-20.2634,148.8309,20042103104,20-042c,South Molle Reef (No 3),South Molle Reef (No 3) (20-042c),Townsville/Whitsunday,1,8,0,0.322607885,1.503480991,0.584319859,0.273867268
1405,945,-20.2608,148.8409,20042104104,20-042d,South Molle Reef (No 4),South Molle Reef (No 4) (20-042d),Townsville/Whitsunday,1,8,0,0.054641026,0.20164171,0.001819584,0.267192626
1406,945,-20.2668,148.8512,20043100104,20-043,Planton Reef,Planton Reef (20-043),Townsville/Whitsunday,1,8,0,0.095910267,0.491624912,0.261164486,0.26694185
1407,766,-19.1153,149.0328,19291100104,19-291,U/N Reef,U/N Reef (19-291),Townsville/Whitsunday,3,7,1,8.933956764,14.59839702,0.636788634,0.296671358
1408,777,-19.136,149.1107,19292100104,19-292,U/N Reef,U/N Reef (19-292),Townsville/Whitsunday,3,7,1,7.095395984,12.14177392,0.517570357,0.296671358
1409,796,-19.2599,149.1171,19293100104,19-293,U/N Reef,U/N Reef (19-293),Townsville/Whitsunday,3,7,0,0.361207251,1.121263421,0.03548731,0.296671358
1410,796,-19.304,149.1475,19294100104,19-294,U/N Reef,U/N Reef (19-294),Townsville/Whitsunday,3,7,0,1.584664648,3.659861163,0.134291856,0.296671358
1411,796,-19.2449,149.1661,19295100104,19-295,U/N Reef,U/N Reef (19-295),Townsville/Whitsunday,3,7,1,4.404134758,8.291078217,0.336968559,0.296671358
1412,868,-19.6236,149.1727,19296100104,19-296,U/N Reef,U/N Reef (19-296),Townsville/Whitsunday,2,8,0,0.804652969,2.010634316,0.115420261,0.237745433
1413,855,-19.5119,149.2015,19297100104,19-297,U/N Reef,U/N Reef (19-297),Townsville/Whitsunday,2,7,0,0.055868545,0.196739689,0.001769728,0.237748651
1414,855,-19.5207,149.2029,19298100104,19-298,U/N Reef,U/N Reef (19-298),Townsville/Whitsunday,2,7,0,0.252450334,1.109045008,0.299982903,0.220262935
1415,810,-19.277,149.2144,19299100104,19-299,U/N Reef,U/N Reef (19-299),Townsville/Whitsunday,3,7,0,2.028728656,0.0791626,0.040102652,0.292999814
1416,810,-19.3247,149.2184,19300100104,19-300,U/N Reef,U/N Reef (19-300),Townsville/Whitsunday,3,7,0,2.18930238,4.740111433,0.179644571,0.296671358
1417,921,-20.1287,148.5688,20025102104,20-025b,U/N Reef,U/N Reef (20-025b),Townsville/Whitsunday,1,8,0,0.416401773,1.835224107,1.268102951,0.273867268
1418,928,-20.1264,148.6121,20026100104,20-026,Edwin Reef,Edwin Reef (20-026),Townsville/Whitsunday,1,8,0,0.018582655,0.072189988,5.72872e-4,0.267205782
1419,945,-20.2823,148.8489,20044100104,20-044,Denman Reef,Denman Reef (20-044),Townsville/Whitsunday,1,8,1,0.046219617,0.24176064,0.002232104,0.267191147
1420,945,-20.2344,148.77,20045100104,20-045,Almora Reef,Almora Reef (20-045),Townsville/Whitsunday,1,8,0,0.019806893,0.156405169,0.001367145,0.26720024
1421,963,-20.4287,148.8441,20065101104,20-065a,Calf Reef (No 1),Calf Reef (No 1) (20-065a),Townsville/Whitsunday,1,8,1,0.711069412,2.495713046,1.131613453,0.270316443
1422,963,-20.4261,148.8501,20065102104,20-065b,Calf Reef (No 2),Calf Reef (No 2) (20-065b),Townsville/Whitsunday,1,8,1,6.56625e-4,0.004651695,2.62e-5,0.26718554
1423,963,-20.4265,148.8506,20065103104,20-065c,Calf Reef (No 3),Calf Reef (No 3) (20-065c),Townsville/Whitsunday,1,8,1,2.72285e-4,0.003907398,2.15e-5,0.267173829
1424,963,-20.489,148.9383,20066100104,20-066,Long Shoal,Long Shoal (20-066),Townsville/Whitsunday,1,8,1,2.045147533,1.465390413,0.016944764,0.267194685
1425,939,-20.1685,149.029,20067101104,20-067a,Border Island Reef (No 1),Border Island Reef (No 1) (20-067a),Townsville/Whitsunday,1,8,1,0.724149229,2.792525841,1.836199831,0.264163668
1426,810,-19.2863,149.2291,19301100104,19-301,U/N Reef,U/N Reef (19-301),Townsville/Whitsunday,3,7,0,0.641168426,1.774705529,0.05948659,0.296671358
1427,855,-19.5457,149.2392,19302100104,19-302,U/N Reef,U/N Reef (19-302),Townsville/Whitsunday,2,8,0,2.671273014,2.56457681,0.497253601,0.23225842
1428,858,-19.5652,149.2413,19303100104,19-303,U/N Reef,U/N Reef (19-303),Townsville/Whitsunday,2,8,0,0.792223242,1.985881102,0.114053481,0.237745433
1429,855,-19.54,149.245,19304100104,19-304,U/N Reef,U/N Reef (19-304),Townsville/Whitsunday,2,8,0,0.068283401,0.16552948,0.001457407,0.237736312
1430,863,-19.6557,149.2647,19305100104,19-305,U/N Reef,U/N Reef (19-305),Townsville/Whitsunday,2,8,0,21.92315818,3.758719444,0.977284941,0.234173108
1431,797,-19.216,149.2787,19306100104,19-306,U/N Reef,U/N Reef (19-306),Townsville/Whitsunday,3,7,1,11.91504329,18.38428889,0.825381395,0.296671358
1432,810,-19.3503,149.2804,19307100104,19-307,U/N Reef,U/N Reef (19-307),Townsville/Whitsunday,3,7,0,4.234975153,8.03620299,0.325337589,0.296671358
1433,928,-20.1332,148.6058,20027100104,20-027,U/N Reef,U/N Reef (20-027),Townsville/Whitsunday,1,8,0,0.094234269,0.518078886,0.005260293,0.267196879
1434,923,-20.1154,148.9436,20028101104,20-028a,Hook Island Reef (No 1),Hook Island Reef (No 1) (20-028a),Townsville/Whitsunday,1,8,0,2.256119723,7.011301922,5.265513906,0.267330464
1435,938,-20.16,148.9288,20028102104,20-028b,Hook Island Reef (No 2),Hook Island Reef (No 2) (20-028b),Townsville/Whitsunday,1,8,0,3.786257246,7.008896431,3.164029164,0.273867268
1436,938,-20.1589,148.921,20028103104,20-028c,Hook Island Reef (No 3),Hook Island Reef (No 3) (20-028c),Townsville/Whitsunday,1,8,0,1.8847796,3.332668244,1.278959771,0.273867268
1437,938,-20.1507,148.9034,20028104104,20-028d,Hook Island Reef (No 4),Hook Island Reef (No 4) (20-028d),Townsville/Whitsunday,1,8,0,4.217874497,5.342081074,2.229951763,0.272883159
1438,938,-20.115,148.8973,20028105104,20-028e,Hook Island Reef (No 5),Hook Island Reef (No 5) (20-028e),Townsville/Whitsunday,1,8,0,1.211769238,3.367721052,1.904847625,0.270120518
1439,923,-20.0766,148.908,20028106104,20-028f,Hook Island Reef (No 6),Hook Island Reef (No 6) (20-028f),Townsville/Whitsunday,1,8,0,1.171416931,3.83187323,2.942029501,0.266578543
1440,945,-20.2844,148.7951,20046100104,20-046,U/N Reef,U/N Reef (20-046),Townsville/Whitsunday,1,8,0,0.595185313,2.478401628,1.461534545,0.273867268
1441,945,-20.2876,148.8015,20047100104,20-047,Low Rock Reef,Low Rock Reef (20-047),Townsville/Whitsunday,1,8,0,0.013308478,0.113854092,9.56428e-4,0.26719351
1442,939,-20.1691,149.0387,20067102104,20-067b,Border Island Reef (No 2),Border Island Reef (No 2) (20-067b),Townsville/Whitsunday,1,8,1,0.189645793,0.92171439,0.450640668,0.242775677
1443,939,-20.1568,149.0335,20067103104,20-067c,Border Island Reef (No 3),Border Island Reef (No 3) (20-067c),Townsville/Whitsunday,1,8,1,0.261508985,1.209414313,0.750446559,0.268724915
1444,833,-19.4112,149.2874,19308100104,19-308,U/N Reef,U/N Reef (19-308),Townsville/Whitsunday,3,7,0,7.811140416,1.418445141,0.354858065,0.292999814
1445,822,-19.3941,149.351,19309100104,19-309,U/N Reef,U/N Reef (19-309),Townsville/Whitsunday,3,7,0,0.366641577,1.548874144,0.932856631,0.29122235
1446,797,-19.2575,149.3532,19310100104,19-310,U/N Reef,U/N Reef (19-310),Townsville/Whitsunday,3,7,0,7.22800573,0.604587485,5.63868e-4,0.292999814
1447,822,-19.333,149.3795,19311100104,19-311,U/N Reef,U/N Reef (19-311),Townsville/Whitsunday,3,7,0,6.655470183,11.53870605,0.488740954,0.296671358
1448,768,-19.0223,147.5571,19312100104,19-312,U/N Reef,U/N Reef (19-312),Townsville/Whitsunday,2,6,0,0.63083174,1.65333327,0.09537111,0.237745432
1449,923,-20.0728,148.9248,20028107104,20-028g,Hook Island Reef (No 7),Hook Island Reef (No 7) (20-028g),Townsville/Whitsunday,1,8,1,1.07032235,3.265109691,2.281385067,0.266216817
1450,923,-20.0631,148.9584,20028108104,20-028h,Hook Island Reef (No 9),Hook Island Reef (No 9) (20-028h),Townsville/Whitsunday,1,8,1,0.323276536,1.430178167,0.934921503,0.251116139
1451,923,-20.0673,148.9387,20028109104,20-028j,Hook Island Reef (No 8),Hook Island Reef (No 8) (20-028j),Townsville/Whitsunday,1,8,1,0.117275844,0.587212753,0.306842574,0.251116139
1452,923,-20.0851,148.9542,20028110104,20-028i,Hook Island Reef (No 10),Hook Island Reef (No 10) (20-028i),Townsville/Whitsunday,1,8,0,0.852162722,2.982571977,1.991767346,0.258392545
1453,923,-20.1039,148.9561,20028111104,20-028l,Hook Island Reef (No 11),Hook Island Reef (No 11) (20-028l),Townsville/Whitsunday,1,8,0,0.0629441,0.303335502,0.002880783,0.267193795
1454,921,-20.1458,148.5797,20029100104,20-029,Low Island Reef,Low Island Reef (20-029),Townsville/Whitsunday,1,8,1,0.118662488,0.345378462,0.209639684,0.273867268
1455,948,-20.2974,148.801,20048100104,20-048,Shute Reef,Shute Reef (20-048),Townsville/Whitsunday,1,8,0,0.168792945,0.75839948,0.388965356,0.273867268
1456,939,-20.1732,149.0072,20068101104,20-068a,Dumbell Reef (No 1),Dumbell Reef (No 1) (20-068a),Townsville/Whitsunday,1,8,1,0.055484723,0.353783343,0.208783809,0.266711431
1457,939,-20.1748,149.0093,20068102104,20-068b,Dumbell Reef (No 2),Dumbell Reef (No 2) (20-068b),Townsville/Whitsunday,1,8,1,0.025437898,0.165608974,0.001457976,0.267197223
1458,939,-20.198,149.1148,20069100104,20-069,Petrel Reef,Petrel Reef (20-069),Townsville/Whitsunday,1,8,0,0.019100675,0.139923699,0.021049575,0.263837962
1459,768,-19.3511,147.3701,19802100104,19-802,Sand Island,Sand Island (19-802),Townsville/Whitsunday,1,7,1,0.479603301,0.761894813,0.512235804,0.273867268
1460,919,-20.0251,148.2503,20001100104,20-001,U/N Reef,U/N Reef (20-001),out,1,7,0,3.686997557,1.928781505,1.087171767,0.268610008
1461,919,-20.0217,148.27440000000001,20002100104,20-002,North Head Reef,North Head Reef (20-002),out,1,7,0,0.087868153,0.396977202,0.003898536,0.267197893
1462,920,-20.0383,148.4489,20003101104,20-003a,Gloucester Reef (No 1),Gloucester Reef (No 1) (20-003a),Townsville/Whitsunday,1,8,0,2.913597573,4.858022916,3.614286652,0.273867268
1463,928,-20.1495,148.6066,20030100104,20-030,Grassy Reef,Grassy Reef (20-030),Townsville/Whitsunday,1,8,0,0.974085673,3.249595606,2.41354158,0.273867268
1464,928,-20.1841,148.7089,20031100104,20-031,Roseric Shoal,Roseric Shoal (20-031),Townsville/Whitsunday,1,8,0,0.192255228,0.742889264,0.007890981,0.267194377
1465,945,-20.2266,148.7573,20032100104,20-032,Pioneer Rocks Reef,Pioneer Rocks Reef (20-032),Townsville/Whitsunday,1,8,0,0.034232477,0.123056392,0.00104432,0.267197932
1466,945,-20.2319,148.8209,20033100104,20-033,North Molle Reef,North Molle Reef (20-033),Townsville/Whitsunday,1,8,0,0.403843759,1.184610526,0.278677087,0.273867268
1467,948,-20.2968,148.7916,20049101104,20-049a,Repair Reef,Repair Reef (20-049a),Townsville/Whitsunday,1,8,0,0.238623458,0.710184531,0.467071686,0.273867268
1468,948,-20.2991,148.796,20049102104,20-049b,Tancred Reef,Tancred Reef (20-049b),Townsville/Whitsunday,1,8,0,0.393725413,1.479708205,0.756317088,0.273867268
1469,948,-20.3047,148.8466,20050100104,20-050,Alert Bank,Alert Bank (20-050),Townsville/Whitsunday,1,8,0,0.2817661,1.00873774,0.011132315,0.267194988
1470,939,-20.2336,149.0413,20070100104,20-070,Esk Island Reef,Esk Island Reef (20-070),Townsville/Whitsunday,1,8,1,0.172957628,0.545656944,0.137132892,0.251116139
1471,921,-19.9941,148.4691,20003102104,20-003b,Gloucester Reef (No 2),Gloucester Reef (No 2) (20-003b),Townsville/Whitsunday,1,8,0,0.14595615,0.435707057,0.001475732,0.263837962
1472,921,-19.9994,148.4763,20003103104,20-003c,Gloucester Reef (No 3),Gloucester Reef (No 3) (20-003c),Townsville/Whitsunday,1,8,0,0.005549656,0.043567802,3.25035e-4,0.267201809
1473,921,-20.0035,148.4761,20003104104,20-003d,Gloucester Reef (No 4),Gloucester Reef (No 4) (20-003d),Townsville/Whitsunday,1,8,0,0.018814696,0.076515965,6.1163e-4,0.267210348
1474,921,-20.0187,148.475,20003105104,20-003e,Gloucester Reef (No 5),Gloucester Reef (No 5) (20-003e),Townsville/Whitsunday,1,8,0,0.124994388,0.486352721,0.004899377,0.26719627
1475,921,-20.0267,148.4756,20003106104,20-003f,Gloucester Reef (No 6),Gloucester Reef (No 6) (20-003f),Townsville/Whitsunday,1,8,0,0.005465902,0.043040943,3.1982e-4,0.26719007
1476,921,-20.0302,148.4756,20003107104,20-003g,Gloucester Reef (No 7),Gloucester Reef (No 7) (20-003g),Townsville/Whitsunday,1,8,0,0.003704337,0.031529762,2.25511e-4,0.26718425
1477,945,-20.2491,148.8302,20034100104,20-034,Mid Molle Reef,Mid Molle Reef (20-034),Townsville/Whitsunday,1,8,0,0.114816788,0.552130892,0.005651094,0.267194954
1478,945,-20.2534,148.8138,20035101104,20-035a,Daydream Reef (No 1),Daydream Reef (No 1) (20-035a),Townsville/Whitsunday,1,8,0,0.058798626,0.286003316,0.002695966,0.267197414
1479,948,-20.3029,148.8099,20051100104,20-051,White Rock Reef,White Rock Reef (20-051),Townsville/Whitsunday,1,8,0,0.017284906,0.129415151,0.012404697,0.263837962
1480,948,-20.3024,148.7839,20052100104,20-052,U/N Reef,U/N Reef (20-052),Townsville/Whitsunday,1,8,0,3.94395334,10.46192744,7.295857411,0.273867268
1481,954,-20.3224,148.9298,20053100104,20-053,Henning Reef,Henning Reef (20-053),Townsville/Whitsunday,1,8,0,1.452777693,2.529009615,1.498522323,0.273867268
1482,939,-20.2274,149.1425,20071100104,20-071,Ireby Reef,Ireby Reef (20-071),Townsville/Whitsunday,1,8,0,0.044130662,0.172672749,0.001528159,0.267198122
1483,939,-20.2368,149.1603,20072100104,20-072,Sillago Reef,Sillago Reef (20-072),Townsville/Whitsunday,1,8,0,0.030453618,0.10049025,8.31903e-4,0.267192294
1484,921,-20.042,148.4757,20003108104,20-003h,Gloucester Reef (No 8),Gloucester Reef (No 8) (20-003h),Townsville/Whitsunday,1,8,0,0.092371766,0.404418057,0.003980825,0.267198046
1485,945,-20.2606,148.8138,20035102104,20-035b,Daydream Reef (No 2),Daydream Reef (No 2) (20-035b),Townsville/Whitsunday,1,8,0,0.040426883,0.185389805,0.001655471,0.267192221
1486,945,-20.2565,148.8148,20035103104,20-035c,Daydream Reef (No 3),Daydream Reef (No 3) (20-035c),Townsville/Whitsunday,1,8,0,0.031974255,0.01732574,1.15073e-4,0.267191491
1487,945,-20.2534,148.8153,20035104104,20-035d,Daydream Reef (No 4),Daydream Reef (No 4) (20-035d),Townsville/Whitsunday,1,8,0,0.006638362,0.063425552,4.94847e-4,0.267188094
1488,938,-20.2422,148.9117,20036100104,20-036,Conder Shoal,Conder Shoal (20-036),Townsville/Whitsunday,1,8,0,0.105961341,0.461326303,0.004616742,0.267195783
1489,945,-20.2509,148.7464,20038100104,20-038,U/N Reef,U/N Reef (20-038),Townsville/Whitsunday,1,8,0,3.443537338,2.075939447,1.433626687,0.273867268
1490,938,-20.2619,148.9107,20039100104,20-039,Hill Rock Reef,Hill Rock Reef (20-039),Townsville/Whitsunday,1,8,0,0.482836356,1.504197009,0.849359069,0.273867268
1491,938,-20.2699,148.9176,20040100104,20-040,Cid Reef,Cid Reef (20-040),Townsville/Whitsunday,1,8,0,0.386178407,1.142534767,0.692640701,0.273867268
1492,948,-20.336,148.8607,20054100104,20-054,East Rocks Reef,East Rocks Reef (20-054),Townsville/Whitsunday,1,8,1,0.015078264,0.130694879,0.002107713,0.263837962
1493,939,-20.2337,149.142,20073100104,20-073,Wirrainbeia Reef,Wirrainbeia Reef (20-073),Townsville/Whitsunday,1,8,0,0.034991248,0.194423669,0.039460215,0.263837962
1494,939,-20.2396,149.1531,20074100104,20-074,Harold Reef,Harold Reef (20-074),Townsville/Whitsunday,1,8,0,0.109054924,0.336845064,0.153231532,0.251116139
1495,919,-20.0372,148.2844,20004100104,20-004,Stone Reef,Stone Reef (20-004),out,1,7,0,2.36434627,5.529319222,0.075482044,0.267194682
1496,919,-20.0692,148.2665,20005100104,20-005,U/N Reef,U/N Reef (20-005),out,1,7,0,7.149711251,7.756581667,6.408720281,0.273867268
1497,921,-20.0621,148.4721,20010102104,20-010b,Black Currant-Manta Ray Reef (No 2),Black Currant-Manta Ray Reef (No 2) (20-010b),Townsville/Whitsunday,1,8,0,4.39187038,10.41573492,7.689182431,0.272746276
1498,919,-20.0764,148.3375,20007100104,20-007,Chyebassa Shoal,Chyebassa Shoal (20-007),Townsville/Whitsunday,1,8,0,0.229491151,0.85571387,0.009251217,0.267195522
1499,919,-20.0734,148.3018,20008100104,20-008,Winter Shoal,Winter Shoal (20-008),out,1,8,0,0.104814775,0.457135535,0.004569907,0.267192944
1500,939,-20.1945,148.9801,20041101104,20-041a,Whitsunday Island Reef (No 1),Whitsunday Island Reef (No 1) (20-041a),Townsville/Whitsunday,1,8,0,1.265014721,4.284765643,2.974419297,0.26286966
1501,939,-20.2223,148.9926,20041102104,20-041b,Whitsunday Island Reef (No 2),Whitsunday Island Reef (No 2) (20-041b),Townsville/Whitsunday,1,8,0,0.355102886,1.599036692,1.16228354,0.264298723
1502,939,-20.2398,148.9981,20041103104,20-041c,Whitsunday Island Reef (No 3),Whitsunday Island Reef (No 3) (20-041c),Townsville/Whitsunday,1,8,0,0.825126052,2.326325777,1.110398596,0.270871529
1503,939,-20.2442,149.0127,20041104104,20-041d,Whitsunday Island Reef (No 4),Whitsunday Island Reef (No 4) (20-041d),Townsville/Whitsunday,1,8,0,2.489571153,6.686567952,3.609395844,0.271282717
1504,954,-20.3553,148.9922,20055100104,20-055,Perseverance Reef,Perseverance Reef (20-055),Townsville/Whitsunday,1,8,0,0.115544672,0.595364642,0.004339272,0.251116139
1505,954,-20.3573,148.9969,20056100104,20-056,Young Island Reef,Young Island Reef (20-056),Townsville/Whitsunday,1,8,0,0.03264178,0.252942527,0.002348648,0.267191604
1506,939,-20.248,149.1737,20075101104,20-075a,Edward Island Reef,Edward Island Reef (20-075a),Townsville/Whitsunday,1,8,0,0.354179759,0.897239236,0.38113228,0.251116139
1507,919,-20.0823,148.2955,20009100104,20-009,Thomas Reef,Thomas Reef (20-009),Townsville/Whitsunday,1,8,0,0.41311929,1.410414055,1.024125059,0.273867268
1508,919,-20.1083,148.3085,20011100104,20-011,Poole Reef,Poole Reef (20-011),Townsville/Whitsunday,1,8,0,1.763321056,5.588087241,4.819579097,0.273867268
1509,939,-20.302,149.0547,20041105104,20-041e,Whitsunday Island Reef (No 5),Whitsunday Island Reef (No 5) (20-041e),Townsville/Whitsunday,1,8,0,0.670114359,2.457590541,1.71907338,0.270007652
1510,954,-20.3128,149.0454,20041106104,20-041f,Whitsunday Island Reef (No 6),Whitsunday Island Reef (No 6) (20-041f),Townsville/Whitsunday,1,8,0,0.053535467,0.29840367,0.006444522,0.263837962
1511,954,-20.3073,149.042,20041107104,20-041g,Whitsunday Island Reef (No 7),Whitsunday Island Reef (No 7) (20-041g),Townsville/Whitsunday,1,8,0,0.461739872,1.57040978,0.714523174,0.270449424
1512,954,-20.3449,148.9645,20057101104,20-057a,Hamilton Island Reef (No 1),Hamilton Island Reef (No 1) (20-057a),Townsville/Whitsunday,1,8,0,0.799365636,3.287632453,2.496706066,0.271616451
1513,954,-20.3615,148.9637,20057102104,20-057b,Hamilton island Reef (No 2),Hamilton island Reef (No 2) (20-057b),Townsville/Whitsunday,1,8,0,0.679736836,2.674082896,1.394259208,0.271344021
1514,939,-20.255,149.1846,20075102104,20-075b,U/N Reef,U/N Reef (20-075b),Townsville/Whitsunday,1,8,0,0.005748024,0.044628266,0.017826858,0.263837962
1515,939,-20.2667,149.0419,20076100104,20-076,Lagoon Rock Reef,Lagoon Rock Reef (20-076),Townsville/Whitsunday,1,8,0,0.039455422,0.304199998,0.007153551,0.263837962
1516,939,-20.2621,149.0801,20077100104,20-077,U/N Reef,U/N Reef (20-077),Townsville/Whitsunday,1,8,0,0.140733485,0.740236682,0.491781538,0.273867268
1517,939,-20.2638,149.0931,20078101104,20-078a,Haslewood Island Reef (No 1),Haslewood Island Reef (No 1) (20-078a),Townsville/Whitsunday,1,8,0,0.939014636,2.651586042,1.61547698,0.271270458
1518,928,-20.0179,148.6239,20012100104,20-012,Eshelby Reef,Eshelby Reef (20-012),Townsville/Whitsunday,1,8,1,0.298508771,0.330466565,0.200150419,0.251116139
1519,928,-20.0223,148.6263,20013100104,20-013,U/N Reef,U/N Reef (20-013),Townsville/Whitsunday,1,8,1,0.021002902,0.163587159,0.090741488,0.263837962
1520,954,-20.3153,148.9833,20041108104,20-041h,Whitsunday Island Reef (No 8),Whitsunday Island Reef (No 8) (20-041h),Townsville/Whitsunday,1,8,0,0.37698159999999997,1.826510965,1.231152955,0.270233588
1521,954,-20.314,148.9546,20041109104,20-041j,Whitsunday Island Reef (No 9),Whitsunday Island Reef (No 9) (20-041j),Townsville/Whitsunday,1,8,0,2.948987834,4.956858134,2.808009014,0.27356732
1522,954,-20.2968,148.9507,20041110104,20-041k,Whitsunday Island Reef (No 10),Whitsunday Island Reef (No 10) (20-041k),Townsville/Whitsunday,1,8,0,2.687807868,5.48854927,3.324602783,0.273867268
1523,954,-20.3378,148.9478,20057103104,20-057c,Hamilton Island Reef (No 3),Hamilton Island Reef (No 3) (20-057c),Townsville/Whitsunday,1,8,0,0.328926211,1.43924161,0.632032991,0.273799581
1524,954,-20.3572,148.9466,20057104104,20-057d,Hamilton Island Reef (No 4),Hamilton Island Reef (No 4) (20-057d),Townsville/Whitsunday,1,8,0,0.034254952,0.043734951,3.26379e-4,0.267203466
1525,954,-20.3641,148.949,20057105104,20-057e,Hamilton Island Reef (No 5),Hamilton Island Reef (No 5) (20-057e),Townsville/Whitsunday,1,8,0,0.41614873,1.913971188,1.246006944,0.273867268
1526,939,-20.2749,149.0751,20078102104,20-078b,Haslewood Island Reef (No 2),Haslewood Island Reef (No 2) (20-078b),Townsville/Whitsunday,1,8,0,0.442899772,1.487138706,0.996908969,0.271735495
1527,939,-20.2955,149.0732,20078103104,20-078c,Haslewood Island Reef (No 3),Haslewood Island Reef (No 3) (20-078c),Townsville/Whitsunday,1,8,0,0.330241029,1.053747998,0.705702852,0.273867268
1528,923,-20.0597,148.8896,20014100104,20-014,Hayman Island Reef,Hayman Island Reef (20-014),Townsville/Whitsunday,1,8,0,3.148903812,9.863505368,8.375909934,0.269032516
1529,921,-20.0645,148.5387,20015101104,20-015a,Saddleback Island Reef (No 1),Saddleback Island Reef (No 1) (20-015a),Townsville/Whitsunday,1,8,0,0.33030293,1.052141352,0.728835874,0.273847911
1530,921,-20.0604,148.5443,20015102104,20-015b,Saddleback Island Reef (No 2),Saddleback Island Reef (No 2) (20-015b),Townsville/Whitsunday,1,8,0,0.082062204,0.258904699,0.152096934,0.273867268
1531,882,-19.749,149.3365,19130100104,19-130,U/N Reef,U/N Reef (19-130),Townsville/Whitsunday,2,8,0,0.41559659,1.872868269,1.408992472,0.228785494
1532,893,-19.7607,149.3683,19131101104,19-131a,U/N Reef,U/N Reef (19-131a),Townsville/Whitsunday,2,8,0,4.095367939,12.15044575,10.00580121,0.260762094
1533,893,-19.7676,149.3665,19131102104,19-131b,U/N Reef,U/N Reef (19-131b),Townsville/Whitsunday,2,8,0,0.009611989,0.098293424,0.051159708,0.222082302
1534,893,-19.7684,149.3715,19131103104,19-131c,U/N Reef,U/N Reef (19-131c),Townsville/Whitsunday,2,8,0,0.020811137,0.182351994,0.089963761,0.210917914
1535,893,-19.7558,149.3766,19131104104,19-131d,U/N Reef,U/N Reef (19-131d),Townsville/Whitsunday,2,8,0,0.006059257,0.064263192,5.0286e-4,0.23773032
1536,893,-19.7548,149.3775,19131105104,19-131e,U/N Reef,U/N Reef (19-131e),Townsville/Whitsunday,2,8,0,0.00356688,0.044473842,3.32169e-4,0.237728761
1537,893,-19.7563,149.3776,19131106104,19-131f,U/N Reef,U/N Reef (19-131f),Townsville/Whitsunday,2,8,0,0.007511439,0.071311719,5.64975e-4,0.23773281
1538,893,-19.7557,149.3796,19131107104,19-131g,U/N Reef,U/N Reef (19-131g),Townsville/Whitsunday,2,8,0,0.041530605,0.287140919,0.170881485,0.231817586
1539,893,-19.7598,149.3998,19132100104,19-132,U/N Reef,U/N Reef (19-132),Townsville/Whitsunday,2,8,0,0.121578199,0.74823623,0.501916661,0.229270315
1540,880,-19.7193,149.1989,19133100104,19-133,Sinker Reef,Sinker Reef (19-133),Townsville/Whitsunday,2,8,1,0.354961193,1.58209984,0.686076792,0.221580793
1541,894,-19.7438,149.4855,19134100104,19-134,Circular Quay Reef,Circular Quay Reef (19-134),Townsville/Whitsunday,2,8,0,134.81545,164.5143457,83.6674008,0.26657657
1542,892,-19.7604,149.2333,19135100104,19-135,Hardy Reef,Hardy Reef (19-135),Townsville/Whitsunday,2,8,1,42.86807963,46.78112459,29.95717634,0.301805304
1543,927,-19.9742,150.3448,19227100104,19-227,U/N Reef,U/N Reef (19-227),Townsville/Whitsunday,3,9,0,0.807022573,3.368315715,2.061435356,0.292676005
1544,918,-19.9932,150.2393,19228100104,19-228,U/N Reef,U/N Reef (19-228),Townsville/Whitsunday,3,9,0,0.413194915,1.932994091,1.219490317,0.292483627
1545,913,-19.9044,150.3223,19229100104,19-229,Thompson Shoal,Thompson Shoal (19-229),Townsville/Whitsunday,3,9,0,0.186404619,0.66142703,0.019597208,0.296671359
1546,913,-19.7932,150.3495,19230100104,19-230,Blossom Bank (West),Blossom Bank (West) (19-230),Townsville/Whitsunday,3,9,0,0.824610783,2.173371426,0.074718424,0.296671358
1547,913,-19.8113,150.3889,19231100104,19-231,Marilyn Shoal,Marilyn Shoal (19-231),Townsville/Whitsunday,3,9,0,1.679752661,3.840220899,0.141759678,0.296671358
1548,913,-19.8596,150.3701,19232100104,19-232,Ferris Shoal,Ferris Shoal (19-232),Townsville/Whitsunday,3,9,0,1.391298044,3.302806829,0.119645274,0.296671358
1549,913,-19.8842,150.3568,19233100104,19-233,Maschke Shoal,Maschke Shoal (19-233),Townsville/Whitsunday,3,9,0,0.720621977,1.951212234,0.066182709,0.296671358
1550,913,-19.7966,150.3633,19234100104,19-234,Blossom Bank (East),Blossom Bank (East) (19-234),Townsville/Whitsunday,3,9,0,0.217564177,0.748537912,0.022523845,0.296671358
1551,913,-19.854,150.3436,19235100104,19-235,U/N Reef,U/N Reef (19-235),Townsville/Whitsunday,3,9,0,0.504391199,1.466710458,0.04800533,0.296671358
1552,822,-19.4368,149.4111,19236100104,19-236,U/N Reef,U/N Reef (19-236),Townsville/Whitsunday,3,8,0,0.727942733,0.738335706,0.070945038,0.292999814
1553,859,-19.489,149.4189,19237100104,19-237,U/N Reef,U/N Reef (19-237),Townsville/Whitsunday,2,8,0,1.169579556,2.712550218,0.152758791,0.237745433
1554,846,-19.4802,149.5187,19238100104,19-238,U/N Reef,U/N Reef (19-238),Townsville/Whitsunday,2,8,0,1.752489076,0.268747952,0.024088048,0.228214562
1555,732,-18.7979,147.5262,18095100104,18-095,Wheeler Reef,Wheeler Reef (18-095),Townsville/Whitsunday,2,6,1,2.90664653,6.207461985,4.258459397,0.237930752
1556,740,-18.8225,147.6448,18096100104,18-096,Davies Reef,Davies Reef (18-096),Townsville/Whitsunday,2,6,0,16.62606355,29.74593218,21.59813983,0.304927225
1557,737,-18.7972,148.0167,18097100104,18-097,U/N Reef,U/N Reef (18-097),Townsville/Whitsunday,3,6,0,0.357334527,0.959077663,0.629192071,0.30025842
1558,737,-18.8238,147.9767,18098100104,18-098,U/N Reef,U/N Reef (18-098),Townsville/Whitsunday,3,6,0,0.832723894,1.716475663,1.192417479,0.290087658
1559,745,-18.8593,147.8833,18099100104,18-099,Saville-Kent Reef,Saville-Kent Reef (18-099),Townsville/Whitsunday,2,6,1,23.9533545,18.31908477,14.17622634,0.235851379
1560,746,-18.907,147.7423,18100101104,18-100a,(Big) Broadhurst Reef (No 1),(Big) Broadhurst Reef (No 1) (18-100a),Townsville/Whitsunday,2,6,0,91.48608582,71.76964337,55.0372538,0.2768212
1561,795,-19.127,148.8195,19053100104,19-053,U/N Reef,U/N Reef (19-053),Townsville/Whitsunday,3,7,1,6.20322375,3.94405484,2.986172846,0.294452164
1562,790,-19.2006,148.5487,19054100104,19-054,Tiger Reef,Tiger Reef (19-054),Townsville/Whitsunday,2,7,1,41.96371934,34.07351665,19.49439627,0.229233552
1563,766,-19.1463,148.8709,19055100104,19-055,U/N Reef,U/N Reef (19-055),Townsville/Whitsunday,3,7,1,1.178639436,0.65612827,0.406297354,0.292999814
1564,766,-19.166,148.9288,19056100104,19-056,U/N Reef,U/N Reef (19-056),Townsville/Whitsunday,3,7,1,2.355738962,4.181966526,3.066161328,0.294310339
1565,790,-19.1977,148.5938,19057100104,19-057,U/N Reef,U/N Reef (19-057),Townsville/Whitsunday,2,7,1,1.183424206,3.832667654,2.249110386,0.229706305
1566,804,-19.1904,148.9599,19058100104,19-058,U/N Reef,U/N Reef (19-058),Townsville/Whitsunday,3,7,1,2.07259411,2.225873316,1.303006499,0.297269015
1567,804,-19.1877,148.8801,19059100104,19-059,U/N Reef,U/N Reef (19-059),Townsville/Whitsunday,3,7,1,1.566669435,3.092871564,2.405809734,0.294289171
1568,794,-19.2032,148.6118,19060100104,19-060,U/N Reef,U/N Reef (19-060),Townsville/Whitsunday,2,7,1,0.15784757,0.546056619,0.029965759,0.237745432
1569,804,-19.2139,148.9038,19061100104,19-061,Jacqueline Reef,Jacqueline Reef (19-061),Townsville/Whitsunday,3,7,1,5.796257187,10.61804625,8.27861476,0.291162779
1570,900,-19.7924,149.1854,19136101104,19-136a,Hook Reef,Hook Reef (19-136a),Townsville/Whitsunday,2,8,0,96.98860472,142.4551193,29.14882183,0.227553564
1571,898,-19.8044,149.1184,19136102104,19-136b,Barb Reef,Barb Reef (19-136b),Townsville/Whitsunday,2,8,0,6.490453696,15.63423168,3.847269483,0.234099261
1572,879,-19.7527,149.1255,19136103104,19-136c,U/N Reef,U/N Reef (19-136c),Townsville/Whitsunday,2,8,0,1.403223686,3.549511064,0.028892293,0.228214562
1573,898,-19.8071,149.0736,19137100104,19-137,Bait Reef,Bait Reef (19-137),Townsville/Whitsunday,2,8,1,6.058379902,14.76057574,11.76798233,0.224619121
1574,901,-19.8006,149.4254,19138100104,19-138,U/N Reef,U/N Reef (19-138),Townsville/Whitsunday,2,8,0,2.654090849,7.894814697,5.491150234,0.228321859
1575,860,-19.5159,149.5878,19139100104,19-139,U/N Reef,U/N Reef (19-139),Townsville/Whitsunday,2,8,0,1.322408698,3.386268271,2.700485027,0.225232606
1576,862,-19.5298,149.7432,19140100104,19-140,Gable Reef,Gable Reef (19-140),Townsville/Whitsunday,3,8,1,5.098646325,2.212087275,1.632752694,0.293261423
1577,860,-19.5579,149.5975,19141100104,19-141,Stucco Reef,Stucco Reef (19-141),Townsville/Whitsunday,2,8,0,11.97459963,21.41056712,12.33816347,0.233062849
1578,823,-19.3914,149.5259,19239100104,19-239,U/N Reef,U/N Reef (19-239),Townsville/Whitsunday,3,8,0,10.09484144,16.10502588,0.711186643,0.296671358
1579,846,-19.5356,149.5384,19240100104,19-240,U/N Reef,U/N Reef (19-240),Townsville/Whitsunday,2,8,0,0.392728343,1.613885587,1.118630655,0.235959255
1580,823,-19.339,149.5523,19241100104,19-241,U/N Reef,U/N Reef (19-241),Townsville/Whitsunday,3,8,0,1.021240216,2.576304723,0.090474017,0.296671358
1581,834,-19.421,149.5789,19242100104,19-242,U/N Reef,U/N Reef (19-242),Townsville/Whitsunday,3,8,0,6.417194921,11.20942698,0.473078624,0.296671358
1582,897,-19.7629,149.6478,19243100104,19-243,U/N Reef,U/N Reef (19-243),Townsville/Whitsunday,2,8,0,0.013922942,0.102956402,8.53826e-4,0.237742554
1583,847,-19.497,149.6521,19244100104,19-244,U/N Reef,U/N Reef (19-244),Townsville/Whitsunday,3,8,0,2.490683906,5.25772342,0.201859611,0.296671358
1584,897,-19.7828,149.6592,19245100104,19-245,U/N Reef,U/N Reef (19-245),Townsville/Whitsunday,2,8,0,0.003865038,0.047423856,0.022533804,0.226999631
1585,897,-19.8114,149.668,19246100104,19-246,U/N Reef,U/N Reef (19-246),Townsville/Whitsunday,2,8,0,8.147541962,20.50849445,17.97085318,0.324108939
1586,847,-19.5385,149.6715,19247100104,19-247,U/N Reef,U/N Reef (19-247),Townsville/Whitsunday,2,8,1,0.073265923,0.295799128,0.01530137,0.237745428
1587,741,-18.8633,147.6938,18100102104,18-100b,(Big) Broadhurst Reef (No 2),(Big) Broadhurst Reef (No 2) (18-100b),Townsville/Whitsunday,2,6,0,3.509856198,0.517297856,0.001043383,0.228214562
1588,748,-18.8997,147.9513,18101100104,18-101,Judith Wright Reef,Judith Wright Reef (18-101),Townsville/Whitsunday,2,6,1,39.66800494,25.4867748,20.03682785,0.228795253
1589,748,-18.8948,147.9207,18102100104,18-102,U/N Reef,U/N Reef (18-102),Townsville/Whitsunday,2,6,0,4.57938616,0.993766811,0.282682857,0.23225842
1590,753,-18.9057,147.8923,18103100104,18-103,U/N Reef,U/N Reef (18-103),Townsville/Whitsunday,2,6,0,0.913988506,1.833670396,1.108091814,0.244716742
1591,753,-18.9054,147.8682,18104100104,18-104,U/N Reef,U/N Reef (18-104),Townsville/Whitsunday,2,6,0,0.656854684,0.572055597,0.215683355,0.228214562
1592,753,-18.9249,147.8969,18105101104,18-105a,Banfield Reef (North),Banfield Reef (North) (18-105a),Townsville/Whitsunday,2,6,0,6.544241922,7.326566089,4.911314472,0.254758979
1593,753,-18.9388,147.9093,18105102104,18-105b,Banfield Reef (South),Banfield Reef (South) (18-105b),Townsville/Whitsunday,2,6,0,4.297676793,4.890511355,3.393543254,0.238887178
1594,750,-18.9559,147.6945,18106100104,18-106,(Little) Broadhurst Reef,(Little) Broadhurst Reef (18-106),Townsville/Whitsunday,2,6,0,27.12932145,20.43378199,13.85486221,0.302149067
1595,809,-19.2093,148.8164,19062100104,19-062,U/N Reef,U/N Reef (19-062),Townsville/Whitsunday,3,7,1,5.660363343,1.909535993,1.143916473,0.291640791
1596,803,-19.2627,148.6172,19063101104,19-063a,Kangaroo Reef (East),Kangaroo Reef (East) (19-063a),Townsville/Whitsunday,2,7,1,106.6311412,80.45903225,68.84639641,0.232245144
1597,801,-19.2599,148.5507,19063102104,19-063b,Kangaroo Reef (West),Kangaroo Reef (West) (19-063b),Townsville/Whitsunday,2,7,1,2.494781425,7.226362869,3.056291977,0.248851981
1598,804,-19.2756,148.9848,19064100104,19-064,U/N Reef,U/N Reef (19-064),Townsville/Whitsunday,2,7,1,10.18537947,3.363030201,2.060271947,0.228034084
1599,808,-19.3199,148.6321,19065100104,19-065,U/N Reef,U/N Reef (19-065),Townsville/Whitsunday,2,7,1,10.35117324,17.20277186,11.47859985,0.230127244
1600,808,-19.3415,148.6324,19066100104,19-066,U/N Reef,U/N Reef (19-066),Townsville/Whitsunday,2,7,1,4.507740092,10.27565445,5.633574035,0.222259863
1601,861,-19.5731,149.6611,19142100104,19-142,Lath Reef,Lath Reef (19-142),Townsville/Whitsunday,2,8,1,4.153461813,9.212187899,5.607770302,0.228212638
1602,865,-19.5851,149.7082,19143100104,19-143,U/N Reef,U/N Reef (19-143),Townsville/Whitsunday,3,8,1,0.308461121,0.885581769,0.257003308,0.30025842
1603,860,-19.5813,149.568,19144100104,19-144,U/N Reef,U/N Reef (19-144),Townsville/Whitsunday,2,8,0,0.262318645,1.378312835,0.996971428,0.226656454
1604,860,-19.5883,149.5049,19145100104,19-145,U/N Reef,U/N Reef (19-145),Townsville/Whitsunday,2,8,0,1.430921742,1.620080784,1.00333222,0.23153463
1605,861,-19.6106,149.6326,19146100104,19-146,Rafter Reef,Rafter Reef (19-146),Townsville/Whitsunday,2,8,1,11.25904687,8.623211488,5.37554629,0.227937228
1606,865,-19.6296,149.6698,19147100104,19-147,Plaster Reef,Plaster Reef (19-147),Townsville/Whitsunday,2,8,1,16.31114141,19.15632429,14.23739826,0.233539808
1607,862,-19.6028,149.7697,19148100104,19-148,Eave Reef,Eave Reef (19-148),Townsville/Whitsunday,3,8,1,0.677833439,2.638515912,2.071109176,0.292039971
1608,865,-19.61,149.7248,19149100104,19-149,Brick Reef,Brick Reef (19-149),Townsville/Whitsunday,2,8,1,2.652562148,8.07416928,5.767432376,0.22360762
1609,865,-19.6245,149.7248,19150100104,19-150,U/N Reef,U/N Reef (19-150),Townsville/Whitsunday,2,8,1,0.143257616,0.751108699,0.504084888,0.230200141
1610,915,-19.977,149.6795,19248100104,19-248,U/N Reef,U/N Reef (19-248),Townsville/Whitsunday,2,8,0,3.743687,2.490950916,1.294264392,0.228214562
1611,861,-19.5638,149.685,19249100104,19-249,U/N Reef,U/N Reef (19-249),Townsville/Whitsunday,2,8,1,0.199949934,0.660418131,0.036796138,0.237745429
1612,847,-19.5031,149.7002,19250100104,19-250,U/N Reef,U/N Reef (19-250),Townsville/Whitsunday,3,8,1,12.36377078,18.94470178,0.853740195,0.296671358
1613,847,-19.5459,149.7013,19251100104,19-251,U/N Reef,U/N Reef (19-251),Townsville/Whitsunday,3,8,1,7.528146893,12.73848663,0.546272765,0.296671358
1614,865,-19.6595,149.7086,19252100104,19-252,U/N Reef,U/N Reef (19-252),Townsville/Whitsunday,2,8,0,0.143590143,0.817468866,0.554457371,0.220516717
1615,877,-19.715,149.7547,19253100104,19-253,U/N Reef,U/N Reef (19-253),Townsville/Whitsunday,2,8,0,0.023714856,0.193236045,0.001734883,0.237742928
1616,903,-19.7916,149.762,19254100104,19-254,U/N Reef,U/N Reef (19-254),Townsville/Whitsunday,2,8,0,0.009472763,0.094520876,0.048956092,0.2305168
1617,737,-18.8163,148.0329,18107100104,18-107,U/N Reef,U/N Reef (18-107),Townsville/Whitsunday,3,6,0,0.960082677,1.823530625,1.317569811,0.292575687
1618,756,-18.8368,148.1289,18108100104,18-108,U/N Reef,U/N Reef (18-108),Townsville/Whitsunday,3,6,0,0.500401582,1.639685206,0.808731463,0.30025842
1619,748,-18.8366,148.071,18109100104,18-109,U/N Reef,U/N Reef (18-109),Townsville/Whitsunday,3,6,0,0.225632113,0.759216706,0.285321168,0.292999814
1620,756,-18.8571,148.1646,18110100104,18-110,U/N Reef,U/N Reef (18-110),Townsville/Whitsunday,3,7,0,0.391637046,1.143634697,0.808930621,0.297906101
1621,756,-18.8543,148.0787,18111100104,18-111,Eagle Reef,Eagle Reef (18-111),Townsville/Whitsunday,3,6,0,1.219763657,3.498514113,2.757432613,0.285698677
1622,756,-18.8731,148.1506,18112100104,18-112,Viper Reef,Viper Reef (18-112),Townsville/Whitsunday,3,7,0,2.475789282,6.422790414,4.448674345,0.301495584
1623,754,-18.8884,148.1963,18113100104,18-113,U/N Reef,U/N Reef (18-113),Townsville/Whitsunday,3,7,0,0.209173615,0.520622107,0.228310921,0.292999814
1624,754,-18.8924,148.2452,18114100104,18-114,U/N Reef,U/N Reef (18-114),Townsville/Whitsunday,3,7,0,0.644326118,1.780367406,0.059700137,0.296671358
1625,754,-18.924,148.2531,18115100104,18-115,Jupiter Reef,Jupiter Reef (18-115),Townsville/Whitsunday,3,7,0,2.568962921,5.913843967,4.018391765,0.293049826
1626,754,-18.9334,148.318,18116100104,18-116,U/N Reef,U/N Reef (18-116),Townsville/Whitsunday,3,7,0,5.243561667,0.810732131,0.311286873,0.292999814
1627,754,-18.9553,148.2898,18117100104,18-117,U/N Reef,U/N Reef (18-117),Townsville/Whitsunday,3,7,0,8.535814226,0.463959141,0.004646519,0.296671357
1628,817,-19.3592,148.6345,19067100104,19-067,U/N Reef,U/N Reef (19-067),Townsville/Whitsunday,2,7,0,3.814285631,6.66214427,3.771238653,0.230398602
1629,813,-19.3512,148.6828,19068100104,19-068,U/N Reef,U/N Reef (19-068),Townsville/Whitsunday,2,7,0,15.80357131,10.5730977,6.214756325,0.236442838
1630,815,-19.3432,148.9899,19069100104,19-069,U/N Reef,U/N Reef (19-069),Townsville/Whitsunday,2,7,0,1.567084846,1.917797967,1.145066163,0.231700498
1631,814,-19.3519,148.727,19070100104,19-070,U/N Reef,U/N Reef (19-070),Townsville/Whitsunday,2,7,0,6.968912878,1.620618918,0.953690326,0.228214562
1632,824,-19.4239,148.6594,19071100104,19-071,Wallaby Reef,Wallaby Reef (19-071),Townsville/Whitsunday,2,7,0,49.27015491,72.48406024,32.01174875,0.267837034
1633,866,-19.6159,149.85,19151100104,19-151,Tile Reef,Tile Reef (19-151),Townsville/Whitsunday,3,8,1,7.425847312,15.87230117,10.76323271,0.292373914
1634,866,-19.633,149.8791,19152100104,19-152,Reimer Reef,Reimer Reef (19-152),Townsville/Whitsunday,3,8,1,2.118668231,5.990943498,5.121680145,0.283470611
1635,862,-19.6399,149.7593,19153100104,19-153,U/N Reef,U/N Reef (19-153),Townsville/Whitsunday,2,8,0,0.231832405,1.18899118,0.845111476,0.2242714
1636,866,-19.6416,149.843,19154100104,19-154,U/N Reef,U/N Reef (19-154),Townsville/Whitsunday,3,8,1,0.078951712,0.482568561,0.306437521,0.287345856
1637,876,-19.655,149.7196,19155100104,19-155,U/N Reef,U/N Reef (19-155),Townsville/Whitsunday,2,8,0,0.389116463,1.511918581,1.065003101,0.227620125
1638,877,-19.6642,149.754,19156100104,19-156,Girder Reef,Girder Reef (19-156),Townsville/Whitsunday,2,8,0,7.866745191,8.836621784,7.122055977,0.218501072
1639,875,-19.6671,149.5791,19157100104,19-157,Little Reef,Little Reef (19-157),Townsville/Whitsunday,2,8,0,1.580991636,5.470017142,4.228295437,0.22954763
1640,865,-19.6705,149.6917,19158100104,19-158,U/N Reef,U/N Reef (19-158),Townsville/Whitsunday,2,8,0,1.223612741,1.404265023,0.474797315,0.229440588
1641,903,-19.7899,149.7621,19255100104,19-255,U/N Reef,U/N Reef (19-255),Townsville/Whitsunday,2,8,0,0.011482312,0.106850014,8.90726e-4,0.237741438
1642,903,-19.7914,149.7633,19256100104,19-256,U/N Reef,U/N Reef (19-256),Townsville/Whitsunday,2,8,0,0.00516922,0.047711041,0.004145499,0.189509861
1643,877,-19.7227,149.7664,19257100104,19-257,U/N Reef,U/N Reef (19-257),Townsville/Whitsunday,2,8,0,0.834919084,1.48569522,0.61704048,0.229387009
1644,877,-19.7278,149.7756,19258100104,19-258,U/N Reef,U/N Reef (19-258),Townsville/Whitsunday,2,8,0,0.103115179,0.388852874,0.020684189,0.237745433
1645,862,-19.568,149.7978,19259100104,19-259,U/N Reef,U/N Reef (19-259),Townsville/Whitsunday,3,8,1,0.678926075,2.114340506,1.349199351,0.29763091
1646,914,-19.9515,149.836,19260100104,19-260,U/N Reef,U/N Reef (19-260),Townsville/Whitsunday,2,8,0,0.284241441,0.693450546,0.241496176,0.228214562
1647,914,-19.9398,149.8442,19261100104,19-261,U/N Reef,U/N Reef (19-261),Townsville/Whitsunday,2,8,0,0.086436277,0.337690555,0.017710595,0.237745428
1648,866,-19.6052,149.8712,19262100104,19-262,U/N Reef,U/N Reef (19-262),Townsville/Whitsunday,3,8,1,0.127296257,0.366404465,0.003562481,0.296671262
1649,866,-19.6217,149.8806,19263100104,19-263,U/N Reef,U/N Reef (19-263),Townsville/Whitsunday,3,8,1,0.154493189,0.544233878,0.009719622,0.292999814
1650,866,-19.6784,149.9078,19264100104,19-264,U/N Reef,U/N Reef (19-264),Townsville/Whitsunday,3,8,1,0.310601765,0.994577731,0.031009551,0.296671358
1651,867,-19.651,149.9184,19265100104,19-265,U/N Reef,U/N Reef (19-265),Townsville/Whitsunday,3,8,1,0.687012507,1.876952702,0.063355888,0.296671358
1652,867,-19.664,149.9499,19266100104,19-266,U/N Reef,U/N Reef (19-266),Townsville/Whitsunday,3,8,1,0.010439126,0.101225748,0.052879873,0.299195353
1653,756,-18.9692,148.053,18118100104,18-118,Shrimp Reef,Shrimp Reef (18-118),Townsville/Whitsunday,2,7,0,36.7392344,13.21684343,9.520801164,0.224790781
1654,754,-18.9505,148.3766,18119100104,18-119,Lion Reef,Lion Reef (18-119),Townsville/Whitsunday,3,7,1,1.335022142,2.013073376,1.203073059,0.288244254
1655,749,-18.9757,148.4268,18120100104,18-120,Jaguar Reef,Jaguar Reef (18-120),Townsville/Whitsunday,3,7,1,3.522874324,7.865723539,6.100666377,0.297182926
1656,725,-18.632,147.5136,18121101104,18-121a,Hall Reef (North),Hall Reef (North) (18-121a),Townsville/Whitsunday,2,6,1,19.46656289,0.283378775,0.002668375,0.23774095
1657,725,-18.6733,147.4896,18121102104,18-121b,Hall Reef (South),Hall Reef (South) (18-121b),Townsville/Whitsunday,2,6,0,3.748135826,6.878209512,0.325975383,0.237745432
1658,760,-18.9251,148.5454,18122100104,18-122,U/N Reef,U/N Reef (18-122),Townsville/Whitsunday,3,7,0,2.795513475,5.760684469,0.22370997,0.296671358
1659,760,-18.9876,148.4842,18123100104,18-123,U/N Reef,U/N Reef (18-123),Townsville/Whitsunday,3,7,0,1.819383152,4.085322263,0.151978308,0.296671358
1660,690,-18.3849,147.3901,18124100104,18-124,U/N Reef,U/N Reef (18-124),Townsville/Whitsunday,3,6,0,4.80616319,8.882407015,0.364123737,0.296671358
1661,827,-19.3754,148.7792,19072101104,19-072a,Gould Reef (No 1),Gould Reef (No 1) (19-072a),Townsville/Whitsunday,2,7,0,63.6845739,55.98517285,30.32340452,0.30965885
1662,826,-19.4563,148.7217,19072102104,19-072b,Gould Reef (No 2),Gould Reef (No 2) (19-072b),Townsville/Whitsunday,2,7,0,42.40016175,59.86811476,22.46028687,0.242492925
1663,848,-19.5026,148.736,19072103104,19-072c,Gould Reef (No 3),Gould Reef (No 3) (19-072c),Townsville/Whitsunday,2,7,0,33.52549073,50.17302401,16.94968973,0.229840316
1664,837,-19.498,148.7849,19072104104,19-072d,Gould Reef (No 4),Gould Reef (No 4) (19-072d),Townsville/Whitsunday,2,7,0,25.03002051,47.8412225,14.0549677,0.2381041
1665,867,-19.667,149.9265,19159100104,19-159,Slate Reef,Slate Reef (19-159),Townsville/Whitsunday,3,8,1,3.767277399,7.660845911,6.809515771,0.288176624
1666,867,-19.6586,149.9523,19160100104,19-160,U/N Reef,U/N Reef (19-160),Townsville/Whitsunday,3,8,1,0.326697199,1.122900336,0.763849647,0.298550727
1667,875,-19.683,149.6524,19161100104,19-161,U/N Reef,U/N Reef (19-161),Townsville/Whitsunday,2,8,0,4.911491115,7.684913223,3.221883528,0.276918738
1668,886,-19.682,149.5259,19162100104,19-162,U/N Reef,U/N Reef (19-162),Townsville/Whitsunday,2,8,0,0.680238413,1.758457237,0.101340296,0.237745432
1669,886,-19.6914,149.5381,19163100104,19-163,U/N Reef,U/N Reef (19-163),Townsville/Whitsunday,2,8,0,0.700493073,2.562139732,1.617798363,0.237342949
1670,876,-19.6889,149.7284,19164100104,19-164,U/N Reef,U/N Reef (19-164),Townsville/Whitsunday,2,8,0,13.5588882,4.61811783,2.290598912,0.223341359
1671,696,-18.4827,146.8712,18032100104,18-032,Rib Reef,Rib Reef (18-032),Townsville/Whitsunday,2,6,0,10.45247416,15.43525833,10.46385022,0.254181534
1672,670,-18.2089,147.0161,18033100104,18-033,Pith Reef,Pith Reef (18-033),Townsville/Whitsunday,3,6,0,27.04098709,14.91660275,12.14195402,0.291602363
1673,678,-18.2657,147.3842,18034100104,18-034,Myrmidon Reef,Myrmidon Reef (18-034),Townsville/Whitsunday,3,6,1,10.71208447,15.54564832,10.36623316,0.292809159
1674,694,-18.3434,147.1747,18035100104,18-035,Thread Shoal,Thread Shoal (18-035),Townsville/Whitsunday,3,6,0,1.583466478,0.395517171,0.045508951,0.292999814
1675,694,-18.3471,147.0812,18036100104,18-036,Urchin Shoal,Urchin Shoal (18-036),Townsville/Whitsunday,2,6,0,0.502755516,0.772122531,0.205776195,0.228214562
1676,713,-18.5479,147.4173,18125100104,18-125,U/N Reef,U/N Reef (18-125),Townsville/Whitsunday,2,6,1,0.37939806,1.100760866,0.063140763,0.237745432
1677,713,-18.5517,147.4417,18126100104,18-126,U/N Reef,U/N Reef (18-126),Townsville/Whitsunday,2,6,1,7.532235581,12.02148338,0.469204683,0.237745432
1678,713,-18.5645,147.4777,18127100104,18-127,U/N Reef,U/N Reef (18-127),Townsville/Whitsunday,2,6,1,0.101751001,0.304091413,0.182271057,0.237459126
1679,695,-18.4251,147.5818,18128100104,18-128,U/N Reef,U/N Reef (18-128),Townsville/Whitsunday,3,6,1,1.887391383,4.205322073,0.157009584,0.296671358
1680,702,-18.4912,147.8017,18129100104,18-129,U/N Reef,U/N Reef (18-129),Townsville/Whitsunday,3,6,1,20.19582596,28.01227977,1.325619845,0.296671358
1681,756,-18.8255,148.0992,18130100104,18-130,U/N Reef,U/N Reef (18-130),Townsville/Whitsunday,3,6,0,0.116223072,0.452299753,0.012779288,0.296671362
1682,737,-18.7894,148.1201,18131100104,18-131,U/N Reef,U/N Reef (18-131),Townsville/Whitsunday,3,6,0,1.035201021,0.858738481,0.114535934,0.292999814
1683,754,-18.8202,148.1813,18132100104,18-132,U/N Reef,U/N Reef (18-132),Townsville/Whitsunday,3,6,0,1.976269364,4.364025431,0.163691137,0.296671358
1684,754,-18.8474,148.2452,18133100104,18-133,U/N Reef,U/N Reef (18-133),Townsville/Whitsunday,3,7,0,1.697978926,3.865191066,0.14279708,0.296671358
1685,754,-18.8766,148.2948,18134100104,18-134,U/N Reef,U/N Reef (18-134),Townsville/Whitsunday,3,7,0,1.081296595,2.69397132,0.095135819,0.296671358
1686,827,-19.4531,148.7893,19072105104,19-072e,Gould Reef (No 5),Gould Reef (No 5) (19-072e),Townsville/Whitsunday,2,7,0,15.78570679,26.24961697,3.085733634,0.252630861
1687,815,-19.4106,148.9986,19073100104,19-073,U/N Reef,U/N Reef (19-073),Townsville/Whitsunday,2,7,0,0.188096013,0.153570635,0.001339497,0.237747188
1688,820,-19.3979,148.8709,19074101104,19-074a,Cobham Reef (North),Cobham Reef (North) (19-074a),Townsville/Whitsunday,2,7,0,45.80944606,63.52695689,31.44867017,0.28845368
1689,829,-19.4357,148.8544,19074102104,19-074b,Cobham Reef (South),Cobham Reef (South) (19-074b),Townsville/Whitsunday,2,7,0,75.88409965,90.82482015,29.78125939,0.26749668
1690,877,-19.6975,149.8011,19165100104,19-165,U/N Reef,U/N Reef (19-165),Townsville/Whitsunday,2,8,0,18.19504347,7.700226463,5.749716375,0.222379447
1691,866,-19.6988,149.9096,19166100104,19-166,U/N Reef,U/N Reef (19-166),Townsville/Whitsunday,3,8,1,0.016275036,0.149792966,0.082179952,0.297612062
1692,878,-19.6927,149.978,19167100104,19-167,Thatch Reef,Thatch Reef (19-167),Townsville/Whitsunday,3,8,1,2.588786194,7.554240058,5.024788669,0.295232346
1693,875,-19.712,149.6107,19168100104,19-168,U/N Reef,U/N Reef (19-168),Townsville/Whitsunday,2,8,0,0.488489084,1.947095004,1.11477579,0.237016651
1694,875,-19.7205,149.6128,19169100104,19-169,U/N Reef,U/N Reef (19-169),Townsville/Whitsunday,2,8,0,0.834420293,3.291969149,2.460566498,0.225357964
1695,875,-19.7053,149.6864,19170100104,19-170,U/N Reef,U/N Reef (19-170),Townsville/Whitsunday,2,8,0,1.4486953,0.868577289,0.385492306,0.228214562
1696,876,-19.7085,149.7428,19171100104,19-171,U/N Reef,U/N Reef (19-171),Townsville/Whitsunday,2,8,0,0.0972253,0.442282595,0.176127326,0.224287786
1697,877,-19.7106,149.759,19172100104,19-172,U/N Reef,U/N Reef (19-172),Townsville/Whitsunday,2,8,0,0.276909214,1.040104653,0.66550071,0.225535249
1698,694,-18.3612,147.2054,18037100104,18-037,Needle Reef,Needle Reef (18-037),Townsville/Whitsunday,3,6,0,2.208794603,3.573410997,2.699361391,0.295665441
1699,678,-18.3737,147.2588,18038100104,18-038,Thimble Shoal,Thimble Shoal (18-038),Townsville/Whitsunday,3,6,0,0.672109007,1.84092209,0.061989316,0.296671358
1700,690,-18.4138,147.4487,18039100104,18-039,Dip Reef,Dip Reef (18-039),Townsville/Whitsunday,3,6,1,14.1015219,10.16054376,7.941325295,0.3159548
1701,694,-18.4149,147.1394,18040100104,18-040,Arab Reef,Arab Reef (18-040),Townsville/Whitsunday,2,6,0,4.21798256,7.898659953,6.770285197,0.233592535
1702,701,-18.4223,147.3492,18041100104,18-041,Faraday Reef,Faraday Reef (18-041),Townsville/Whitsunday,3,6,1,2.499788906,7.157508679,6.229684488,0.30219947
1703,694,-18.4318,147.0581,18042100104,18-042,Roxburgh Reef,Roxburgh Reef (18-042),Townsville/Whitsunday,2,6,0,23.64867493,8.988462947,6.301415455,0.225682865
1704,704,-18.5048,147.0377,18043100104,18-043,Fore And Aft Reef,Fore And Aft Reef (18-043),Townsville/Whitsunday,2,6,0,20.81982705,22.88559394,17.12710265,0.247872298
1705,749,-18.8773,148.3925,18135100104,18-135,U/N Reef,U/N Reef (18-135),Townsville/Whitsunday,3,7,1,4.089859383,1.072726947,0.295870235,0.292999814
1706,749,-18.8935,148.4426,18136100104,18-136,U/N Reef,U/N Reef (18-136),Townsville/Whitsunday,3,7,1,2.912001771,5.951534747,0.232064964,0.296671358
1707,749,-18.9056,148.4833,18137100104,18-137,U/N Reef,U/N Reef (18-137),Townsville/Whitsunday,3,7,1,1.327762511,3.175288209,0.114461135,0.296671358
1708,669,-18.1568,146.9695,18138100104,18-138,U/N Reef,U/N Reef (18-138),Townsville/Whitsunday,3,6,0,0.728477013,1.963405512,0.066648168,0.296671358
1709,669,-18.1461,146.9787,18139100104,18-139,U/N Reef,U/N Reef (18-139),Townsville/Whitsunday,3,6,0,0.580560079,0.688218415,0.45685682,0.292999814
1710,738,-18.9375,146.3462,18800100104,18-800,U/N Reef,U/N Reef (18-800),Townsville/Whitsunday,1,6,0,0.922213945,3.785639035,1.291628695,0.273867268
1711,743,-19.0226,146.6277,19001100104,19-001,Bramble Rock Reef,Bramble Rock Reef (19-001),Townsville/Whitsunday,1,6,0,0.008958703,0.062630558,4.87784e-4,0.267190391
1712,828,-19.4805,148.8241,19075100104,19-075,Martin Reef,Martin Reef (19-075),Townsville/Whitsunday,2,7,0,6.832907127,12.70858873,6.834358697,0.221288032
1713,838,-19.4914,148.8986,19076100104,19-076,Showers Reef,Showers Reef (19-076),Townsville/Whitsunday,2,7,0,8.204149662,15.99404604,7.454646698,0.223687665
1714,804,-19.2047,149.0201,19077100104,19-077,U/N Reef,U/N Reef (19-077),Townsville/Whitsunday,3,7,1,6.750321413,5.320875868,3.86192687,0.29161425
1715,796,-19.2267,149.0943,19078100104,19-078,U/N Reef,U/N Reef (19-078),Townsville/Whitsunday,3,7,1,7.277467387,4.845012027,3.853386213,0.28753983
1716,796,-19.2785,149.0966,19079100104,19-079,U/N Reef,U/N Reef (19-079),Townsville/Whitsunday,3,7,0,0.891022459,0.734829341,0.429394846,0.30025842
1717,796,-19.2832,149.0638,19080100104,19-080,U/N Reef,U/N Reef (19-080),Townsville/Whitsunday,3,7,0,0.526114973,0.881338853,0.603425721,0.292999814
1718,877,-19.7116,149.7667,19173100104,19-173,U/N Reef,U/N Reef (19-173),Townsville/Whitsunday,2,8,0,0.273890431,0.785781194,0.267620108,0.23326597
1719,877,-19.7166,149.8077,19174100104,19-174,U/N Reef,U/N Reef (19-174),Townsville/Whitsunday,2,8,0,1.053081871,1.294583009,0.442609546,0.232088782
1720,878,-19.7087,149.9248,19175100104,19-175,U/N Reef,U/N Reef (19-175),Townsville/Whitsunday,3,8,1,0.093066443,0.575659756,0.373701327,0.29157291
1721,878,-19.719,149.9759,19176100104,19-176,U/N Reef,U/N Reef (19-176),Townsville/Whitsunday,3,8,1,1.755148687,1.488128279,1.032918158,0.297870633
1722,876,-19.7245,149.7086,19177100104,19-177,Crab Reef,Crab Reef (19-177),Townsville/Whitsunday,2,8,0,1.892754817,6.669527444,3.594852422,0.22119307
1723,878,-19.7367,149.9611,19178100104,19-178,U/N Reef,U/N Reef (19-178),Townsville/Whitsunday,3,8,1,1.971119007,2.471962615,1.61695716,0.291364711
1724,877,-19.7426,149.7866,19179100104,19-179,Howse Reef,Howse Reef (19-179),Townsville/Whitsunday,2,8,0,3.640584286,5.247304273,3.388280655,0.22545786
1725,700,-18.4925,147.1023,18044100104,18-044,Westmoreland Reef,Westmoreland Reef (18-044),Townsville/Whitsunday,2,6,0,4.406193092,5.247771156,3.63007576,0.226473378
1726,701,-18.4788,147.4,18045100104,18-045,Cotton Shoal,Cotton Shoal (18-045),Townsville/Whitsunday,3,6,1,0.780693767,1.302257388,0.889902126,0.308283694
1727,695,-18.4349,147.5224,18046100104,18-046,Coil Reef,Coil Reef (18-046),Townsville/Whitsunday,3,6,1,2.231193059,4.723474433,3.889267767,0.29328515
1728,709,-18.5564,146.4889,18048100104,18-048,Pelorus (North Palm or Yanooa) Reef,Pelorus (North Palm or Yanooa) Reef (18-048),Townsville/Whitsunday,1,6,0,0.970882061,0.956909191,0.41660376,0.264366085
1729,709,-18.6021,146.4875,18049101104,18-049a,Orpheus (Goolboddi) Island Reef (No 1),Orpheus (Goolboddi) Island Reef (No 1) (18-049a),Townsville/Whitsunday,1,6,1,1.623865622,2.680639432,2.000890892,0.273302559
1730,743,-19.0283,146.6296,19002100104,19-002,Herald Island Reef,Herald Island Reef (19-002),Townsville/Whitsunday,1,6,0,0.277987873,1.2802387,0.574990859,0.273867268
1731,743,-19.0381,146.6094,19003100104,19-003,Rattlesnake Island Reef,Rattlesnake Island Reef (19-003),Townsville/Whitsunday,1,6,0,0.329771373,1.428944731,0.906927475,0.273867268
1732,743,-19.0345,146.5867,19004100104,19-004,Lorne Reef,Lorne Reef (19-004),Townsville/Whitsunday,1,6,0,9.68251e-4,0.01077343,6.75e-5,0.267201897
1733,743,-19.0981,146.5611,19005100104,19-005,Paluma Shoals,Paluma Shoals (19-005),Townsville/Whitsunday,1,6,0,1.266356211,3.354374938,0.043018087000000003,0.267194681
1734,767,-19.1088,146.8807,19006100104,19-006,Orchard Rocks Reef,Orchard Rocks Reef (19-006),Townsville/Whitsunday,1,6,0,0.031138286,0.020030706,1.35461e-4,0.267199109
1735,810,-19.3108,149.2435,19081100104,19-081,Ellen Reef,Ellen Reef (19-081),Townsville/Whitsunday,3,7,0,13.4684013,7.173164415,5.742211337,0.296399721
1736,815,-19.3258,149.043,19082100104,19-082,Elizabeth Reef,Elizabeth Reef (19-082),Townsville/Whitsunday,2,7,0,13.57555154,9.222956635,6.841861634,0.232395908
1737,810,-19.3332,149.188,19083100104,19-083,U/N Reef,U/N Reef (19-083),Townsville/Whitsunday,3,7,0,0.558921378,1.59005351,0.052570265,0.296671358
1738,810,-19.3422,149.2151,19084100104,19-084,U/N Reef,U/N Reef (19-084),Townsville/Whitsunday,3,7,0,1.562695667,2.212415807,0.611690376,0.282585873
1739,821,-19.3516,149.1585,19085100104,19-085,U/N Reef,U/N Reef (19-085),Townsville/Whitsunday,2,7,0,0.345501691,0.115048277,0.061070035,0.228214562
1740,815,-19.35,149.0255,19086100104,19-086,U/N Reef,U/N Reef (19-086),Townsville/Whitsunday,2,7,0,1.763635489,3.766311387,0.203794995,0.237745432
1741,815,-19.3711,149.0314,19087100104,19-087,U/N Reef,U/N Reef (19-087),Townsville/Whitsunday,2,7,0,0.323606825,1.243566948,0.631892562,0.235627196
1742,821,-19.3592,149.0971,19088100104,19-088,U/N Reef,U/N Reef (19-088),Townsville/Whitsunday,2,7,0,1.163277584,1.772668044,0.865881783,0.241493096
1743,821,-19.3603,149.1144,19089100104,19-089,U/N Reef,U/N Reef (19-089),Townsville/Whitsunday,2,7,0,1.218987777,1.460824292,0.926771582,0.217179455
1744,897,-19.7409,149.6834,19180100104,19-180,Gargoyle Reef,Gargoyle Reef (19-180),Townsville/Whitsunday,2,8,0,5.405110881,13.59772215,9.219343196,0.224476647
1745,896,-19.7579,149.6173,19181100104,19-181,U/N Reef,U/N Reef (19-181),Townsville/Whitsunday,2,8,0,2.448877739,6.698499562,2.421080925,0.252493207
1746,903,-19.7551,149.7296,19182100104,19-182,U/N Reef,U/N Reef (19-182),Townsville/Whitsunday,2,8,0,3.954129647,4.835838256,3.457824498,0.227393559
1747,897,-19.7581,149.654,19183100104,19-183,U/N Reef,U/N Reef (19-183),Townsville/Whitsunday,2,8,0,0.116017871,0.444218903,0.004424666,0.237745625
1748,897,-19.7645,149.6562,19184100104,19-184,U/N Reef,U/N Reef (19-184),Townsville/Whitsunday,2,8,0,0.084987595,0.523334751,0.335710603,0.220966375
1749,897,-19.766,149.6594,19185100104,19-185,U/N Reef,U/N Reef (19-185),Townsville/Whitsunday,2,8,0,0.041404431,0.050386008,0.001232087,0.228214562
1750,903,-19.7684,149.7252,19186100104,19-186,U/N Reef,U/N Reef (19-186),Townsville/Whitsunday,2,8,0,0.153979797,0.769756195,0.518185647,0.23241742
1751,896,-19.7841,149.6238,19187100104,19-187,Hewitt Reef,Hewitt Reef (19-187),Townsville/Whitsunday,2,8,0,27.77733852,47.25846525,22.33639039,0.262866234
1752,903,-19.7832,149.7621,19188100104,19-188,U/N Reef,U/N Reef (19-188),Townsville/Whitsunday,2,8,0,3.8311972,11.10204608,5.757894587,0.25422869
1753,709,-18.6339,146.4949,18049102104,18-049b,Orpheus (Goolboddi) Island Reef (No 2),Orpheus (Goolboddi) Island Reef (No 2) (18-049b),Townsville/Whitsunday,1,6,0,0.990116735,2.892553081,1.664408495,0.27186902
1754,709,-18.6582,146.4892,18049103104,18-049c,Orpheus (Goolboddi) Island Reef (No 3),Orpheus (Goolboddi) Island Reef (No 3) (18-049c),Townsville/Whitsunday,1,6,0,1.644274095,2.324612602,1.648411025,0.271596384
1755,709,-18.6393,146.506,18049104104,18-049d,Orpheus (Goolboddi) Island Reef (No 4),Orpheus (Goolboddi) Island Reef (No 4) (18-049d),Townsville/Whitsunday,1,6,1,0.505303312,1.024245833,0.673933138,0.246612927
1756,709,-18.5933,146.4984,18049105104,18-049e,Orpheus (Goolboddi) Island Reef (No 5),Orpheus (Goolboddi) Island Reef (No 5) (18-049e),Townsville/Whitsunday,1,6,1,2.036829014,3.953746404,2.731026329,0.258363344
1757,729,-18.6825,146.331,18050100104,18-050,Lady Elliot Reef,Lady Elliot Reef (18-050),Townsville/Whitsunday,1,6,0,0.513116098,2.368352625,0.029079714,0.267194686
1758,738,-18.8123,146.4337,18051100104,18-051,Pandora Reef,Pandora Reef (18-051),Townsville/Whitsunday,1,6,1,0.237952443,0.961496132,0.550877866,0.259887884
1759,709,-18.665,146.5632,18052101104,18-052a,Curacoa (Noogoo) Reef (No 1),Curacoa (Noogoo) Reef (No 1) (18-052a),Townsville/Whitsunday,1,6,0,0.336259711,1.14945834,0.813467976,0.26443599
1760,778,-19.1682,146.81,19009101104,19-009a,Cockle Bay Reef,Cockle Bay Reef (19-009a),Townsville/Whitsunday,1,6,0,7.803006545,20.81267909,17.54114107,0.273867268
1761,779,-19.1664,146.8504,19009102104,19-009b,Magnetic Island Reef (No 1),Magnetic Island Reef (No 1) (19-009b),Townsville/Whitsunday,1,6,0,0.484973305,2.07316958,1.375480832,0.265382567
1762,767,-19.1542,146.8646,19009103104,19-009c,Magnetic Island Reef (No 2),Magnetic Island Reef (No 2) (19-009c),Townsville/Whitsunday,1,6,1,0.374105811,1.717566539,1.163206321,0.273867268
1763,767,-19.1215,146.881,19009104104,19-009d,Magnetic Island Reef (No 3),Magnetic Island Reef (No 3) (19-009d),Townsville/Whitsunday,1,6,1,0.051599459,0.240175851,0.139776301,0.273167139
1764,767,-19.1172,146.8822,19009105104,19-009e,Magnetic Island Reef (No 4),Magnetic Island Reef (No 4) (19-009e),Townsville/Whitsunday,1,6,1,0.123907191,0.522427865,0.005310152,0.267195698
1765,767,-19.1113,146.8622,19009106104,19-009f,Magnetic Island Reef (No 5),Magnetic Island Reef (No 5) (19-009f),Townsville/Whitsunday,1,6,0,0.256984921,1.310606103,0.910601698,0.273867268
1766,815,-19.3727,149.0716,19090100104,19-090,U/N Reef,U/N Reef (19-090),Townsville/Whitsunday,2,7,0,7.384684392,0.889576005,0.381754594,0.228214562
1767,822,-19.3414,149.4162,19091100104,19-091,Eulalie Reef,Eulalie Reef (19-091),Townsville/Whitsunday,3,7,0,12.43964697,3.290504158,2.656184798,0.292310759
1768,821,-19.3689,149.1849,19092100104,19-092,U/N Reef,U/N Reef (19-092),Townsville/Whitsunday,3,7,0,11.30349192,1.343770691,0.969848386,0.292999814
1769,815,-19.3949,149.0366,19093100104,19-093,U/N Reef,U/N Reef (19-093),Townsville/Whitsunday,2,7,0,0.178085761,0.460825841,0.071555756,0.228214562
1770,846,-19.4429,149.4508,19094100104,19-094,U/N Reef,U/N Reef (19-094),Townsville/Whitsunday,2,8,0,0.562605119,0.081630862,0.041512053,0.228214562
1771,844,-19.4591,149.226,19095100104,19-095,U/N Reef,U/N Reef (19-095),Townsville/Whitsunday,2,7,0,65.40310537,16.47552908,7.92573593,0.222601932
1772,903,-19.7905,149.6954,19189100104,19-189,U/N Reef,U/N Reef (19-189),Townsville/Whitsunday,2,8,0,1.578363218,3.321278563,2.059541048,0.224140285
1773,903,-19.8055,149.7053,19190100104,19-190,U/N Reef,U/N Reef (19-190),Townsville/Whitsunday,2,8,0,1.133086363,3.512870794,2.45129091,0.229784818
1774,903,-19.8029,149.7215,19191100104,19-191,U/N Reef,U/N Reef (19-191),Townsville/Whitsunday,2,8,0,0.573916543,1.07787548,0.314254248,0.228214562
1775,896,-19.818,149.616,19192100104,19-192,U/N Reef,U/N Reef (19-192),Townsville/Whitsunday,2,8,0,0.450014565,1.574754093,0.798770631,0.223183887
1776,908,-19.8378,149.7326,19193100104,19-193,U/N Reef,U/N Reef (19-193),Townsville/Whitsunday,2,8,0,36.86690329,12.04131812,5.588043843,0.244921336
1777,709,-18.6776,146.555,18052102104,18-052b,Curacoa (Noogoo) Reef (No 2),Curacoa (Noogoo) Reef (No 2) (18-052b),Townsville/Whitsunday,1,6,1,2.403588936,3.40352651,2.55430725,0.266928482
1778,709,-18.6767,146.5116,18053100104,18-053,Fantome (Eumilli) Island Reef,Fantome (Eumilli) Island Reef (18-053),Townsville/Whitsunday,1,6,0,1.830967099,5.2717223540000004,4.193455333,0.273625954
1779,739,-18.7169,146.5761,18054101104,18-054a,Great Palm Island Reef (No 1),Great Palm Island Reef (No 1) (18-054a),Townsville/Whitsunday,1,6,0,7.184495644,16.1911325,11.33761854,0.2733571
1780,778,-19.1163,146.8152,19009107104,19-009g,Magnetic Island Reef (No 6),Magnetic Island Reef (No 6) (19-009g),Townsville/Whitsunday,1,6,1,0.073786314,0.063083521,4.91798e-4,0.267193112
1781,767,-19.1087,146.8328,19009108104,19-009h,Magnetic Island Reef (No 7),Magnetic Island Reef (No 7) (19-009h),Townsville/Whitsunday,1,6,1,0.144243547,0.308947846,0.177084987,0.273867268
1782,778,-19.1194,146.7887,19009109104,19-009j,Magnetic Island Reef (No 8),Magnetic Island Reef (No 8) (19-009j),Townsville/Whitsunday,1,6,0,0.192029733,0.587291599,0.069737262,0.273867268
1783,779,-19.1853,146.8348,19010100104,19-010,U/N Reef,U/N Reef (19-010),Townsville/Whitsunday,1,6,0,0.29957178,1.53983637,0.935993851,0.273867268
1784,778,-19.1977,146.8146,19011100104,19-011,Middle Reef,Middle Reef (19-011),Townsville/Whitsunday,1,6,0,0.405652719,1.962444423,0.665930421,0.273867268
1785,778,-19.2097,146.7933,19012100104,19-012,Virago Shoal,Virago Shoal (19-012),Townsville/Whitsunday,1,6,0,0.47108391,2.211833696,0.389363815,0.273867268
1786,767,-19.1794,147.0656,19013100104,19-013,Salamander Reef,Salamander Reef (19-013),Townsville/Whitsunday,1,6,0,0.126007008,0.529497414,0.005390987,0.26719622
1787,831,-19.4516,149.1563,19096100104,19-096,Kennedy Reef,Kennedy Reef (19-096),Townsville/Whitsunday,2,7,0,82.80803502,52.82191837,35.58911109,0.237857849
1788,841,-19.4988,149.0538,19097100104,19-097,Net Reef,Net Reef (19-097),Townsville/Whitsunday,2,7,0,114.0170872,102.4203032,49.45384487,0.243948871
1789,903,-19.8264,149.7765,19194100104,19-194,U/N Reef,U/N Reef (19-194),Townsville/Whitsunday,2,8,0,1.674049349,5.35115025,4.281982215,0.220757322
1790,909,-19.8457,149.8949,19195100104,19-195,Napier Reef,Napier Reef (19-195),Townsville/Whitsunday,2,8,1,4.93068924,11.73215058,8.500361913,0.232528969
1791,911,-19.8592,149.5997,19196100104,19-196,U/N Reef,U/N Reef (19-196),Townsville/Whitsunday,2,8,0,0.272415058,0.949451329,0.435545215,0.277791017
1792,896,-19.8727,149.5813,19197100104,19-197,Ross Reef,Ross Reef (19-197),Townsville/Whitsunday,2,8,0,14.80467554,24.22002215,10.60036276,0.231806088
1793,911,-19.88,149.7188,19198100104,19-198,U/N Reef,U/N Reef (19-198),Townsville/Whitsunday,2,8,0,2.681224647,5.729543412,3.738247457,0.243789972
1794,911,-19.8956,149.6976,19199100104,19-199,U/N Reef,U/N Reef (19-199),Townsville/Whitsunday,2,8,0,3.599983655,1.407585932,0.1683781,0.228214562
1795,739,-18.7654,146.6103,18054102104,18-054b,Great Palm Island Reef (No 2),Great Palm Island Reef (No 2) (18-054b),Townsville/Whitsunday,1,6,0,6.176947732,12.59938581,9.393517169,0.269855449
1796,743,-18.7647,146.6788,18054103104,18-054c,Great Palm Island Reef (No 3),Great Palm Island Reef (No 3) (18-054c),Townsville/Whitsunday,1,6,0,1.629911343,2.711403375,1.709848751,0.258548342
1797,743,-18.7509,146.692,18054104104,18-054d,Great Palm Island Reef (No 4),Great Palm Island Reef (No 4) (18-054d),Townsville/Whitsunday,1,6,0,0.909569792,1.612056549,1.095742799,0.251946438
1798,743,-18.7415,146.6447,18054105104,18-054e,Great Palm Island Reef (No 5),Great Palm Island Reef (No 5) (18-054e),Townsville/Whitsunday,1,6,0,2.293326995,6.183268154,2.449197252,0.252797647
1799,739,-18.6951,146.5987,18054106104,18-054f,Great Palm Island Reef (No 6),Great Palm Island Reef (No 6) (18-054f),Townsville/Whitsunday,1,6,0,0.747698177,2.720913565,2.021434162,0.256909885
1800,739,-18.6823,146.5835,18054107104,18-054g,Great Palm Island Reef (No 7),Great Palm Island Reef (No 7) (18-054g),Townsville/Whitsunday,1,6,0,0.549163002,2.005615517,1.339442792,0.25630103
1801,767,-19.2464,147.0628,19016100104,19-016,Bray Reef,Bray Reef (19-016),Townsville/Whitsunday,1,6,0,0.115137011,0.040624621,2.99966e-4,0.267197702
1802,767,-19.2732,147.0629,19018100104,19-018,Bald Reef,Bald Reef (19-018),Townsville/Whitsunday,1,6,1,0.06912686,0.180314086,0.09095492,0.273867268
1803,757,-19.0327,147.9277,19019100104,19-019,Bowden Reef,Bowden Reef (19-019),Townsville/Whitsunday,2,7,0,14.83361932,19.06072681,13.79917671,0.255587641
1804,768,-19.1413,147.6366,19020100104,19-020,Morinda Shoal,Morinda Shoal (19-020),Townsville/Whitsunday,2,6,0,8.35713969,5.302469718,4.062746937,0.228214562
1805,811,-19.3617,147.858,19021100104,19-021,Tink Shoal,Tink Shoal (19-021),Townsville/Whitsunday,2,7,0,2.181677668,0.631240548,0.056733188,0.228214562
1806,811,-19.359,147.9428,19022100104,19-022,Wilson Shoal,Wilson Shoal (19-022),Townsville/Whitsunday,2,7,1,2.537512775,3.623203992,0.982248836,0.228214562
1807,854,-19.5001,149.1193,19098100104,19-098,Wansfell Reef,Wansfell Reef (19-098),Townsville/Whitsunday,2,7,0,4.924940852,12.91130303,10.48757772,0.294298942
1808,847,-19.4602,149.6323,19099100104,19-099,Joist Reef,Joist Reef (19-099),Townsville/Whitsunday,3,8,0,23.56796104,5.768399134,4.566479489,0.303868471
1809,907,-19.727,147.7591,19101100104,19-101,U/N Reef,U/N Reef (19-101),Townsville/Whitsunday,1,7,0,0.277193943,1.143763179,0.762867475,0.273867268
1810,907,-19.8536,147.8958,19102100104,19-102,Camp Reef,Camp Reef (19-102),Townsville/Whitsunday,1,7,0,0.409967467,1.844394521,0.792876675,0.273480558
1811,920,-19.725,148.3573,19103101104,19-103a,Holbourne Island Reef (No 1),Holbourne Island Reef (No 1) (19-103a),Townsville/Whitsunday,1,7,0,0.220451647,0.50918134,0.284948679,0.251116139
1812,912,-19.9168,149.8289,19200100104,19-200,U/N Reef,U/N Reef (19-200),Townsville/Whitsunday,2,8,0,16.35529413,3.616206444,1.367740151,0.228214562
1813,914,-19.9407,149.7794,19201100104,19-201,U/N Reef,U/N Reef (19-201),Townsville/Whitsunday,2,8,0,0.549019636,0.336547501,0.080002426,0.228214562
1814,914,-19.9276,149.7917,19202100104,19-202,U/N Reef,U/N Reef (19-202),Townsville/Whitsunday,2,8,0,5.016942262,4.784577052,1.797256372,0.404761431
1815,915,-19.9435,149.7452,19203100104,19-203,U/N Reef,U/N Reef (19-203),Townsville/Whitsunday,2,8,0,7.484303007,3.858546519,0.600260828,0.246544898
1816,916,-19.9652,149.6239,19204100104,19-204,Round Reef,Round Reef (19-204),Townsville/Whitsunday,2,8,0,2.974148631,7.832854603,6.355965613,0.256749017
1817,739,-18.7688,146.5501,18058100104,18-058,Eclipse (Garoogubbee) Reef,Eclipse (Garoogubbee) Reef (18-058),Townsville/Whitsunday,1,6,0,0.120312802,0.596714013,0.384055454,0.264621517
1818,739,-18.7742,146.5207,18059100104,18-059,Esk (Soopun) Reef,Esk (Soopun) Reef (18-059),Townsville/Whitsunday,1,6,0,0.232372938,0.832029696,0.391255683,0.26886616
1819,743,-18.7771,146.666,18061100104,18-061,Barber (Boodthean) Reef,Barber (Boodthean) Reef (18-061),Townsville/Whitsunday,1,6,0,0.101972498,0.57271298,0.264713221,0.243381898
1820,739,-18.7773,146.5354,18062100104,18-062,Brisk-Falcon Reef,Brisk-Falcon Reef (18-062),Townsville/Whitsunday,1,6,0,0.806589482,3.092275628,2.476857433,0.273071673
1821,739,-18.8294,146.5254,18064100104,18-064,Fly Island Reef,Fly Island Reef (18-064),Townsville/Whitsunday,1,6,0,0.230358543,1.090430435,0.675998469,0.260217468
1822,811,-19.4468,147.8829,19023100104,19-023,Pakhoi Bank,Pakhoi Bank (19-023),Townsville/Whitsunday,2,7,0,0.38649977,1.117360592,0.064126716,0.237745432
1823,758,-19.0206,148.0967,19024100104,19-024,Prawn Reef,Prawn Reef (19-024),Townsville/Whitsunday,2,7,0,31.22600057,21.04901095,15.11018416,0.229739756
1824,759,-19.0153,148.3407,19025100104,19-025,Castor Reef,Castor Reef (19-025),Townsville/Whitsunday,2,7,0,16.52220421,7.843337129,6.407428915,0.223484545
1825,764,-19.036,148.4293,19026100104,19-026,U/N Reef,U/N Reef (19-026),Townsville/Whitsunday,2,7,0,7.255537001,1.776308153,1.231284767,0.223973019
1826,759,-19.0473,148.3041,19027100104,19-027,Pollux Reef,Pollux Reef (19-027),Townsville/Whitsunday,2,7,0,10.25455145,4.576643848,3.554431303,0.224714744
1827,761,-19.0593,148.1816,19028100104,19-028,Shell Reef,Shell Reef (19-028),Townsville/Whitsunday,2,7,0,3.586311683,7.180615579,5.366072336,0.270522649
1828,758,-19.0706,148.0774,19029100104,19-029,Mid Reef,Mid Reef (19-029),Townsville/Whitsunday,2,7,0,5.628233927,11.116654,7.986404805,0.281563627
1829,920,-19.7291,148.3637,19103102104,19-103b,Holbourne Island Reef (No 2),Holbourne Island Reef (No 2) (19-103b),Townsville/Whitsunday,1,7,0,0.069570325,0.368283419,0.22609605,0.255920608
1830,920,-19.9884,148.3638,19106100104,19-106,Middle Island Reef,Middle Island Reef (19-106),Townsville/Whitsunday,1,7,0,0.31893049,1.369764413,0.807397205,0.269290333
1831,917,-20.0102,149.7246,19205101104,19-205a,Tideway Reef (No 1),Tideway Reef (No 1) (19-205a),Townsville/Whitsunday,2,8,0,15.20771854,25.9944574,18.0850296,0.292883035
1832,917,-19.9975,149.755,19205102104,19-205b,Tideway Reef (No 2),Tideway Reef (No 2) (19-205b),Townsville/Whitsunday,2,8,0,2.422333998,5.315199921,3.137016378,0.488334962
1833,915,-19.9767,149.733,19205103104,19-205c,Tideway Reef (No 3),Tideway Reef (No 3) (19-205c),Townsville/Whitsunday,2,8,0,15.00707377,10.11294839,6.048274979,0.304352891
1834,878,-19.7096,150.0067,19206100104,19-206,U/N Reef,U/N Reef (19-206),Townsville/Whitsunday,3,8,1,4.528517939,8.176196087,6.438034222,0.290059555
1835,742,-18.843,146.5376,18065100104,18-065,Havannah Reef,Havannah Reef (18-065),Townsville/Whitsunday,1,6,0,0.851750048,2.518442906,1.966127423,0.26597853
1836,743,-18.9638,146.6309,18066100104,18-066,Acheron Reef,Acheron Reef (18-066),Townsville/Whitsunday,1,6,0,0.262784176,1.194692718,0.754938727,0.265333761
1837,743,-18.9762,146.6192,18067100104,18-067,Phillips Reef,Phillips Reef (18-067),Townsville/Whitsunday,1,6,0,0.009977511,0.069627277,5.50492e-4,0.267185723
1838,743,-18.9957,146.6848,18068100104,18-068,Cordelia Rocks Reef,Cordelia Rocks Reef (18-068),Townsville/Whitsunday,1,6,0,0.609634832,0.609161927,0.09469334,0.263837962
1839,705,-18.5088,147.1483,18069101104,18-069a,Backnumbers Reef,Backnumbers Reef (18-069a),Townsville/Whitsunday,2,6,0,33.14836018,40.77128268,29.25042016,0.298831739
1840,710,-18.5473,147.1398,18069102104,18-069b,Braggs Reef,Braggs Reef (18-069b),Townsville/Whitsunday,2,6,0,19.78269536,10.88144656,8.517838167,0.262979392
1841,761,-19.0812,148.2013,19030100104,19-030,U/N Reef,U/N Reef (19-030),Townsville/Whitsunday,2,7,0,3.313779849,1.659931009,0.720868553,0.293296657
1842,761,-19.0774,148.2311,19031100104,19-031,Crotan Reef,Crotan Reef (19-031),Townsville/Whitsunday,2,7,0,2.651632416,5.829089704,4.504328987,0.226859142
1843,769,-19.0932,148.2468,19032100104,19-032,U/N Reef,U/N Reef (19-032),Townsville/Whitsunday,2,7,0,1.014493088,2.228540823,1.229632515,0.225128131
1844,769,-19.0934,148.267,19033100104,19-033,U/N Reef,U/N Reef (19-033),Townsville/Whitsunday,2,7,0,1.032130114,1.197390066,0.663811944,0.228205948
1845,769,-19.0956,148.287,19034100104,19-034,Tabias Reef,Tabias Reef (19-034),Townsville/Whitsunday,2,7,0,3.347369995,9.243341738,6.65088577,0.256458246
1846,765,-19.0831,148.4611,19035100104,19-035,U/N Reef,U/N Reef (19-035),Townsville/Whitsunday,2,7,0,2.40414186,1.926589244,0.8335644,0.202100489
1847,762,-19.0961,148.3225,19036100104,19-036,U/N Reef,U/N Reef (19-036),Townsville/Whitsunday,2,7,0,6.405466892,3.545570213,1.05124707,0.282182011
1848,770,-19.1044,148.3063,19037100104,19-037,U/N Reef,U/N Reef (19-037),Townsville/Whitsunday,2,7,0,0.319938519,0.43424119,0.122764151,0.23225842
1849,786,-19.1944,148.2981,19038101104,19-038a,Dingo Reef (No 1),Dingo Reef (No 1) (19-038a),Townsville/Whitsunday,2,7,0,41.56227371,51.04209071,25.42325995,0.256548107
1850,851,-19.524,148.979,19107100104,19-107,Seagull Reef,Seagull Reef (19-107),Townsville/Whitsunday,2,7,1,14.12168928,29.84650962,20.36471103,0.238445368
1851,838,-19.5305,148.8815,19108100104,19-108,U/N Reef,U/N Reef (19-108),Townsville/Whitsunday,2,7,0,1.214774042,4.277127264,2.996821259,0.249162442
1852,850,-19.5386,148.9434,19109101104,19-109a,Fairey Reef (No 1),Fairey Reef (No 1) (19-109a),Townsville/Whitsunday,2,7,1,8.674440954,19.72319318,9.91484528,0.234830173
1853,857,-19.5609,148.9358,19109102104,19-109b,Fairey Reef (No 2),Fairey Reef (No 2) (19-109b),Townsville/Whitsunday,2,7,1,1.999858995,6.736122698,5.435000512,0.234266463
1854,888,-19.7562,150.0855,19207100104,19-207,Hyde Reef,Hyde Reef (19-207),Townsville/Whitsunday,3,8,0,7.959854601,15.58405145,9.204773959,0.293096402
1855,905,-19.7859,150.1234,19208100104,19-208,U/N Reef,U/N Reef (19-208),Townsville/Whitsunday,3,8,0,9.038609481,5.759144856,3.439881799,0.292122266
1856,906,-19.7989,150.1529,19209100104,19-209,Rebe Reef,Rebe Reef (19-209),Townsville/Whitsunday,3,8,0,7.438846503,15.51376749,10.02026698,0.287880793
1857,905,-19.8138,150.0976,19210100104,19-210,U/N Reef,U/N Reef (19-210),Townsville/Whitsunday,3,8,0,2.4821456,3.391557036,2.032431978,0.304413519
1858,701,-18.497,147.4455,18070100104,18-070,Arc Reef,Arc Reef (18-070),Townsville/Whitsunday,3,6,1,0.581048357,1.777045031,1.201879591,0.296081211
1859,706,-18.5281,147.4026,18071100104,18-071,Glow Reef,Glow Reef (18-071),Townsville/Whitsunday,2,6,1,8.847629153,5.242721472,3.373413344,0.237889621
1860,712,-18.5467,147.2318,18072100104,18-072,French Reef,French Reef (18-072),Townsville/Whitsunday,2,6,0,6.6351813,0.907735673,0.540973566,0.211355204
1861,711,-18.5506,147.1928,18073100104,18-073,Hopkinson Reef,Hopkinson Reef (18-073),Townsville/Whitsunday,2,6,0,7.385911787,11.14800028,8.19317476,0.255923767
1862,707,-18.5613,147.4989,18074100104,18-074,Yankee Reef,Yankee Reef (18-074),Townsville/Whitsunday,2,6,1,6.688052091,11.85456661,10.04850673,0.227866777
1863,723,-18.6311,147.053,18075100104,18-075,John Brewer Reef,John Brewer Reef (18-075),Townsville/Whitsunday,2,6,0,24.6073321,37.71047582,16.6378729,0.305209057
1864,717,-18.6246,147.2984,18076100104,18-076,Helix Reef,Helix Reef (18-076),Townsville/Whitsunday,2,6,1,1.581250439,3.06280942,2.416365507,0.225748375
1865,718,-18.6255,147.426,18077100104,18-077,Grub Reef,Grub Reef (18-077),Townsville/Whitsunday,2,6,0,31.33013181,18.41875471,17.31471759,0.256061625
1866,788,-19.1707,148.3871,19038102104,19-038b,Dingo Reef (No 2),Dingo Reef (No 2) (19-038b),Townsville/Whitsunday,2,7,0,73.7489326,94.11694351,23.71319271,0.259178853
1867,770,-19.1453,148.2958,19038103104,19-038c,Dingo Reef (No 3),Dingo Reef (No 3) (19-038c),Townsville/Whitsunday,2,7,0,31.14459006,29.76504817,13.29693199,0.27151208
1868,762,-19.1113,148.3448,19038104104,19-038d,Dingo Reef (No 4),Dingo Reef (No 4) (19-038d),Townsville/Whitsunday,2,7,0,14.18144376,8.959500894,4.101414068,0.278195746
1869,763,-19.1205,148.3848,19038105104,19-038e,Dingo Reef (No 5),Dingo Reef (No 5) (19-038e),Townsville/Whitsunday,2,7,0,34.89523951,17.80333786,7.916550206,0.246576011
1870,857,-19.5787,148.9442,19109103104,19-109c,Fairey Reef (No 3),Fairey Reef (No 3) (19-109c),Townsville/Whitsunday,2,7,1,0.328364214,1.553473839,1.141707816,0.229205952
1871,921,-19.9965,148.5547,19110100104,19-110,Rattray Reef,Rattray Reef (19-110),Townsville/Whitsunday,1,8,0,0.214214323,1.061900225,0.174043573,0.251116139
1872,855,-19.5197,149.2216,19111100104,19-111,U/N Reef,U/N Reef (19-111),Townsville/Whitsunday,2,7,0,2.068221954,4.32239794,2.823715797,0.224848065
1873,855,-19.5313,149.2309,19112100104,19-112,U/N Reef,U/N Reef (19-112),Townsville/Whitsunday,2,8,0,1.252668152,1.894431584,1.42725584,0.221533694
1874,852,-19.528,149.0022,19113100104,19-113,U/N Reef,U/N Reef (19-113),Townsville/Whitsunday,2,7,1,0.308096285,1.528905533,1.121414768,0.223550052
1875,904,-19.823,150.0762,19211100104,19-211,Wackett Reef,Wackett Reef (19-211),Townsville/Whitsunday,3,8,0,9.095383503,17.05959523,13.17200498,0.301962035
1876,906,-19.8283,150.1833,19212100104,19-212,Oom Reef,Oom Reef (19-212),Townsville/Whitsunday,3,8,0,0.997957407,3.779722871,2.954299113,0.290486494
1877,905,-19.833,150.1008,19213100104,19-213,U/N Reef,U/N Reef (19-213),Townsville/Whitsunday,3,8,0,0.234832501,0.675870494,0.146923596,0.28889642
1878,910,-19.8657,150.2199,19214100104,19-214,Wyatt Earp Reef,Wyatt Earp Reef (19-214),Townsville/Whitsunday,3,9,0,18.31240305,18.59573671,11.35664045,0.293477191
1879,913,-19.8793,150.2878,19215101104,19-215a,Sharon Shoal (No 1),Sharon Shoal (No 1) (19-215a),Townsville/Whitsunday,3,9,0,0.150213522,0.734651235,0.183377456,0.299402689
1880,913,-19.8658,150.2804,19215102104,19-215b,Sharon Shoal (No 2),Sharon Shoal (No 2) (19-215b),Townsville/Whitsunday,3,9,0,0.540426804,1.549817294,0.051076082,0.296671358
1881,913,-19.8536,150.2971,19215103104,19-215c,Sharon Shoal (No 3),Sharon Shoal (No 3) (19-215c),Townsville/Whitsunday,3,9,0,1.995670778,4.407302729,0.16551847,0.296671358
1882,730,-18.6902,147.1031,18078100104,18-078,Lodestone Reef,Lodestone Reef (18-078),Townsville/Whitsunday,2,6,0,8.72729826,15.04575108,7.19596905,0.249157484
1883,717,-18.7461,147.2683,18079100104,18-079,Keeper Reef,Keeper Reef (18-079),Townsville/Whitsunday,2,6,0,7.184098128,13.2010773,7.852415516,0.269753465
1884,707,-18.4994,147.5389,18080100104,18-080,Bowl Reef,Bowl Reef (18-080),Townsville/Whitsunday,3,6,1,26.00885881,21.52400853,16.86649477,0.291304799
1885,714,-18.5764,147.5715,18081100104,18-081,Knife Reef,Knife Reef (18-081),Townsville/Whitsunday,2,6,1,16.21601012,8.732854293,6.668868467,0.224175807
1886,708,-18.5816,147.8412,18082100104,18-082,Cowboys Reef,Cowboys Reef (18-082),Townsville/Whitsunday,3,6,1,8.227260886,2.351596679,1.578240868,0.296074007
1887,720,-18.6083,147.5545,18083100104,18-083,Fork Reef,Fork Reef (18-083),Townsville/Whitsunday,2,6,1,30.95492443,10.03729397,5.848757965,0.238355252
1888,774,-19.1384,148.4755,19038106104,19-038f,Dingo Reef (No 6),Dingo Reef (No 6) (19-038f),Townsville/Whitsunday,2,7,0,89.54790795,103.6475863,53.71848027,0.28205286
1889,761,-19.1219,148.1886,19039100104,19-039,U/N Reef,U/N Reef (19-039),Townsville/Whitsunday,2,7,0,1.077247386,3.983268027,2.5214073360000002,0.281800081
1890,783,-19.1315,148.1804,19040100104,19-040,U/N Reef,U/N Reef (19-040),Townsville/Whitsunday,2,7,0,0.217251201,0.900614549,0.618293051,0.226675126
1891,782,-19.1831,148.1596,19041100104,19-041,U/N Reef,U/N Reef (19-041),Townsville/Whitsunday,2,7,0,4.425430107,2.943143189,2.011247188,0.220741253
1892,780,-19.1955,148.0721,19042100104,19-042,U/N Reef,U/N Reef (19-042),Townsville/Whitsunday,2,7,0,14.89023391,4.537818211,1.999227111,0.264423606
1893,852,-19.539,149.0437,19114100104,19-114,U/N Reef,U/N Reef (19-114),Townsville/Whitsunday,2,7,0,3.633151928,5.429590647,3.002934951,0.228659631
1894,852,-19.5559,149.0392,19115100104,19-115,U/N Reef,U/N Reef (19-115),Townsville/Whitsunday,2,7,0,0.267347515,1.09535401,0.169040826,0.228214562
1895,856,-19.534,149.2729,19116100104,19-116,Knuckle Reef,Knuckle Reef (19-116),Townsville/Whitsunday,2,8,0,42.17102695,49.64808576,28.19141592,0.222740634
1896,859,-19.5321,149.3664,19117100104,19-117,U/N Reef,U/N Reef (19-117),Townsville/Whitsunday,2,8,0,1.569022714,5.694453986,3.925821142,0.221415557
1897,859,-19.5329,149.3953,19118101104,19-118a,U/N Reef,U/N Reef (19-118a),Townsville/Whitsunday,2,8,0,0.292091748,1.504780584,1.10152755,0.229945956
1898,859,-19.5377,149.3876,19118102104,19-118b,U/N Reef,U/N Reef (19-118b),Townsville/Whitsunday,2,8,0,0.116611509,0.585904096,0.38119122,0.23225842
1899,859,-19.516,149.3897,19118103104,19-118c,U/N Reef,U/N Reef (19-118c),Townsville/Whitsunday,2,8,0,0.117474057,0.542306937,0.253419596,0.231877676
1900,859,-19.5351,149.3912,19118104104,19-118d,U/N Reef,U/N Reef (19-118d),Townsville/Whitsunday,2,8,0,0.111882398,0.699954844,0.452084967,0.237485694
1901,913,-19.8708,150.3051,19215104104,19-215d,Sharon Shoal (No 4),Sharon Shoal (No 4) (19-215d),Townsville/Whitsunday,3,9,0,0.380358921,0.204333117,0.116538424,0.292999814
1902,913,-19.8892,150.2485,19216100104,19-216,U/N Reef,U/N Reef (19-216),Townsville/Whitsunday,3,9,0,7.59967653,12.70141115,7.98549105,0.290458168
1903,913,-19.8934,150.293,19217100104,19-217,U/N Reef,U/N Reef (19-217),Townsville/Whitsunday,3,9,0,0.211312101,0.508781877,0.264376516,0.297826937
1904,910,-19.9027,150.1626,19218100104,19-218,Williams Reef,Williams Reef (19-218),Townsville/Whitsunday,3,9,0,3.338952066,8.100707167,3.291762066,0.303645618
1905,910,-19.9214,150.1999,19219100104,19-219,Conder Reef,Conder Reef (19-219),Townsville/Whitsunday,3,9,0,5.705200152,10.37194679,5.178275743,0.283607136
1906,721,-18.6074,147.6333,18084101104,18-084a,Cup Reef (North),Cup Reef (North) (18-084a),Townsville/Whitsunday,2,6,1,30.97628775,3.399895711,2.575878006,0.224859213
1907,726,-18.6416,147.598,18084102104,18-084b,Cup Reef (South),Cup Reef (South) (18-084b),Townsville/Whitsunday,2,6,1,4.168510469,2.712186136,2.109163118,0.230819438
1908,726,-18.6578,147.615,18084103104,18-084c,Saucer Reef,Saucer Reef (18-084c),Townsville/Whitsunday,2,6,1,10.40102628,2.775264347,2.039373258,0.230853649
1909,726,-18.6576,147.5657,18085101104,18-085a,Spoon Reef (North),Spoon Reef (North) (18-085a),Townsville/Whitsunday,2,6,1,2.397242002,4.813401613,3.882184006,0.232931478
1910,726,-18.6686,147.5639,18085102104,18-085b,Spoon Reef (South),Spoon Reef (South) (18-085b),Townsville/Whitsunday,2,6,1,0.600401653,0.674358724,0.200465813,0.228214562
1911,728,-18.6465,147.7172,18086100104,18-086,Chicken Reef,Chicken Reef (18-086),Townsville/Whitsunday,2,6,0,57.00871068,12.50223108,8.129359815,0.237284909
1912,731,-18.6939,147.8569,18087100104,18-087,Anzac Reefs (No 1),Anzac Reefs (No 1) (18-087),Townsville/Whitsunday,3,6,1,7.195885931,1.103859702,0.707580902,0.288658926
1913,784,-19.1969,148.1833,19043100104,19-043,Darley Reef,Darley Reef (19-043),Townsville/Whitsunday,2,7,0,130.0652632,97.0668596,59.44193601,0.251837388
1914,800,-19.2787,148.3498,19044100104,19-044,Faith Reef,Faith Reef (19-044),Townsville/Whitsunday,2,7,0,4.417708933,10.06493689,5.708875094,0.230763188
1915,806,-19.2946,148.0796,19045100104,19-045,Stanley Reef,Stanley Reef (19-045),Townsville/Whitsunday,2,7,1,69.57838621,92.67151919,38.52175028,0.263122504
1916,859,-19.5435,149.3964,19118105104,19-118e,U/N Reef,U/N Reef (19-118e),Townsville/Whitsunday,2,8,0,0.189538451,0.778035425,0.438254147,0.232156637
1917,859,-19.5281,149.3978,19118106104,19-118f,U/N Reef,U/N Reef (19-118f),Townsville/Whitsunday,2,8,0,0.242292475,1.082096571,0.738565234,0.226845072
1918,859,-19.5448,149.3754,19119100104,19-119,U/N Reef,U/N Reef (19-119),Townsville/Whitsunday,2,8,0,0.364386306,1.742251764,1.298936182,0.21928651
1919,859,-19.5473,149.3529,19120100104,19-120,Outlier Reef,Outlier Reef (19-120),Townsville/Whitsunday,2,8,0,7.610419585,13.83847499,9.650679013,0.223499875
1920,859,-19.5483,149.4338,19121100104,19-121,U/N Reef,U/N Reef (19-121),Townsville/Whitsunday,2,8,0,6.804114581,4.107316348,2.409472086,0.227908139
1921,858,-19.5789,149.2478,19122100104,19-122,U/N Reef,U/N Reef (19-122),Townsville/Whitsunday,2,8,0,3.220175364,4.2552335040000004,1.528621647,0.226102506
1922,858,-19.5886,149.2372,19123100104,19-123,U/N Reef,U/N Reef (19-123),Townsville/Whitsunday,2,8,0,2.398739131,5.783841288,3.281423265,0.249931524
1923,846,-19.5712,149.4944,19124100104,19-124,U/N Reef,U/N Reef (19-124),Townsville/Whitsunday,2,8,0,0.570116259,1.259663261,0.901829231,0.234335382
1924,913,-19.9114,150.2711,19220100104,19-220,White Tip Reef,White Tip Reef (19-220),Townsville/Whitsunday,3,9,0,12.91259321,21.5928001,9.449658948,0.298335978
1925,913,-19.9257,150.3138,19221100104,19-221,Bond Reef,Bond Reef (19-221),Townsville/Whitsunday,3,9,0,0.633196608,2.491532057,1.928634653,0.289138089
1926,913,-19.9375,150.3311,19222100104,19-222,Abott Reef,Abott Reef (19-222),Townsville/Whitsunday,3,9,0,0.9553293,3.661744591,2.802452297,0.303397549
1927,918,-19.9426,150.1787,19223100104,19-223,U/N Reef,U/N Reef (19-223),Townsville/Whitsunday,3,9,0,0.332014725,0.992826838,0.121352004,0.408413638
1928,913,-19.9449,150.3348,19224100104,19-224,U/N Reef,U/N Reef (19-224),Townsville/Whitsunday,3,9,0,0.353638739,1.547861668,0.95869632,0.298094542
1929,913,-19.9541,150.3492,19225100104,19-225,U/N Reef,U/N Reef (19-225),Townsville/Whitsunday,3,9,0,7.602937045,14.94819716,9.582490859,0.296063246
1930,918,-19.9563,150.2074,19226100104,19-226,Kerwin Reef,Kerwin Reef (19-226),Townsville/Whitsunday,3,9,0,8.641894092,13.34578094,7.117912444,0.298453754
1931,732,-18.721800000000002,147.5423,18088100104,18-088,Centipede Reef,Centipede Reef (18-088),Townsville/Whitsunday,2,6,0,30.09974472,27.69082456,23.10313187,0.278799982
1932,731,-18.7208,147.889,18089100104,18-089,Anzac Reefs (No 2),Anzac Reefs (No 2) (18-089),Townsville/Whitsunday,3,6,1,2.914837088,5.740452391,4.565981644,0.300863244
1933,731,-18.7315,147.8416,18090100104,18-090,Anzac Reefs (No 3),Anzac Reefs (No 3) (18-090),Townsville/Whitsunday,2,6,1,1.345154321,3.609044252,2.947163775,0.228211679
1934,735,-18.7698,147.7084,18091100104,18-091,Lynchs Reef,Lynchs Reef (18-091),Townsville/Whitsunday,2,6,1,42.30484119,33.03301115,29.83198181,0.249199756
1935,737,-18.7504,147.946,18092100104,18-092,Anzac Reefs (No 4),Anzac Reefs (No 4) (18-092),Townsville/Whitsunday,3,6,0,1.578522021,4.236342299,3.12390273,0.288826393
1936,737,-18.7646,147.9341,18093100104,18-093,Anzac Reefs (No 5),Anzac Reefs (No 5) (18-093),Townsville/Whitsunday,3,6,0,5.224589587,4.604239545,3.376859522,0.290416606
1937,737,-18.7741,147.8735,18094100104,18-094,Anzac Reefs (No 6),Anzac Reefs (No 6) (18-094),Townsville/Whitsunday,2,6,1,5.056510909,10.10737433,7.854853306,0.22954557
1938,807,-19.3216,148.4359,19046100104,19-046,Hope Reef,Hope Reef (19-046),Townsville/Whitsunday,2,7,0,4.127339674,11.08623025,5.83659282,0.257283355
1939,800,-19.3669,148.338,19047100104,19-047,Charity Reef,Charity Reef (19-047),Townsville/Whitsunday,2,7,0,5.23523308,10.51703011,6.362164855,0.256118992
1940,816,-19.3834,148.0894,19048100104,19-048,Old Reef,Old Reef (19-048),Townsville/Whitsunday,2,7,0,83.41322782,91.51087052,27.00971876,0.252684064
1941,760,-19.0316,148.5639,19049100104,19-049,Lynx Reef,Lynx Reef (19-049),Townsville/Whitsunday,3,7,0,4.831479577,4.198870002,3.351302175,0.294199912
1942,776,-19.0864,148.6921,19050100104,19-050,Leopard Reef,Leopard Reef (19-050),Townsville/Whitsunday,3,7,1,8.742779629,7.755133466,6.204283227,0.298441939
1943,776,-19.1125,148.6888,19051100104,19-051,U/N Reef,U/N Reef (19-051),Townsville/Whitsunday,3,7,1,5.446664599,4.87868717,3.625222181,0.297088266
1944,766,-19.1193,148.9068,19052100104,19-052,U/N Reef,U/N Reef (19-052),Townsville/Whitsunday,3,7,1,9.006931104,6.082091699,4.342446444,0.298294537
1945,859,-19.5892,149.4135,19125100104,19-125,U/N Reef,U/N Reef (19-125),Townsville/Whitsunday,2,8,0,2.37410038,3.592005757,1.492420077,0.23225842
1946,873,-19.6451,149.4181,19126100104,19-126,U/N Reef,U/N Reef (19-126),Townsville/Whitsunday,2,8,0,14.47540969,16.77444352,12.48500916,0.230306535
1947,883,-19.6973,149.3737,19127100104,19-127,Block Reef,Block Reef (19-127),Townsville/Whitsunday,2,8,0,155.4143607,150.5932176,66.41238522,0.27113666
1948,868,-19.69,149.1835,19128100104,19-128,Line Reef,Line Reef (19-128),Townsville/Whitsunday,2,8,0,43.24603951,67.57503836,10.7081432,0.259188641
1949,881,-19.7504,149.3028,19129100104,19-129,U/N Reef,U/N Reef (19-129),Townsville/Whitsunday,2,8,0,1.272692577,4.880539768,3.704403751,0.226344866
1950,933,-20.0531,150.5905,20608100104,20-608,U/N Reef,U/N Reef (20-608),Mackay/Capricorn,3,9,1,0.109858069,0.520138266,0.175521788,0.292999814
1951,933,-20.1051,150.6053,20609100104,20-609,U/N Reef,U/N Reef (20-609),Mackay/Capricorn,3,9,1,0.16092335,0.744055152,0.177655544,0.292999814
1952,933,-20.0229,150.6121,20610100104,20-610,U/N Reef,U/N Reef (20-610),Mackay/Capricorn,3,9,1,0.08147653,0.017477665,0.007330471,0.292999814
1953,933,-20.1031,150.6127,20611100104,20-611,U/N Reef,U/N Reef (20-611),Mackay/Capricorn,3,9,1,0.075812978,0.372065414,0.182890108,0.292999814
1954,933,-20.0784,150.6154,20612100104,20-612,U/N Reef,U/N Reef (20-612),Mackay/Capricorn,3,9,1,0.232803677,0.97037495,0.50999731,0.292999814
1955,933,-20.1055,150.6215,20613100104,20-613,U/N Reef,U/N Reef (20-613),Mackay/Capricorn,3,9,1,0.200377484,1.026679524,0.389769095,0.292999814
1956,933,-20.1096,150.6338,20614100104,20-614,U/N Reef,U/N Reef (20-614),Mackay/Capricorn,3,9,1,0.235005425,0.891938868,0.170337874,0.292999814
1957,933,-20.0732,150.644,20615100104,20-615,U/N Reef,U/N Reef (20-615),Mackay/Capricorn,3,9,1,0.25438809,0.74690136,0.118260572,0.292999814
1958,933,-20.0916,150.6448,20616100104,20-616,U/N Reef,U/N Reef (20-616),Mackay/Capricorn,3,9,1,0.104691831,0.351307942,0.211036516,0.292999814
1959,933,-20.1433,150.6628,20617100104,20-617,U/N Reef,U/N Reef (20-617),Mackay/Capricorn,3,9,1,0.132846179,0.683246324,0.007181863,0.296671354
1960,933,-20.1553,150.6763,20618100104,20-618,U/N Reef,U/N Reef (20-618),Mackay/Capricorn,3,9,1,0.242168437,1.118942602,0.348835933,0.292999814
1961,933,-20.1411,150.6822,20619100104,20-619,U/N Reef,U/N Reef (20-619),Mackay/Capricorn,3,9,1,0.072938264,0.425509882,0.201986564,0.292999814
1962,1166,-21.4655,149.8838,21045100104,21-045,Hull Reef,Hull Reef (21-045),Mackay/Capricorn,1,9,0,0.339460172,0.126570541,0.001078288,0.267187498
1963,1145,-21.4714,149.6643,21046100104,21-046,Elamang Reef,Elamang Reef (21-046),Mackay/Capricorn,1,9,0,0.184718881,0.397542802,0.00390539,0.267192796
1964,1188,-21.4762,149.9247,21047100104,21-047,Still Reef,Still Reef (21-047),Mackay/Capricorn,1,9,0,0.075004315,0.350272079,0.003386962,0.26719464
1965,1188,-21.4816,149.9112,21048100104,21-048,Henderson Reef,Henderson Reef (21-048),Mackay/Capricorn,1,9,0,0.288968104,0.074321875,5.4e-6,0.251116139
1966,1013,-20.7679,150.9543,20342100104,20-342,U/N Reef,U/N Reef (20-342),Mackay/Capricorn,3,9,0,16.93840601,31.21906105,22.25634601,0.349451826
1967,1013,-20.7688,150.9075,20343100104,20-343,U/N Reef,U/N Reef (20-343),Mackay/Capricorn,3,9,0,0.272498122,0.684782039,0.100892417,0.259343264
1968,1013,-20.7804,150.8964,20344100104,20-344,U/N Reef,U/N Reef (20-344),Mackay/Capricorn,3,9,0,4.111809455,8.091767313,4.127348672,0.335354558
1969,1005,-20.7983,150.8141,20345100104,20-345,U/N Reef,U/N Reef (20-345),Mackay/Capricorn,2,9,0,0.563701375,2.517234331,1.613605783,0.229688811
1970,1013,-20.8062,150.8935,20346100104,20-346,U/N Reef,U/N Reef (20-346),Mackay/Capricorn,2,9,1,0.734776544,2.919395859,1.576295495,0.220238673
1971,1029,-20.8635,150.9861,20347100104,20-347,U/N Reef,U/N Reef (20-347),Mackay/Capricorn,3,9,1,6.06808829,13.42764945,3.456294805,0.323925304
1972,1029,-20.8871,150.9532,20348100104,20-348,U/N Reef,U/N Reef (20-348),Mackay/Capricorn,2,9,1,12.83338226,19.43090949,5.91396387,0.258460209
1973,1037,-20.9046,150.6232,20349100104,20-349,U/N Reef,U/N Reef (20-349),Mackay/Capricorn,2,9,0,0.781095192,2.784137871,1.114584533,0.229561327
1974,1018,-20.8321,151.0034,20350100104,20-350,U/N Reef,U/N Reef (20-350),Mackay/Capricorn,3,9,1,0.237914009,1.054908664,0.253972027,0.300750018
1975,1053,-20.9209,152.1759,20444100104,20-444,U/N Reef,U/N Reef (20-444),Mackay/Capricorn,3,10,0,5.816460893,0.137991161,0.074932585,0.292999814
1976,1075,-20.9163,152.2118,20445100104,20-445,U/N Reef,U/N Reef (20-445),Mackay/Capricorn,3,10,0,0.281669167,0.923409499,0.028524671,0.296671357
1977,1075,-20.9204,152.2227,20446100104,20-446,U/N Reef,U/N Reef (20-446),Mackay/Capricorn,3,10,0,0.129928794,0.497252375,0.014216773,0.296671357
1978,1075,-20.941,152.229,20447100104,20-447,U/N Reef,U/N Reef (20-447),Mackay/Capricorn,3,10,0,1.294175706,0.626415657,0.366902935,0.29487146
1979,1075,-20.9223,152.2346,20448100104,20-448,U/N Reef,U/N Reef (20-448),Mackay/Capricorn,3,10,0,0.093099509,0.380874519,0.010532502,0.296671358
1980,1075,-20.9252,152.2462,20449100104,20-449,U/N Reef,U/N Reef (20-449),Mackay/Capricorn,3,10,0,0.141052719,0.531057312,0.015308622,0.296671358
1981,1075,-20.9328,152.2585,20450100104,20-450,U/N Reef,U/N Reef (20-450),Mackay/Capricorn,3,10,0,1.210735731,2.965425782,0.105986349,0.296671358
1982,1054,-20.9643,152.3273,20451100104,20-451,U/N Reef,U/N Reef (20-451),Mackay/Capricorn,3,10,1,0.422832198,1.082846425,0.624148504,0.30025842
1983,921,-20.0749,148.5447,20620100104,20-620,U/N Reef,U/N Reef (20-620),Townsville/Whitsunday,1,8,0,0.026630227,0.221284384,0.002019959,0.267202677
1984,921,-20.0724,148.5542,20621100104,20-621,U/N Reef,U/N Reef (20-621),Townsville/Whitsunday,1,8,0,0.134193395,0.658289389,0.417041198,0.273867268
1985,921,-20.094,148.5551,20622100104,20-622,U/N Reef,U/N Reef (20-622),Townsville/Whitsunday,1,8,0,0.094938454,0.516208941,0.271345295,0.273867268
1986,928,-20.2115,148.6651,20624100104,20-624,U/N Reef,U/N Reef (20-624),Townsville/Whitsunday,1,8,0,0.307050683,1.293319802,0.833391452,0.273867268
1987,1188,-21.4895,149.9204,21049100104,21-049,Keelan Reef,Keelan Reef (21-049),Mackay/Capricorn,1,9,0,0.250468593,0.250868579,0.127062025,0.251116139
1988,1188,-21.4941,149.8933,21050100104,21-050,Noel Reef,Noel Reef (21-050),Mackay/Capricorn,1,9,0,0.571362338,0.63643549,0.11214253,0.251116139
1989,1188,-21.4953,149.9297,21051100104,21-051,Penn Reef,Penn Reef (21-051),Mackay/Capricorn,1,9,0,0.091341266,0.19556059,0.04313941,0.263837962
1990,1188,-21.4996,149.9135,21052100104,21-052,Digby Reef,Digby Reef (21-052),Mackay/Capricorn,1,9,0,0.599810629,0.60439673,0.196831724,0.251116139
1991,1036,-20.9408,150.5352,20351101104,20-351a,Pompey Reef (No 1),Pompey Reef (No 1) (20-351a),Mackay/Capricorn,2,9,1,20.58424886,39.7253025,6.650662545,0.228035222
1992,1044,-20.9837,150.5285,20351102104,20-351b,Pompey Reef (No 2),Pompey Reef (No 2) (20-351b),Mackay/Capricorn,2,9,1,8.308954456,18.8607515,4.511882877,0.257457532
1993,1057,-21.0117,150.521,20351103104,20-351c,Pompey Reef (No 3),Pompey Reef (No 3) (20-351c),Mackay/Capricorn,2,9,1,4.820742901,12.97589445,3.005817577,0.250645605
1994,1045,-20.9522,150.659,20352100104,20-352,U/N Reef,U/N Reef (20-352),Mackay/Capricorn,2,9,0,18.50172849,35.54035659,13.11436242,0.266116126
1995,1046,-20.9645,150.918,20353100104,20-353,U/N Reef,U/N Reef (20-353),Mackay/Capricorn,2,9,1,7.287261835,16.94143344,7.64587807,0.24127931
1996,942,-20.1842,150.5148,20452100104,20-452,U/N Reef,U/N Reef (20-452),Mackay/Capricorn,3,9,1,1.370917274,3.264715833,0.118094058,0.296671358
1997,958,-20.3598,150.5562,20453100104,20-453,U/N Reef,U/N Reef (20-453),Mackay/Capricorn,3,9,0,0.118288265,0.701643661,0.428993572,0.281126203
1998,952,-20.3252,150.5597,20454100104,20-454,U/N Reef,U/N Reef (20-454),Mackay/Capricorn,3,9,0,0.413876271,1.923442761,1.371722012,0.277706863
1999,952,-20.3202,150.5626,20455100104,20-455,U/N Reef,U/N Reef (20-455),Mackay/Capricorn,3,9,0,0.79120059,3.236576729,1.705469714,0.324207682
2000,966,-20.4429,150.5777,20456100104,20-456,U/N Reef,U/N Reef (20-456),Mackay/Capricorn,3,9,0,1.888472077,5.827272425,3.810177508,0.287539071
2001,947,-20.2108,150.5852,20457100104,20-457,U/N Reef,U/N Reef (20-457),Mackay/Capricorn,3,9,1,0.511730722,0.616703475,0.401673536,0.292999814
2002,966,-20.4495,150.5898,20458100104,20-458,U/N Reef,U/N Reef (20-458),Mackay/Capricorn,3,9,0,0.228518571,0.403735091,0.003973718,0.296671367
2003,959,-20.3776,150.5948,20459100104,20-459,U/N Reef,U/N Reef (20-459),Mackay/Capricorn,3,9,0,0.182582953,0.90237099,0.584389287,0.288474661
2004,982,-20.587,150.6017,20460100104,20-460,U/N Reef,U/N Reef (20-460),Mackay/Capricorn,3,9,0,0.612833582,1.714596934,0.057224797,0.296671358
2005,928,-20.1864,148.6743,20626100104,20-626,U/N Reef,U/N Reef (20-626),Townsville/Whitsunday,1,8,0,0.310669546,1.194040118,0.84176053,0.273867268
2006,945,-20.2596,148.7758,20628100104,20-628,U/N Reef,U/N Reef (20-628),out,1,8,0,0.540577011,1.731237395,0.630099911,0.273867268
2007,945,-20.2757,148.7892,20629100104,20-629,U/N Reef,U/N Reef (20-629),Townsville/Whitsunday,1,8,0,0.061143534,0.215406882,0.001959753,0.267199635
2008,1028,-21.0259,150.0818,21053100104,21-053,Sandpiper Reef,Sandpiper Reef (21-053),Mackay/Capricorn,2,9,1,1.136637022,4.130543194,3.159426858,0.232983746
2009,1056,-21.0655,150.2562,21054100104,21-054,Prince Reef,Prince Reef (21-054),Mackay/Capricorn,2,9,0,0.738032195,3.160697428,2.513121681,0.245851727
2010,1056,-21.1151,150.2389,21055100104,21-055,Alarm Reef,Alarm Reef (21-055),Mackay/Capricorn,2,9,0,0.181353033,1.022362556,0.546951436,0.230637431
2011,1067,-21.0512,150.5086,21056101104,21-056a,U/N Reef,U/N Reef (21-056a),Mackay/Capricorn,2,9,0,1.422332029,4.929752287,2.828724655,0.234116286
2012,1067,-21.079,150.4547,21056102104,21-056b,U/N Reef,U/N Reef (21-056b),Mackay/Capricorn,2,9,0,49.52472868,71.419083,11.88162457,0.275049862
2013,1046,-20.9731,150.952,20354100104,20-354,U/N Reef,U/N Reef (20-354),Mackay/Capricorn,2,9,1,1.133431515,3.726660431,1.805144045,0.219541984
2014,968,-20.5388,151.0149,20355100104,20-355,U/N Reef,U/N Reef (20-355),Mackay/Capricorn,3,9,1,0.739239445,1.456949126,0.363649848,0.292999814
2015,1004,-20.5309,151.0876,20356100104,20-356,U/N Reef,U/N Reef (20-356),Mackay/Capricorn,3,9,1,0.899368044,2.332320959,0.080893538,0.296671358
2016,1004,-20.6192,151.0013,20357100104,20-357,U/N Reef,U/N Reef (20-357),Mackay/Capricorn,3,9,0,0.209700807,0.032311589,0.014634104,0.292999814
2017,1004,-20.64,151.0318,20358100104,20-358,U/N Reef,U/N Reef (20-358),Mackay/Capricorn,3,9,0,3.506559247,1.728539729,0.446493621,0.295504776
2018,1004,-20.6553,151.045,20359100104,20-359,U/N Reef,U/N Reef (20-359),Mackay/Capricorn,3,9,0,2.952941259,1.316869216,0.756147933,0.285507422
2019,1004,-20.6788,151.0141,20360100104,20-360,U/N Reef,U/N Reef (20-360),Mackay/Capricorn,3,9,0,0.986471651,1.226187734,0.329391833,0.283264426
2020,1004,-20.695,150.995,20361100104,20-361,U/N Reef,U/N Reef (20-361),Mackay/Capricorn,3,9,0,3.158822393,8.869473064,4.916763847,0.323054801
2021,1008,-20.6852,151.0362,20362100104,20-362,U/N Reef,U/N Reef (20-362),Mackay/Capricorn,3,9,0,0.517683104,0.593279216,0.172776475,0.283000544
2022,1009,-20.6695,151.0743,20363100104,20-363,U/N Reef,U/N Reef (20-363),Mackay/Capricorn,3,9,0,0.834009337,2.148222968,1.012103011,0.297461272
2023,953,-20.2727,150.606,20461100104,20-461,U/N Reef,U/N Reef (20-461),Mackay/Capricorn,3,9,0,0.683037665,1.870043155,0.063093568,0.296671358
2024,953,-20.3274,150.6086,20462100104,20-462,U/N Reef,U/N Reef (20-462),Mackay/Capricorn,3,9,0,0.003765829,0.045896803,0.011307741,0.286370693
2025,966,-20.442,150.6302,20463100104,20-463,U/N Reef,U/N Reef (20-463),Mackay/Capricorn,3,9,0,0.012043376,0.11769924,0.008614608,0.273331158
2026,960,-20.3726,150.6315,20464100104,20-464,U/N Reef,U/N Reef (20-464),Mackay/Capricorn,3,9,0,0.040139608,0.287411616,0.129811954,0.282754198
2027,964,-20.3807,150.6326,20465100104,20-465,U/N Reef,U/N Reef (20-465),Mackay/Capricorn,3,9,0,0.07884917,0.468610395,0.147981589,0.277372256
2028,953,-20.2691,150.6353,20466100104,20-466,U/N Reef,U/N Reef (20-466),Mackay/Capricorn,3,9,1,0.099712859,0.43101386,0.075642262,0.292999814
2029,964,-20.3775,150.6361,20467100104,20-467,U/N Reef,U/N Reef (20-467),Mackay/Capricorn,3,9,0,0.275345992,1.310883816,0.7841582,0.30596606
2030,947,-20.2386,150.6374,20468100104,20-468,U/N Reef,U/N Reef (20-468),Mackay/Capricorn,3,9,1,0.084567565,0.506025743,0.067286028,0.292999814
2031,973,-20.4999,150.6504,20469100104,20-469,U/N Reef,U/N Reef (20-469),Mackay/Capricorn,3,9,0,71.05942578,81.13034575,59.77612803,0.306383073
2032,973,-20.471,150.6771,20470100104,20-470,U/N Reef,U/N Reef (20-470),Mackay/Capricorn,3,9,0,1.703623375,5.619654569,4.080413009,0.313051084
2033,973,-20.481,150.6786,20471100104,20-471,U/N Reef,U/N Reef (20-471),Mackay/Capricorn,3,9,0,0.129675001,0.741116468,0.278988734,0.273810816
2034,945,-20.2774,148.7973,20630100104,20-630,U/N Reef,U/N Reef (20-630),Townsville/Whitsunday,1,8,0,0.028331112,0.114280506,9.60303e-4,0.267191367
2035,948,-20.3391,148.8199,20631100104,20-631,U/N Reef,U/N Reef (20-631),Townsville/Whitsunday,1,8,0,0.967906815,3.191671156,1.978766743,0.273867268
2036,963,-20.4777,148.9004,20636100104,20-636,U/N Reef,U/N Reef (20-636),Townsville/Whitsunday,1,8,1,0.180935351,0.744526618,0.361701274,0.273867268
2037,969,-20.5042,148.9054,20637100104,20-637,U/N Reef,U/N Reef (20-637),out,1,8,1,0.547829824,1.489624896,0.832640453,0.273867268
2038,1066,-21.0568,150.4236,21056103104,21-056c,U/N Reef,U/N Reef (21-056c),Mackay/Capricorn,2,9,0,0.11283301,0.66835338,0.007005992,0.237745426
2039,1067,-21.0409,150.4896,21056104104,21-056d,U/N Reef,U/N Reef (21-056d),Mackay/Capricorn,2,9,0,1.334670028,2.804829325,0.439575994,0.228214562
2040,1077,-21.123,150.4815,21057100104,21-057,U/N Reef,U/N Reef (21-057),Mackay/Capricorn,2,9,0,46.58729829,63.45723478,67.46840917,0.402405426
2041,1089,-21.4678,150.3094,21058100104,21-058,Vernon Rocks Reef,Vernon Rocks Reef (21-058),Mackay/Capricorn,1,9,1,0.059107743,0.263807669,0.144954527,0.263837962
2042,1010,-20.6931,151.0886,20364100104,20-364,U/N Reef,U/N Reef (20-364),Mackay/Capricorn,3,9,0,0.306952403,1.516003586,0.561730033,0.29545577
2043,1009,-20.691,151.063,20365100104,20-365,U/N Reef,U/N Reef (20-365),Mackay/Capricorn,3,9,0,0.234668837,1.173849823,0.523707777,0.295402993
2044,1010,-20.7171,151.111,20366100104,20-366,U/N Reef,U/N Reef (20-366),Mackay/Capricorn,3,9,0,7.545191293,13.09692173,8.979405457,0.297483104
2045,1010,-20.7178,151.1536,20367100104,20-367,U/N Reef,U/N Reef (20-367),Mackay/Capricorn,3,9,1,1.678799252,1.163716462,0.337147552,0.303176206
2046,1015,-20.7333,151.1513,20368100104,20-368,U/N Reef,U/N Reef (20-368),Mackay/Capricorn,3,9,1,0.920392223,2.376077873,0.082602888,0.296671358
2047,1007,-20.7413,151.0171,20369101104,20-369a,Cockatoo Reef (No 1),Cockatoo Reef (No 1) (20-369a),Mackay/Capricorn,3,9,0,85.23207751,105.2770338,71.19907848,0.372715492
2048,1004,-20.7026,150.9949,20369102104,20-369b,Cockatoo Reef (No 2),Cockatoo Reef (No 2) (20-369b),Mackay/Capricorn,3,9,0,0.137840824,0.827119197,0.523914762,0.281390857
2049,1008,-20.7185,151.0414,20369103104,20-369c,Cockatoo Reef (No 3),Cockatoo Reef (No 3) (20-369c),Mackay/Capricorn,3,9,0,0.070557856,0.455096092,0.196273105,0.287531274
2050,1009,-20.7247,151.0482,20369104104,20-369d,Cockatoo Reef (No 4),Cockatoo Reef (No 4) (20-369d),Mackay/Capricorn,3,9,0,0.025474892,0.214369865,0.007678777,0.285759995
2051,953,-20.246,150.6809,20472100104,20-472,U/N Reef,U/N Reef (20-472),Mackay/Capricorn,3,9,1,0.066572677,0.310188966,0.019215767,0.292999814
2052,977,-20.4803,150.6901,20473100104,20-473,U/N Reef,U/N Reef (20-473),Mackay/Capricorn,3,9,0,0.172114174,0.731952366,0.351859926,0.303249874
2053,967,-20.4688,150.6932,20474100104,20-474,U/N Reef,U/N Reef (20-474),Mackay/Capricorn,3,9,0,2.39849822,6.006497656,4.554662169,0.296851107
2054,933,-20.1798,150.7,20475100104,20-475,U/N Reef,U/N Reef (20-475),Mackay/Capricorn,3,9,1,0.110522803,0.525053073,0.21996587,0.292999814
2055,967,-20.4668,150.7073,20476100104,20-476,U/N Reef,U/N Reef (20-476),Mackay/Capricorn,3,9,0,0.113736327,0.483172861,0.074573555,0.29943645
2056,977,-20.5283,150.7156,20477100104,20-477,U/N Reef,U/N Reef (20-477),Mackay/Capricorn,3,9,0,0.305255128,1.562994415,1.146848311,0.297564942
2057,967,-20.4694,150.7201,20478100104,20-478,U/N Reef,U/N Reef (20-478),Mackay/Capricorn,3,9,0,1.300471328,4.017826481,2.960815327,0.318446215
2058,993,-20.6263,150.7221,20479100104,20-479,U/N Reef,U/N Reef (20-479),Mackay/Capricorn,3,9,0,0.072484603,0.478022322,0.004805262,0.29667136
2059,961,-20.2291,150.7241,20480100104,20-480,U/N Reef,U/N Reef (20-480),Mackay/Capricorn,3,9,0,0.063169896,0.309037565,0.185013726,0.292999814
2060,969,-20.5346,148.9167,20638100104,20-638,U/N Reef,U/N Reef (20-638),Townsville/Whitsunday,1,8,0,0.095756516,0.259878587,0.002420464,0.26719516
2061,954,-20.3205,148.9335,20642100104,20-642,U/N Reef,U/N Reef (20-642),Townsville/Whitsunday,1,8,0,0.019869138,0.171287488,0.001514297,0.267196299
2062,949,-20.3069,149.9827,20800100104,20-800,U/N Reef,U/N Reef (20-800),Townsville/Whitsunday,2,9,0,0.883411037,2.566140202,0.881050365,0.289174118
2063,981,-20.5702,150.126,20295100104,20-295,(Big) Stevens Reef,(Big) Stevens Reef (20-295),Townsville/Whitsunday,2,9,0,50.78084192,65.07053597,35.00206059,0.304504323
2064,970,-20.5156,150.2419,20296100104,20-296,Liff Reef,Liff Reef (20-296),Townsville/Whitsunday,2,9,0,3.012423945,9.341382095,4.220140835,0.323221933
2065,987,-20.5342,150.3814,20297100104,20-297,Creal Reef,Creal Reef (20-297),Townsville/Whitsunday,2,9,0,1.717038322,6.116112932,2.550383041,0.219347265
2066,1018,-20.806,151.0681,20370101104,20-370a,Rip Reef,Rip Reef (20-370a),Mackay/Capricorn,3,9,1,16.20187784,29.08040796,17.67467135,0.339472074
2067,1030,-20.8819,151.0578,20370102104,20-370b,U/N Reef,U/N Reef (20-370b),Mackay/Capricorn,3,9,1,2.673021302,7.482158995,3.403790559,0.348899527
2068,1018,-20.8049,151.0873,20371100104,20-371,U/N Reef,U/N Reef (20-371),Mackay/Capricorn,3,9,1,7.530585104,17.33637168,14.20551506,0.384409904
2069,1020,-20.7655,151.1979,20372100104,20-372,U/N Reef,U/N Reef (20-372),Mackay/Capricorn,3,9,1,0.679890136,1.040871584,0.720847924,0.298002115
2070,1020,-20.7775,151.1971,20373100104,20-373,U/N Reef,U/N Reef (20-373),Mackay/Capricorn,3,9,1,0.923364855,3.655393518,2.30869838,0.30976451
2071,1020,-20.7995,151.1571,20374100104,20-374,U/N Reef,U/N Reef (20-374),Mackay/Capricorn,3,9,1,82.22443033,101.5852626,72.19534155,0.335934588
2072,1018,-20.8166,151.0028,20375100104,20-375,U/N Reef,U/N Reef (20-375),Mackay/Capricorn,3,9,1,1.726229939,5.796030112,1.607250521,0.298099162
2073,961,-20.2186,150.7323,20481100104,20-481,U/N Reef,U/N Reef (20-481),Mackay/Capricorn,3,9,0,0.20977477,0.983725267,0.252765366,0.30025842
2074,967,-20.4655,150.7337,20482100104,20-482,U/N Reef,U/N Reef (20-482),Mackay/Capricorn,3,9,0,1.955531307,5.355728092,4.395518246,0.293070295
2075,965,-20.4247,150.737,20483100104,20-483,U/N Reef,U/N Reef (20-483),Mackay/Capricorn,3,9,0,0.36301605,1.100463325,0.21804133,0.30034063
2076,961,-20.2263,150.7375,20484100104,20-484,U/N Reef,U/N Reef (20-484),Mackay/Capricorn,3,9,0,0.076639921,0.423815665,0.055309496,0.292999814
2077,965,-20.4325,150.7377,20485100104,20-485,U/N Reef,U/N Reef (20-485),Mackay/Capricorn,3,9,0,1.107674724,3.530295551,2.450922218,0.288635444
2078,961,-20.3547,150.7464,20486100104,20-486,U/N Reef,U/N Reef (20-486),Mackay/Capricorn,3,9,0,0.003317218,0.026363957,5.21795e-4,0.296678035
2079,965,-20.4142,150.7474,20487100104,20-487,U/N Reef,U/N Reef (20-487),Mackay/Capricorn,3,9,0,0.007673017,0.074866406,5.96962e-4,0.296670767
2080,965,-20.4433,150.7556,20488100104,20-488,U/N Reef,U/N Reef (20-488),Mackay/Capricorn,3,9,0,0.191162549,0.852858179,0.448241503,0.288568452
2081,965,-20.4205,150.7607,20489100104,20-489,U/N Reef,U/N Reef (20-489),Mackay/Capricorn,3,9,0,0.032156691,0.234331349,0.13595564,0.30025842
2082,965,-20.4025,150.7641,20490100104,20-490,U/N Reef,U/N Reef (20-490),Mackay/Capricorn,3,9,0,0.031441159,0.24314391,0.023138865,0.30025842
2083,939,-20.2857,149.0686,20803100104,20-803,Martin Islet Reef,Martin Islet Reef (20-803),Townsville/Whitsunday,1,8,0,0.041528562,0.316203761,0.190458758,0.272811514
2084,987,-20.6018,150.3815,20298100104,20-298,Warland Reef,Warland Reef (20-298),Mackay/Capricorn,2,9,0,11.64604594,25.98744095,10.69543757,0.271279482
2085,987,-20.6033,150.4344,20299101104,20-299a,U/N Reef,U/N Reef (20-299a),Mackay/Capricorn,2,9,0,9.797333718,21.61221709,3.201595883,0.267384857
2086,991,-20.6443,150.3896,20299102104,20-299b,U/N Reef,U/N Reef (20-299b),Mackay/Capricorn,2,9,0,27.68459987,5.854283236,1.009494363,0.228214562
2087,1024,-20.8688,151.1858,20376100104,20-376,U/N Reef,U/N Reef (20-376),Mackay/Capricorn,3,9,1,5.442545629,12.12408345,7.937535066,0.293567035
2088,1025,-20.8425,151.2294,20377100104,20-377,Olympic Reef,Olympic Reef (20-377),Mackay/Capricorn,3,9,1,35.86982837,48.86335984,37.29172452,0.35590188
2089,1025,-20.8684,151.248,20378101104,20-378a,U/N Reef,U/N Reef (20-378a),Mackay/Capricorn,3,9,1,13.25325199,27.94912202,17.45066309,0.374843572
2090,1031,-20.9286,151.2394,20378102104,20-378b,U/N Reef,U/N Reef (20-378b),Mackay/Capricorn,3,9,1,6.976398812,14.1983209,8.854999784,0.2923053
2091,933,-20.1585,150.7662,20491100104,20-491,U/N Reef,U/N Reef (20-491),Mackay/Capricorn,3,9,1,10.127368,0.380219077,0.127190078,0.292999814
2092,965,-20.4039,150.7697,20492100104,20-492,U/N Reef,U/N Reef (20-492),Mackay/Capricorn,3,9,0,0.00641619,0.054381859,0.02628596,0.283124946
2093,961,-20.2029,150.7701,20493100104,20-493,U/N Reef,U/N Reef (20-493),Mackay/Capricorn,3,9,0,0.184327672,0.841210512,0.128559655,0.292999814
2094,994,-20.7009,150.7728,20494100104,20-494,U/N Reef,U/N Reef (20-494),Mackay/Capricorn,3,9,0,0.033559515,0.267197256,0.157588322,0.373693159
2095,965,-20.4565,150.7782,20495100104,20-495,U/N Reef,U/N Reef (20-495),Mackay/Capricorn,3,9,0,0.408463565,1.921315056,1.106524158,0.297072108
2096,994,-20.7052,150.7798,20496100104,20-496,U/N Reef,U/N Reef (20-496),Mackay/Capricorn,3,9,0,0.901904029,3.717219412,0.865257428,0.308886237
2097,985,-20.5759,150.7798,20497100104,20-497,U/N Reef,U/N Reef (20-497),Mackay/Capricorn,3,9,0,0.033619189,0.267635444,0.157879092,0.315632554
2098,992,-20.6489,150.4502,20299103104,20-299c,Southampton Reef,Southampton Reef (20-299c),Mackay/Capricorn,2,9,0,34.79604677,49.98459635,15.26538311,0.255891893
2099,1000,-20.6841,150.4516,20299104104,20-299d,Briggs Reef (No 1),Briggs Reef (No 1) (20-299d),Mackay/Capricorn,2,9,0,0.350870455,1.640703506,0.511825693,0.203467261
2100,1000,-20.6759,150.4511,20299105104,20-299e,Briggs Reef (No 2),Briggs Reef (No 2) (20-299e),Mackay/Capricorn,2,9,0,0.143796836,0.770903733,0.377515487,0.223176545
2101,1000,-20.6847,150.4466,20299106104,20-299f,Briggs Reef (No 3),Briggs Reef (No 3) (20-299f),Mackay/Capricorn,2,9,0,0.07676117,0.382093411,0.040052241,0.161005834
2102,1000,-20.6894,150.4489,20299107104,20-299g,Briggs Reef (No 4),Briggs Reef (No 4) (20-299g),Mackay/Capricorn,2,9,0,0.15833642,0.79683973,0.109810092,0.233325202
2103,1000,-20.6896,150.4567,20299108104,20-299h,U/N Reef,U/N Reef (20-299h),Mackay/Capricorn,2,9,0,0.045044055,0.215855508,0.00196488,0.237747938
2104,1001,-20.6906,150.4611,20299109104,20-299j,U/N Reef,U/N Reef (20-299j),Mackay/Capricorn,2,9,0,0.031827058,0.182857281,0.001629872,0.23775071
2105,1024,-20.9011,151.1914,20379100104,20-379,U/N Reef,U/N Reef (20-379),Mackay/Capricorn,3,9,1,2.364419636,5.054638458,0.193109371,0.296671358
2106,1030,-20.9151,151.0428,20380100104,20-380,U/N Reef,U/N Reef (20-380),Mackay/Capricorn,2,9,1,16.69723034,33.93779667,8.319511315,0.287532967
2107,1026,-20.8399,151.3342,20381100104,20-381,U/N Reef,U/N Reef (20-381),Mackay/Capricorn,3,9,1,1.065991105,2.826895785,1.796489495,0.294908274
2108,1032,-20.8857,151.3049,20382100104,20-382,U/N Reef,U/N Reef (20-382),Mackay/Capricorn,3,9,1,71.64953214,94.12839975,75.34109682,0.343432072
2109,1031,-20.9314,151.2108,20383100104,20-383,U/N Reef,U/N Reef (20-383),Mackay/Capricorn,3,9,1,0.975718186,3.251738827,1.629061103,0.367508476
2110,1024,-20.8948,151.206,20384100104,20-384,U/N Reef,U/N Reef (20-384),Mackay/Capricorn,3,9,1,0.495794891,1.448646104,0.047340689,0.296671358
2111,1038,-20.9424,151.3263,20385100104,20-385,U/N Reef,U/N Reef (20-385),Mackay/Capricorn,3,9,0,28.70349407,39.58894788,28.88259926,0.339837683
2112,965,-20.414,150.7826,20498100104,20-498,U/N Reef,U/N Reef (20-498),Mackay/Capricorn,3,9,0,0.981082945,3.251375109,2.314679748,0.314842039
2113,962,-20.2037,150.7971,20499100104,20-499,U/N Reef,U/N Reef (20-499),Mackay/Capricorn,3,9,0,0.164327194,0.134663784,0.072902967,0.292999814
2114,985,-20.5606,150.7983,20500100104,20-500,U/N Reef,U/N Reef (20-500),Mackay/Capricorn,3,9,0,0.138756545,0.673759651,0.214301453,0.298373549
2115,962,-20.3007,150.8034,20501100104,20-501,U/N Reef,U/N Reef (20-501),Mackay/Capricorn,3,9,0,0.136497806,0.712602923,0.15072009,0.292999814
2116,989,-20.5908,150.8419,20502100104,20-502,U/N Reef,U/N Reef (20-502),Mackay/Capricorn,3,9,0,0.193419375,1.066822261,0.568764268,0.292945472
2117,962,-20.2476,150.8419,20503100104,20-503,U/N Reef,U/N Reef (20-503),Mackay/Capricorn,3,9,0,0.251212406,0.840415028,0.025657102,0.296671358
2118,962,-20.2631,150.8516,20504100104,20-504,U/N Reef,U/N Reef (20-504),Mackay/Capricorn,3,9,0,0.191970587,0.67772801,0.020141381,0.296671359
2119,996,-20.5936,150.8756,20505100104,20-505,U/N Reef,U/N Reef (20-505),Mackay/Capricorn,3,9,0,0.342023947,1.454882049,1.009427155,0.295265583
2120,997,-20.5836,150.879,20506100104,20-506,U/N Reef,U/N Reef (20-506),Mackay/Capricorn,3,9,0,0.545337025,2.284981393,0.891490484,0.293929024
2121,954,-20.3676,148.9647,20826100104,20-826,U/N Reef,U/N Reef (20-826),Townsville/Whitsunday,1,8,0,0.011528016,0.113678284,9.55608e-4,0.267189553
2122,954,-20.3692,148.9631,20827100104,20-827,U/N Reef,U/N Reef (20-827),Townsville/Whitsunday,1,8,0,0.012083449,0.118039289,9.96958e-4,0.267187791
2123,963,-20.485,148.8916,20830100104,20-830,U/N Reef,U/N Reef (20-830),Townsville/Whitsunday,1,8,1,0.015358994,0.14300923,0.076664043,0.273867268
2124,992,-20.6342,150.4658,20300100104,20-300,U/N Reef,U/N Reef (20-300),Mackay/Capricorn,2,9,0,0.659290115,2.739334153,0.642783395,0.215809935
2125,999,-20.6813,150.2307,20301101104,20-301a,Cole Reefs (No2),Cole Reefs (No2) (20-301a),Mackay/Capricorn,2,9,0,7.062394878,17.61856696,6.432718615,0.26976426
2126,999,-20.6551,150.2871,20301102104,20-301b,Cole Reefs (No3),Cole Reefs (No3) (20-301b),Mackay/Capricorn,2,9,0,8.645847743,15.90384976,6.131474996,0.26231557
2127,999,-20.7009,150.1861,20302100104,20-302,Cole Reefs (No1),Cole Reefs (No1) (20-302),Mackay/Capricorn,2,9,0,4.54351908,12.94147664,4.774837838,0.24557991
2128,1000,-20.6836,150.4153,20303100104,20-303,U/N Reef,U/N Reef (20-303),Mackay/Capricorn,2,9,0,26.96542046,4.396260847,0.232300384,0.228214562
2129,1031,-20.9602,151.1835,20386100104,20-386,U/N Reef,U/N Reef (20-386),Mackay/Capricorn,3,9,1,6.008319026,13.44100578,7.171097977,0.372826442
2130,1038,-20.9701,151.2467,20387100104,20-387,U/N Reef,U/N Reef (20-387),Mackay/Capricorn,3,9,1,4.917792453,11.37174365,6.14133713,0.338698441
2131,1039,-20.9594,151.3562,20388101104,20-388a,U/N Reef,U/N Reef (20-388a),Mackay/Capricorn,3,9,0,3.612324366,10.07750839,6.687338149,0.300646526
2132,1060,-21.0122,151.3449,20388102104,20-388b,U/N Reef,U/N Reef (20-388b),Mackay/Capricorn,3,9,0,1.007576782,3.94431835,2.670887033,0.284550884
2133,1060,-20.9841,151.3388,20388103104,20-388c,U/N Reef,U/N Reef (20-388c),Mackay/Capricorn,3,9,0,4.024564925,9.848771224,7.17581661,0.310783906
2134,1040,-20.9661,151.4034,20389100104,20-389,Neville Coleman Reef,U/N Reef (20-389),Mackay/Capricorn,3,9,0,95.84236595,109.4846684,82.76158069,0.350430307
2135,1038,-20.9856,151.3027,20390100104,20-390,U/N Reef,U/N Reef (20-390),Mackay/Capricorn,3,9,0,2.198242907,6.320886572,3.368234422,0.350302681
2136,962,-20.3035,150.8793,20507100104,20-507,U/N Reef,U/N Reef (20-507),Mackay/Capricorn,3,9,0,3.558804877,1.343855917,0.617142047,0.292999814
2137,997,-20.6483,150.8907,20508100104,20-508,U/N Reef,U/N Reef (20-508),Mackay/Capricorn,3,9,0,0.068395716,0.451441321,0.247567997,0.280932374
2138,997,-20.6271,150.8921,20509100104,20-509,U/N Reef,U/N Reef (20-509),Mackay/Capricorn,3,9,0,1.29865102,4.921061638,2.13836215,0.316020825
2139,997,-20.6337,150.8925,20510100104,20-510,U/N Reef,U/N Reef (20-510),Mackay/Capricorn,3,9,0,0.079130006,0.528267322,0.286230502,0.289370556
2140,968,-20.4373,150.894,20198100104,20-198,U/N Reef,U/N Reef (20198),Mackay/Capricorn,3,9,1,3.70498362,11.13717395,7.059545954,0.294360757
2141,997,-20.5724,150.8944,20512100104,20-512,U/N Reef,U/N Reef (20-512),Mackay/Capricorn,3,9,0,0.064888799,0.284595895,0.007588555,0.296671355
2142,997,-20.6404,150.8988,20513100104,20-513,U/N Reef,U/N Reef (20-513),Mackay/Capricorn,3,9,0,0.343662533,1.686020789,1.058455234,0.294647605
2143,925,-20.0498,149.9417,20854100104,20-854,U/N Reef,U/N Reef (20-854),Townsville/Whitsunday,2,9,1,0.062431729,0.260338108,0.013284183,0.237745435
2144,1043,-21.0543,149.3038,21002100104,21-002,Oom Shoal,Oom Shoal (21-002),Mackay/Capricorn,1,9,0,0.541953319,0.53924858,0.005503132,0.267193801
2145,1043,-21.0972,149.2435,21004100104,21-004,Slade (Oyster) Island Reef,Slade (Oyster) Island Reef (21-004),out,1,9,0,0.074427038,0.347855426,0.00336018,0.267197229
2146,1043,-21.1258,149.2912,21005101104,21-005a,Downward Patches (No 1),Downward Patches (No 1) (21-005a),Mackay/Capricorn,1,9,0,0.611746406,1.876252839,0.022376428,0.267194681
2147,1001,-20.7171,150.4682,20304100104,20-304,McIntyre Reef,McIntyre Reef (20-304),Mackay/Capricorn,2,9,0,5.452555453,13.54969702,2.708172947,0.233277376
2148,1012,-20.7817,150.4846,20305100104,20-305,Goble Reefs (East),Goble Reefs (East) (20-305),Mackay/Capricorn,2,9,0,19.84619083,34.70676156,15.72248903,0.239019369
2149,1012,-20.8046,150.4538,20306100104,20-306,Goble Reefs (West),Goble Reefs (West) (20-306),Mackay/Capricorn,2,9,0,3.06547296,7.61921607,2.643601432,0.264544016
2150,1017,-20.8185,150.3761,20307100104,20-307,Chauvel Reefs (North),Chauvel Reefs (North) (20-307),Mackay/Capricorn,2,9,0,46.04960134,53.14732102,17.01256728,0.288349942
2151,1049,-20.9913,151.4777,20391100104,20-391,U/N Reef,U/N Reef (20-391),Mackay/Capricorn,3,9,0,38.75660679,54.45878378,41.17837292,0.336330966
2152,1035,-20.8886,151.969,20392100104,20-392,U/N Reef,U/N Reef (20-392),Mackay/Capricorn,3,10,0,9.696291129,6.816928261,3.302350514,0.291276433
2153,1053,-20.9304,152.1796,20393100104,20-393,U/N Reef,U/N Reef (20-393),Mackay/Capricorn,3,10,0,1.28500965,3.896956791,2.745325949,0.303181477
2154,1053,-20.9454,152.0721,20394100104,20-394,U/N Reef,U/N Reef (20-394),Mackay/Capricorn,3,10,0,3.9022238,7.822469324,5.779334425,0.301077199
2155,1075,-20.9615,152.2515,20395100104,20-395,U/N Reef,U/N Reef (20-395),Mackay/Capricorn,3,10,0,4.242195261,4.677036363,2.801220295,0.333145776
2156,1075,-20.9672,152.2785,20396100104,20-396,Newell Reef,Newell Reef (20-396),Mackay/Capricorn,3,10,0,7.280719648,8.144049264,5.000729167,0.318513044
2157,997,-20.6641,150.8995,20514100104,20-514,U/N Reef,U/N Reef (20-514),Mackay/Capricorn,3,9,0,0.060887759,0.300697529,0.002852087,0.296671365
2158,997,-20.6577,150.9002,20515100104,20-515,U/N Reef,U/N Reef (20-515),Mackay/Capricorn,3,9,0,0.461873658,1.958185304,1.039319003,0.28354267
2159,997,-20.6491,150.9007,20516100104,20-516,U/N Reef,U/N Reef (20-516),Mackay/Capricorn,3,9,0,1.212486524,4.455403365,2.567115986,0.293142307
2160,1002,-20.6864,150.9089,20517100104,20-517,U/N Reef,U/N Reef (20-517),Mackay/Capricorn,3,9,0,0.121556743,0.470245646,0.013351111,0.296671358
2161,997,-20.6484,150.9106,20518100104,20-518,U/N Reef,U/N Reef (20-518),Mackay/Capricorn,3,9,0,0.013100642,0.125859046,0.06756286,0.295512316
2162,997,-20.6439,150.9137,20519100104,20-519,U/N Reef,U/N Reef (20-519),Mackay/Capricorn,3,9,0,0.322614067,1.598103834,0.894037415,0.297199422
2163,1013,-20.8318,150.9282,20520100104,20-520,U/N Reef,U/N Reef (20-520),Mackay/Capricorn,2,9,1,0.154959793,0.810462683,0.038308113,0.228214562
2164,968,-20.3688,150.9331,20521100104,20-521,U/N Reef,U/N Reef (20-521),Mackay/Capricorn,3,9,1,0.172907179,0.623412891,0.018334747,0.296671358
2165,968,-20.4428,150.9485,20522100104,20-522,U/N Reef,U/N Reef (20-522),Mackay/Capricorn,3,9,1,0.227965953,0.205387657,0.117215264,0.292999814
2166,1043,-21.1358,149.2912,21005102104,21-005b,Downward Patches (No 2),Downward Patches (No 2) (21-005b),Mackay/Capricorn,1,9,0,0.081377113,0.37362488,0.0036419,0.26719172
2167,1043,-21.145,149.2888,21005103104,21-005c,Downward Patches (No 3),Downward Patches (No 3) (21-005c),Mackay/Capricorn,1,9,0,0.753757011,2.217267355,0.027001215,0.267194685
2168,1043,-21.1544,149.2961,21005104104,21-005d,Downward Patches (No 4),Downward Patches (No 4) (21-005d),Mackay/Capricorn,1,9,0,0.200068019,0.767322539,0.008183458,0.267194822
2169,1043,-21.1603,149.3165,21005105104,21-005e,Downward Patches (No 5),Downward Patches (No 5) (21-005e),Mackay/Capricorn,1,9,0,0.145035416,0.593231145,0.006126287,0.267196331
2170,1043,-21.1625,149.2865,21005106104,21-005f,Downward Patches (No 6),Downward Patches (No 6) (21-005f),Mackay/Capricorn,1,9,0,1.099883043,0.399946882,0.003932144,0.26719166
2171,1043,-21.1714,149.3106,21005107104,21-005g,Downward Patches (No 7),Downward Patches (No 7) (21-005g),Mackay/Capricorn,1,9,0,0.128894603,0.539796239,0.005509127,0.267195971
2172,1043,-21.1332,149.245,21006100104,21-006,Dangerous Reef,Dangerous Reef (21-006),out,1,9,0,0.142119875,0.583631097,0.0060152,0.26719409
2173,1043,-21.1607,149.2391,21007100104,21-007,Flat Top Reef,Flat Top Reef (21-007),Mackay/Capricorn,1,9,0,1.329415806,4.949606735,0.658469678,0.273867268
2174,1023,-20.8587,150.3788,20308100104,20-308,Chauvel Reefs (South),Chauvel Reefs (South) (20-308),Mackay/Capricorn,2,9,0,12.05845318,21.63525723,5.820156739,0.324194613
2175,1028,-20.9094,150.0326,20309100104,20-309,Tern Reef,Tern Reef (20-309),Mackay/Capricorn,2,9,1,3.073189532,9.502065405,7.142212517,0.277797558
2176,1028,-20.9625,150.0805,20310100104,20-310,Bushy-Redbill Reef,Bushy-Redbill Reef (20-310),Mackay/Capricorn,2,9,1,9.567580841,22.85497146,21.1028985,0.351743767
2177,1054,-20.9894,152.3954,20397100104,20-397,U/N Reef,U/N Reef (20-397),Mackay/Capricorn,3,10,1,3.699641544,6.760573295,4.572795044,0.307687464
2178,1053,-20.9854,152.0642,20398100104,20-398,U/N Reef,U/N Reef (20-398),Mackay/Capricorn,3,10,0,3.644894484,5.704265892,3.38220384,0.292293809
2179,1053,-20.9926,152.0859,20399100104,20-399,U/N Reef,U/N Reef (20-399),Mackay/Capricorn,3,10,0,0.920542195,0.666706911,0.37182486,0.290621548
2180,1053,-21.002,152.1103,20400100104,20-400,U/N Reef,U/N Reef (20-400),Mackay/Capricorn,3,10,0,1.014032332,3.077614038,2.165275088,0.29154179
2181,927,-20.0151,150.4049,20401100104,20-401,Deliverance Bank,Deliverance Bank (20-401),Townsville/Whitsunday,3,9,0,3.02909402,4.702704955,2.089573539,0.292999814
2182,944,-20.2443,150.1463,20402100104,20-402,Sheriff Shoal,Sheriff Shoal (20-402),Townsville/Whitsunday,2,9,1,0.575381165,1.539192019,0.088826327,0.237745433
2183,968,-20.392,150.9537,20523100104,20-523,U/N Reef,U/N Reef (20-523),Mackay/Capricorn,3,9,1,1.503885238,3.518130381,0.128455561,0.296671358
2184,968,-20.4143,150.9696,20524100104,20-524,U/N Reef,U/N Reef (20-524),Mackay/Capricorn,3,9,1,0.65495977,1.809353152,0.060794703,0.296671358
2185,1013,-20.7994,150.9809,20527100104,20-527,U/N Reef,U/N Reef (20-527),Mackay/Capricorn,3,9,0,0.639262483,0.221369194,0.002021214,0.2966722
2186,968,-20.4354,150.9875,20531100104,20-531,U/N Reef,U/N Reef (20-531),Mackay/Capricorn,3,9,1,0.174338117,0.627592888,0.018473096,0.296671358
2187,1018,-20.8139,151.0145,20540100104,20-540,U/N Reef,U/N Reef (20-540),Mackay/Capricorn,3,9,1,0.175528843,0.957111009,0.662095503,0.298612399
2188,968,-20.473,151.022,20543100104,20-543,U/N Reef,U/N Reef (20-543),Mackay/Capricorn,3,9,1,0.421940061,1.272887951,0.040929924,0.296671358
2189,1004,-20.5554,151.0349,20545100104,20-545,U/N Reef,U/N Reef (20-545),Mackay/Capricorn,3,9,1,0.187789402,0.433665207,0.034744561,0.292999814
2190,968,-20.4851,151.0369,20546100104,20-546,U/N Reef,U/N Reef (20-546),Mackay/Capricorn,3,9,1,0.601627579,1.690683527,0.056327709,0.296671358
2191,968,-20.4971,151.0515,20548100104,20-548,U/N Reef,U/N Reef (20-548),Mackay/Capricorn,3,9,1,0.327053461,1.038260289,0.032545917,0.296671358
2192,1030,-20.8679,151.068,20370104104,20-370d,U/N Reef,U/N Reef (20-370d),Mackay/Capricorn,3,9,1,0.075245929,0.330974848,0.003177874,0.296672169
2193,1043,-21.1738,149.2655,21009100104,21-009,Round Top Reef,Round Top Reef (21-009),Mackay/Capricorn,1,9,0,0.213019122,0.966765872,0.347505804,0.251116139
2194,1043,-21.2673,149.2685,21012100104,21-012,Dudgeon Ledge,Dudgeon Ledge (21-012),out,1,9,0,0.327907824,1.1392623,0.012765433,0.267195059
2195,1157,-21.2749,149.2868,21013100104,21-013,Hay Reef,Hay Reef (21-013),out,1,9,0,0.492557524,1.577599195,0.018411293,0.267194684
2196,1157,-21.2931,149.3019,21014100104,21-014,Highwater Reef,Highwater Reef (21-014),out,1,9,0,0.093664425,0.418116426,0.004132774,0.267198727
2197,1157,-21.3281,149.3254,21015100104,21-015,Victor Reef,Victor Reef (21-015),Mackay/Capricorn,1,9,0,1.285435755,2.258171326,0.970829979,0.273867268
2198,1157,-21.3722,149.3192,21016100104,21-016,Coral Point Reef,Coral Point Reef (21-016),Mackay/Capricorn,1,9,0,0.414540874,1.274994764,0.151140012,0.273867268
2199,1157,-21.413,149.3334,21018100104,21-018,U/N Reef,U/N Reef (21-018),Mackay/Capricorn,1,9,0,0.307419688,1.355512159,0.541874909,0.273867268
2200,977,-20.5137,150.7111,20311100104,20-311,U/N Reef,U/N Reef (20-311),Mackay/Capricorn,3,9,0,0.494289956,2.10210244,1.374193087,0.290670759
2201,968,-20.5125,150.8619,20312100104,20-312,U/N Reef,U/N Reef (20-312),Mackay/Capricorn,3,9,1,0.937651476,3.798747239,2.800639878,0.298114504
2202,985,-20.5222,150.8018,20313100104,20-313,U/N Reef,U/N Reef (20-313),Mackay/Capricorn,3,9,0,1.604461718,5.846463497,3.609024696,0.289869146
2203,985,-20.5281,150.7584,20314100104,20-314,U/N Reef,U/N Reef (20-314),Mackay/Capricorn,3,9,0,0.283389656,1.452567672,1.058623324,0.297695948
2204,982,-20.5639,150.5615,20315101104,20-315a,U/N Reef,U/N Reef (20-315a),Mackay/Capricorn,3,9,0,47.26293667,65.45902094,17.15307553,0.344740176
2205,975,-20.5408,150.5761,20315102104,20-315b,U/N Reef,U/N Reef (20-315b),Mackay/Capricorn,3,9,0,0.082870972,0.464284362,0.004650189,0.296671362
2206,982,-20.5675,150.5922,20315103104,20-315c,U/N Reef,U/N Reef (20-315c),Mackay/Capricorn,3,9,0,0.174547223,0.799696888,0.441560064,0.290215675
2207,985,-20.5482,150.7541,20316100104,20-316,U/N Reef,U/N Reef (20-316),Mackay/Capricorn,3,9,0,0.091558691,0.38985405,0.214538139,0.30025842
2208,984,-20.5634,150.7232,20317100104,20-317,U/N Reef,U/N Reef (20-317),Mackay/Capricorn,3,9,0,0.528704535,2.425740175,1.065642931,0.25658326
2209,985,-20.5664,150.7734,20318100104,20-318,U/N Reef,U/N Reef (20-318),Mackay/Capricorn,3,9,0,0.933057189,1.953000023,1.099618779,0.3026075
2210,945,-20.2669,148.6957,20403100104,20-403,Pigeon Reef,Pigeon Reef (20-403),out,1,8,0,0.056806058,0.280112749,0.002633925,0.267192225
2211,969,-20.4061,149.007,20404100104,20-404,U/N Reef,U/N Reef (20-404),Townsville/Whitsunday,1,8,0,0.006073644,0.066153868,0.007011232,0.263837962
2212,990,-20.5981,149.116,20407100104,20-407,Coppersmith Reef,Coppersmith Reef (20-407),Mackay/Capricorn,1,8,0,0.022912643,0.151132333,0.002298344,0.263837962
2213,1030,-20.8607,151.0733,20370103104,20-370c,U/N Reef,U/N Reef (20-370c),Mackay/Capricorn,3,9,1,2.351049297,4.786193647,0.001499621,0.292999814
2214,1018,-20.8062,151.0752,20553100104,20-553,U/N Reef,U/N Reef (20-553),Mackay/Capricorn,3,9,1,3.60458e-4,0.007108166,9.07328e-4,0.281409713
2215,1019,-20.8201,151.1055,20555100104,20-555,U/N Reef,U/N Reef (20-555),Mackay/Capricorn,3,9,1,0.2871476,1.433570496,0.228116897,0.297800549
2216,1010,-20.7021,151.1061,20556100104,20-556,U/N Reef,U/N Reef (20-556),Mackay/Capricorn,3,9,0,0.407229938,1.956924045,0.963554478,0.302630029
2217,1010,-20.5582,151.1201,20557100104,20-557,U/N Reef,U/N Reef (20-557),Mackay/Capricorn,3,9,1,0.079650681,0.335439807,0.00912995,0.296671356
2218,1058,-20.9843,150.613,20558100104,20-558,U/N Reef,U/N Reef (20-558),Mackay/Capricorn,2,9,0,0.134652979,0.481930981,0.026159232,0.23774543
2219,1045,-20.9816,150.7248,20559100104,20-559,U/N Reef,U/N Reef (20-559),Mackay/Capricorn,2,9,0,0.823360544,2.058899866,0.254720472,0.228214562
2220,1024,-20.8415,151.206,20560100104,20-560,U/N Reef,U/N Reef (20-560),Mackay/Capricorn,3,9,1,0.493400191,2.138227547,1.633819899,0.347875028
2221,1031,-20.9463,151.2215,20561100104,20-561,U/N Reef,U/N Reef (20-561),Mackay/Capricorn,3,9,1,0.058241345,0.200024698,0.001803108,0.296670939
2222,1031,-20.9462,151.2507,20562100104,20-562,U/N Reef,U/N Reef (20-562),Mackay/Capricorn,3,9,1,0.774467771,2.820710217,1.862042308,0.323594205
2223,1031,-20.9434,151.2628,20563100104,20-563,U/N Reef,U/N Reef (20-563),Mackay/Capricorn,3,9,1,0.934942367,3.22537718,2.35241512,0.289563394
2224,1157,-21.4299,149.3375,21019100104,21-019,Freshwater Point Reef,Freshwater Point Reef (21-019),Mackay/Capricorn,1,9,0,0.389396762,1.131913149,0.57506717,0.273867268
2225,1157,-21.4236,149.4917,21020100104,21-020,Cullen Reef,Cullen Reef (21-020),Mackay/Capricorn,1,9,0,0.16846502,0.819732064,0.016843522,0.251116139
2226,1157,-21.4548,149.4583,21021100104,21-021,Irving Island Reef,Irving Island Reef (21-021),Mackay/Capricorn,1,9,0,0.220226439,0.843767963,0.113131777,0.251116139
2227,1157,-21.4679,149.494,21022100104,21-022,Phillips Reef,Phillips Reef (21-022),Mackay/Capricorn,1,9,0,0.293592682,0.451669557,0.004508201,0.267195402
2228,1157,-21.4752,149.3914,21023100104,21-023,Taffy Reef,Taffy Reef (21-023),Mackay/Capricorn,1,9,0,0.601152122,1.567508777,0.06026559,0.273867268
2229,1157,-21.4976,149.396,21024100104,21-024,Glendower Point Reef,Glendower Point Reef (21-024),Mackay/Capricorn,1,9,0,0.54294249000000006,1.733367903,0.568915996,0.273867268
2230,1055,-21.0168,149.8983,21025100104,21-025,Penrith Reef,Penrith Reef (21-025),Mackay/Capricorn,1,9,0,4.106773824,9.95781111,8.269309425,0.269377007
2231,989,-20.5646,150.8223,20319100104,20-319,U/N Reef,U/N Reef (20-319),Mackay/Capricorn,3,9,0,1.20021581,4.585853084,2.428818237,0.290472924
2232,989,-20.5687,150.8385,20320100104,20-320,U/N Reef,U/N Reef (20-320),Mackay/Capricorn,3,9,0,0.778159939,3.093188896,2.11897209,0.29239075
2233,997,-20.5545,150.9977,20321100104,20-321,U/N Reef,U/N Reef (20-321),Mackay/Capricorn,3,9,1,1.223824882,2.988166005,2.31986296,0.298921392
2234,985,-20.5742,150.7459,20322100104,20-322,U/N Reef,U/N Reef (20-322),Mackay/Capricorn,3,9,0,6.459322464,17.29583725,11.02067855,0.324121694
2235,989,-20.5846,150.8648,20323100104,20-323,U/N Reef,U/N Reef (20-323),Mackay/Capricorn,3,9,0,0.514942603,2.342912411,1.731569692,0.292513404
2236,988,-20.5962,150.7668,20324100104,20-324,U/N Reef,U/N Reef (20-324),Mackay/Capricorn,3,9,0,14.5128576,31.38788494,26.43185201,0.370556783
2237,954,-20.3346,148.9394,20409100104,20-409,Plum Pudding Reef,Plum Pudding Reef (20-409),Townsville/Whitsunday,1,8,0,0.077710073,0.507971717,0.212733902,0.273867268
2238,1027,-20.8682,151.5073,20410100104,20-410,U/N Reef,U/N Reef (20-410),Mackay/Capricorn,3,9,1,0.266723789,0.882705871,0.027114088,0.296671357
2239,1050,-20.9611,151.5287,20411100104,20-411,U/N Reef,U/N Reef (20-411),Mackay/Capricorn,3,9,0,0.72078343,1.955357326,0.066340903,0.296671358
2240,1027,-20.8933,151.552,20412100104,20-412,U/N Reef,U/N Reef (20-412),Mackay/Capricorn,3,9,0,2.445948898,0.143698002,0.063734177,0.292999814
2241,1021,-20.8091,151.2636,20564100104,20-564,U/N Reef,U/N Reef (20-564),Mackay/Capricorn,3,9,1,0.166441005,0.217970055,0.072840017,0.292999814
2242,1026,-20.8297,151.2976,20565100104,20-565,U/N Reef,U/N Reef (20-565),Mackay/Capricorn,3,9,1,0.172278319,0.621985418,0.018287517,0.29667136
2243,1060,-20.9939,151.3646,20566100104,20-566,U/N Reef,U/N Reef (20-566),Mackay/Capricorn,3,9,0,0.085704756000000007,0.370485935,0.154295135,0.28351214
2244,1047,-20.9965,151.3704,20567100104,20-567,U/N Reef,U/N Reef (20-567),Mackay/Capricorn,3,9,0,0.256934975,0.751398702,0.007992679,0.296671356
2245,1039,-20.9557,151.371,20568100104,20-568,U/N Reef,U/N Reef (20-568),Mackay/Capricorn,3,9,0,8.906656477,15.9802668,12.51845178,0.329255182
2246,1047,-20.9915,151.3793,20569100104,20-569,U/N Reef,U/N Reef (20-569),Mackay/Capricorn,3,9,0,0.174575004,0.438374236,0.053296608,0.27270915
2247,1040,-20.8647,151.3977,20570100104,20-570,U/N Reef,U/N Reef (20-570),Mackay/Capricorn,3,9,1,1.232131241,3.001932214,0.107455331,0.296671358
2248,1011,-21.0302,149.5476,21026100104,21-026,Bailey Reef,Bailey Reef (21-026),Mackay/Capricorn,1,9,0,0.151313392,0.176918056,0.001570372,0.267195365
2249,1055,-21.1027,149.9354,21027100104,21-027,Snare Peak Reef,Snare Peak Reef (21-027),Mackay/Capricorn,1,9,0,0.16142264,0.534046639,0.341108174,0.251116139
2250,1136,-21.2669,149.6301,21029100104,21-029,Overfall Reef,Overfall Reef (21-029),Mackay/Capricorn,1,9,0,0.074977882,0.35695271,0.172074462,0.263837962
2251,993,-20.6235,150.7327,20325100104,20-325,U/N Reef,U/N Reef (20-325),Mackay/Capricorn,3,9,0,0.910759955,3.7147377,2.454366384,0.321125144
2252,989,-20.6253,150.8036,20326100104,20-326,Molar Reef,Molar Reef (20-326),Mackay/Capricorn,3,9,0,47.96147176,56.50868946,47.41332694,0.375225162
2253,996,-20.6177,150.8535,20327100104,20-327,U/N Reef,U/N Reef (20-327),Mackay/Capricorn,3,9,0,6.314714471,14.00874853,12.56057742,0.409953116
2254,997,-20.6178,150.9019,20328101104,20-328a,U/N Reef,U/N Reef (20-328a),Mackay/Capricorn,3,9,0,3.92503419,10.12789026,6.863477214,0.295652041
2255,997,-20.6078,150.9172,20328102104,20-328b,U/N Reef,U/N Reef (20-328b),Mackay/Capricorn,3,9,0,0.320827351,1.584178433,1.031450146,0.290986837
2256,1050,-20.9774,151.5679,20413100104,20-413,U/N Reef,U/N Reef (20-413),Mackay/Capricorn,3,9,0,2.220133672,0.556170003,0.348084188,0.292999814
2257,1050,-20.9564,151.5887,20414100104,20-414,U/N Reef,U/N Reef (20-414),Mackay/Capricorn,3,9,0,0.675393343,0.389145583,0.236363873,0.292999814
2258,1042,-20.9225,151.6156,20415100104,20-415,U/N Reef,U/N Reef (20-415),Mackay/Capricorn,3,9,0,0.722912429,1.960315368,0.066530175,0.296671358
2259,1051,-20.9863,151.6508,20416100104,20-416,U/N Reef,U/N Reef (20-416),Mackay/Capricorn,3,9,0,1.947137501,4.331149715,0.16230451,0.296671358
2260,1042,-20.9426,151.6612,20417100104,20-417,U/N Reef,U/N Reef (20-417),Mackay/Capricorn,3,9,0,24.79546685,33.15843191,1.60258184,0.296671358
2261,1033,-20.9068,151.6632,20418100104,20-418,U/N Reef,U/N Reef (20-418),Mackay/Capricorn,3,9,0,4.962617619,9.155191691,0.376727961,0.296671358
2262,1052,-20.9292,151.7045,20419100104,20-419,U/N Reef,U/N Reef (20-419),Mackay/Capricorn,3,9,0,0.256171333,0.854985219,0.026158056,0.296671357
2263,1052,-20.9538,151.7233,20420100104,20-420,U/N Reef,U/N Reef (20-420),Mackay/Capricorn,3,9,0,1.023053587,2.588622078,0.090960793,0.296671358
2264,1052,-20.9783,151.7317,20421100104,20-421,U/N Reef,U/N Reef (20-421),Mackay/Capricorn,3,9,0,3.287199687,6.585936404,0.260073861,0.296671358
2265,1052,-20.9747,151.7663,20422100104,20-422,U/N Reef,U/N Reef (20-422),Mackay/Capricorn,3,9,0,1.366322336,3.263096286,0.118028152,0.296671358
2266,1027,-20.8097,151.4007,20571100104,20-571,U/N Reef,U/N Reef (20-571),Mackay/Capricorn,3,9,1,0.941375753,2.420416743,0.084338991,0.296671358
2267,1027,-20.8305,151.4407,20572100104,20-572,U/N Reef,U/N Reef (20-572),Mackay/Capricorn,3,9,1,0.08294481,0.300881099,0.180107711,0.292999814
2268,1041,-20.9146,151.4536,20573100104,20-573,U/N Reef,U/N Reef (20-573),Mackay/Capricorn,3,9,0,1.708302913,3.8991742130000002,0.144210272,0.296671358
2269,1041,-20.9055,151.4592,20574100104,20-574,U/N Reef,U/N Reef (20-574),Mackay/Capricorn,3,9,0,0.09086611,0.28939969,0.001031623,0.292999814
2270,1027,-20.8467,151.4677,20575100104,20-575,U/N Reef,U/N Reef (20-575),Mackay/Capricorn,3,9,1,0.092310035,0.37768751,0.010433407,0.296671358
2271,1041,-20.9085,151.4718,20576100104,20-576,U/N Reef,U/N Reef (20-576),Mackay/Capricorn,3,9,0,0.096091861,0.20618626,0.09470438,0.292999814
2272,1027,-20.851,151.4768,20577100104,20-577,U/N Reef,U/N Reef (20-577),Mackay/Capricorn,3,9,1,0.174874992,0.629685606,0.018542409,0.296671358
2273,1027,-20.8587,151.4808,20578100104,20-578,U/N Reef,U/N Reef (20-578),Mackay/Capricorn,3,9,1,0.144516323,0.540602754,0.015618524,0.296671356
2274,1060,-20.9999,151.3386,20579100104,20-579,U/N Reef,U/N Reef (20-579),Mackay/Capricorn,3,9,0,0.218003441,0.982400369,0.681808826,0.281766095
2275,1012,-20.7375,150.4406,20580100104,20-580,U/N Reef,U/N Reef (20-580),Mackay/Capricorn,2,9,0,1.149372315,2.678375355,0.151004385,0.237745432
2276,1012,-20.7416,150.4568,20581100104,20-581,U/N Reef,U/N Reef (20-581),Mackay/Capricorn,2,9,0,3.17282896,0.431902616,0.004286761,0.237746277
2277,1136,-21.3156,149.6825,21031100104,21-031,Prudhoe Island Reef,Prudhoe Island Reef (21-031),Mackay/Capricorn,1,9,0,1.034014602,1.718883402,0.88341157,0.251559437
2278,1136,-21.3273,149.665,21032100104,21-032,Prudhoe Shoal,Prudhoe Shoal (21-032),Mackay/Capricorn,1,9,0,2.912712774,6.050961788,0.785345277,0.252398724
2279,1136,-21.371,149.6579,21033100104,21-033,Reid Reef,Reid Reef (21-033),Mackay/Capricorn,1,9,0,0.128586923,0.619026705,0.313894008,0.251116139
2280,1136,-21.3743,149.8285,21034100104,21-034,Double Island Reef,Double Island Reef (21-034),Mackay/Capricorn,1,9,0,0.66972958,1.654648517,0.909472757,0.254617625
2281,997,-20.6036,150.92,20328103104,20-328c,U/N Reef,U/N Reef (20-328c),Mackay/Capricorn,3,9,0,0.60878062,2.622295889,0.395160807,0.299195353
2282,997,-20.6091,150.9233,20328104104,20-328d,U/N Reef,U/N Reef (20-328d),Mackay/Capricorn,3,9,0,0.044789276,0.247618216,0.002293069,0.296672623
2283,997,-20.6137,150.9212,20328105104,20-328e,U/N Reef,U/N Reef (20-328e),Mackay/Capricorn,3,9,0,0.211131632,1.059141303,0.742012428,0.300832009
2284,997,-20.6218,150.9205,20328106104,20-328f,U/N Reef,U/N Reef (20-328f),Mackay/Capricorn,3,9,0,0.070253605,0.425793795,0.099427326,0.29559902
2285,1004,-20.6259,150.993,20329100104,20-329,U/N Reef,U/N Reef (20-329),Mackay/Capricorn,3,9,0,0.360955468,0.372577029,0.013007067,0.292999814
2286,1003,-20.6309,150.9552,20330100104,20-330,U/N Reef,U/N Reef (20-330),Mackay/Capricorn,3,9,0,0.195430593,0.687591889,0.020471475,0.296671359
2287,1004,-20.646,150.9816,20331100104,20-331,U/N Reef,U/N Reef (20-331),Mackay/Capricorn,3,9,0,0.128903888,0.492911083,0.014077211,0.296671359
2288,993,-20.6616,150.6989,20332100104,20-332,U/N Reef,U/N Reef (20-332),Mackay/Capricorn,3,9,0,0.197855787,1.010953582,0.011159913,0.296671359
2289,993,-20.6451,150.7354,20333100104,20-333,U/N Reef,U/N Reef (20-333),Mackay/Capricorn,3,9,0,2.736561439,8.125464947,2.495420853,0.307336213
2290,994,-20.6351,150.7524,20334100104,20-334,U/N Reef,U/N Reef (20-334),Mackay/Capricorn,3,9,0,0.599013909,2.618181977,1.684879878,0.327799498
2291,1034,-20.9356,151.8353,20423100104,20-423,U/N Reef,U/N Reef (20-423),Mackay/Capricorn,3,9,0,0.841504358,2.214599068,0.076314833,0.296671358
2292,1034,-20.9557,151.8523,20424100104,20-424,U/N Reef,U/N Reef (20-424),Mackay/Capricorn,3,9,0,3.013244199,6.1445805,0.240550217,0.296671358
2293,1034,-20.9169,151.8709,20425100104,20-425,U/N Reef,U/N Reef (20-425),Mackay/Capricorn,3,9,0,5.920318027,10.54772505,0.441779578,0.296671358
2294,1034,-20.9062,151.8872,20426100104,20-426,U/N Reef,U/N Reef (20-426),Mackay/Capricorn,3,9,0,1.436961229,3.398238489,0.123541413,0.296671358
2295,1034,-20.9503,151.8963,20427100104,20-427,U/N Reef,U/N Reef (20-427),Mackay/Capricorn,3,9,0,0.296096412,0.960398275,0.029813279,0.296671358
2296,1034,-20.8977,151.9126,20428100104,20-428,U/N Reef,U/N Reef (20-428),Mackay/Capricorn,3,10,0,0.803095211,2.133707672,0.073186128,0.296671357
2297,1034,-20.8876,151.9178,20429100104,20-429,U/N Reef,U/N Reef (20-429),Mackay/Capricorn,3,10,0,8.710031512,14.36620619,0.625405712,0.296671358
2298,1035,-20.8856,151.998,20430100104,20-430,U/N Reef,U/N Reef (20-430),Mackay/Capricorn,3,10,0,0.779751967,2.084325572,0.071283371,0.296671358
2299,1035,-20.8951,152.0015,20431100104,20-431,U/N Reef,U/N Reef (20-431),Mackay/Capricorn,3,10,0,0.111779115,0.440648158,0.01240953,0.296671358
2300,1035,-20.8904,152.0064,20432100104,20-432,U/N Reef,U/N Reef (20-432),Mackay/Capricorn,3,10,0,0.156124332,0.575683726,0.016763274,0.296671356
2301,925,-20.0065,149.8869,20582100104,20-582,U/N Reef,U/N Reef (20-582),Townsville/Whitsunday,2,8,1,1.254663658,3.048531214,0.631428411,0.23225842
2302,935,-20.1704,149.9347,20583100104,20-583,U/N Reef,U/N Reef (20-583),Townsville/Whitsunday,2,9,1,0.196278265,0.726046213,0.007689936,0.237745425
2303,925,-20.0161,149.9605,20585100104,20-585,U/N Reef,U/N Reef (20-585),Townsville/Whitsunday,2,8,1,0.307712791,0.453980714,0.004534251,0.237745412
2304,935,-20.1469,149.9683,20586100104,20-586,U/N Reef,U/N Reef (20-586),Townsville/Whitsunday,2,9,1,0.548162315,0.748167144,0.001921325,0.228214562
2305,925,-20.026,149.9731,20587100104,20-587,U/N Reef,U/N Reef (20-587),Townsville/Whitsunday,2,9,1,0.096845403,0.295363486,0.055134012,0.228214562
2306,950,-20.2786,150.0616,20588100104,20-588,U/N Reef,U/N Reef (20-588),Townsville/Whitsunday,2,9,1,0.004179542,0.044607395,3.33343e-4,0.23774822
2307,931,-20.1247,150.315,20589100104,20-589,U/N Reef,U/N Reef (20-589),Townsville/Whitsunday,3,9,0,0.027492595,0.2204271,0.051234914,0.295626818
2308,927,-20.0999,150.3713,20590100104,20-590,U/N Reef,U/N Reef (20-590),Mackay/Capricorn,3,9,0,0.328953584,1.649788068,0.826935135,0.34853103
2309,936,-20.1102,150.3728,20591100104,20-591,U/N Reef,U/N Reef (20-591),Mackay/Capricorn,3,9,0,0.162966793,0.928725937,0.541931231,0.284884051
2310,927,-20.0327,150.3736,20592100104,20-592,U/N Reef,U/N Reef (20-592),Townsville/Whitsunday,3,9,0,0.06820219,0.470243959,0.091320721999999993,0.30025842
2311,927,-20.0529,150.3756,20593100104,20-593,U/N Reef,U/N Reef (20-593),Townsville/Whitsunday,3,9,0,0.117709602,0.697697106,0.054690679,0.265840682
2312,927,-20.0741,150.382,20594100104,20-594,U/N Reef,U/N Reef (20-594),Mackay/Capricorn,3,9,0,0.013799624,0.126320679,0.001075052,0.296668646
2313,927,-20.0743,150.3868,20595100104,20-595,U/N Reef,U/N Reef (20-595),Mackay/Capricorn,3,9,0,0.012798971,0.109315912,9.13234e-4,0.296669337
2314,1136,-21.3879,149.8076,21035100104,21-035,Lloyd Shoal,Lloyd Shoal (21-035),Mackay/Capricorn,1,9,0,0.802369064,2.626822209,1.324049486,0.263837962
2315,1145,-21.4186,149.5677,21036101104,21-036a,Viscount Shoals (No 1),Viscount Shoals (No 1) (21-036a),Mackay/Capricorn,1,9,0,6.034579046,7.916289117,0.061991871,0.263837962
2316,1136,-21.4114,149.6049,21036102104,21-036b,Viscount Shoals (No 2),Viscount Shoals (No 2) (21-036b),Mackay/Capricorn,1,9,0,6.116614481,5.932709345,0.059794168,0.263837962
2317,1145,-21.4744,149.5762,21036103104,21-036c,Viscount Shoals (No 3),Viscount Shoals (No 3) (21-036c),Mackay/Capricorn,1,9,0,1.011364655,2.805988983,0.035191254,0.267194682
2318,1145,-21.434,149.8214,21037100104,21-037,Renou Reef,Renou Reef (21-037),Mackay/Capricorn,1,9,0,0.098212334,0.237905316,0.080985429,0.263837962
2319,1002,-20.6717,150.8738,20335100104,20-335,U/N Reef,U/N Reef (20-335),Mackay/Capricorn,3,9,0,34.1229163,56.19256437,43.25046038,0.336044428
2320,994,-20.6831,150.7761,20336100104,20-336,U/N Reef,U/N Reef (20-336),Mackay/Capricorn,3,9,0,0.763663266,1.300994019,0.014821695,0.29667136
2321,996,-20.6974,150.8342,20337100104,20-337,U/N Reef,U/N Reef (20-337),Mackay/Capricorn,3,9,0,1.708103432,6.135394301,2.890319225,0.32353329
2322,1004,-20.6794,150.9825,20338100104,20-338,U/N Reef,U/N Reef (20-338),Mackay/Capricorn,3,9,0,8.844987782,14.69470966,8.724466337,0.322594418
2323,1035,-20.8999,152.0533,20433100104,20-433,U/N Reef,U/N Reef (20-433),Mackay/Capricorn,3,10,0,8.718854088,14.38199996,0.626179257,0.296671358
2324,1035,-20.8926,152.0632,20434100104,20-434,U/N Reef,U/N Reef (20-434),Mackay/Capricorn,3,10,0,0.079415706,0.335263515,0.009124555,0.296671357
2325,1053,-20.9815,152.0954,20435100104,20-435,U/N Reef,U/N Reef (20-435),Mackay/Capricorn,3,10,0,0.339718084,1.072466358,0.033754653,0.296671358
2326,1053,-20.9304,152.0978,20436100104,20-436,U/N Reef,U/N Reef (20-436),Mackay/Capricorn,3,10,0,0.724170371,0.125694625,0.001069164,0.296674686
2327,1053,-20.9188,152.0981,20437100104,20-437,U/N Reef,U/N Reef (20-437),Mackay/Capricorn,3,10,0,0.79250176,0.126239934,0.001074316,0.296673107
2328,1053,-20.9127,152.1116,20438100104,20-438,U/N Reef,U/N Reef (20-438),Mackay/Capricorn,3,10,0,0.711164297,1.936789354,0.065632612,0.296671358
2329,1053,-20.9188,152.1172,20439100104,20-439,U/N Reef,U/N Reef (20-439),Mackay/Capricorn,3,10,0,1.96934062,4.374901065,0.164150137,0.296671358
2330,1053,-20.9534,152.1188,20440100104,20-440,U/N Reef,U/N Reef (20-440),Mackay/Capricorn,3,10,0,0.147352139,0.096591772,7.94715e-4,0.296673592
2331,1053,-20.9758,152.1288,20441100104,20-441,U/N Reef,U/N Reef (20-441),Mackay/Capricorn,3,10,0,0.150391637,0.023267401,1.60293e-4,0.296668141
2332,1053,-20.9121,152.1328,20442100104,20-442,U/N Reef,U/N Reef (20-442),Mackay/Capricorn,3,10,0,0.25709757,0.858232595,0.026269851,0.296671358
2333,1053,-20.9271,152.1603,20443100104,20-443,U/N Reef,U/N Reef (20-443),Mackay/Capricorn,3,10,0,0.337506053,1.067032712,0.033562315,0.296671358
2334,927,-20.1035,150.3892,20596100104,20-596,U/N Reef,U/N Reef (20-596),Mackay/Capricorn,3,9,0,0.211969046,0.898032319,0.068583575,0.328045807
2335,927,-20.078,150.3968,20597100104,20-597,U/N Reef,U/N Reef (20-597),Mackay/Capricorn,3,9,0,0.04449392,0.305988151,0.002908616,0.296670993
2336,932,-20.1076,150.4033,20598100104,20-598,U/N Reef,U/N Reef (20-598),Mackay/Capricorn,3,9,0,0.024693499,0.190020805,0.059476085,0.28849057
2337,927,-20.0444,150.4062,20599100104,20-599,U/N Reef,U/N Reef (20-599),Mackay/Capricorn,3,9,0,0.83472703,2.194842638,0.075549364,0.296671358
2338,936,-20.1457,150.4095,20600100104,20-600,U/N Reef,U/N Reef (20-600),Mackay/Capricorn,3,9,0,0.192571839,0.884463274,0.35997397,0.301502004
2339,936,-20.1454,150.413,20601100104,20-601,U/N Reef,U/N Reef (20-601),Mackay/Capricorn,3,9,0,0.012693474,0.10311833,8.5609e-4,0.296673893
2340,936,-20.137,150.4144,20602100104,20-602,U/N Reef,U/N Reef (20-602),Mackay/Capricorn,3,9,0,0.172592277,0.830288406,0.338643522,0.290041679
2341,927,-20.0365,150.425,20603100104,20-603,U/N Reef,U/N Reef (20-603),Mackay/Capricorn,3,9,0,1.016831986,2.656565926,1.429397539,0.30025842
2342,927,-20.0631,150.432,20604100104,20-604,U/N Reef,U/N Reef (20-604),Mackay/Capricorn,3,9,0,0.127562647,0.674479163,0.415710748,0.285938373
2343,946,-20.2334,150.4888,20605100104,20-605,U/N Reef,U/N Reef (20-605),Mackay/Capricorn,3,9,0,0.854695176,2.913426441,2.15843786,0.277380554
2344,933,-20.0611,150.583,20607100104,20-607,U/N Reef,U/N Reef (20-607),Mackay/Capricorn,3,9,1,0.150921474,0.75071318,0.321051389,0.297996575
2345,1145,-21.4487,149.7141,21039100104,21-039,Knight Reef,Knight Reef (21-039),Mackay/Capricorn,1,9,0,0.661233357,0.815085393,0.210283118,0.251267529
2346,1145,-21.4439,149.8481,21040100104,21-040,Minster Reef,Minster Reef (21-040),Mackay/Capricorn,1,9,0,0.456751093,0.261849242,0.018902637,0.251116139
2347,1145,-21.4679,149.7001,21041100104,21-041,Festing Shoal,Festing Shoal (21-041),Mackay/Capricorn,1,9,0,0.752410621,1.200258629,0.013537,0.267194672
2348,1145,-21.4668,149.8251,21043100104,21-043,Beaver Shoal,Beaver Shoal (21-043),Mackay/Capricorn,1,9,0,0.59711181,1.349059465,0.015439143,0.267194675
2349,1166,-21.4565,149.8738,21044100104,21-044,Beverlac Reef,Beverlac Reef (21-044),Mackay/Capricorn,1,9,0,0.242965121,0.009888742,6.13e-5,0.267196584
2350,1005,-20.7259,150.884,20339101104,20-339a,U/N Reef,U/N Reef (20-339a),Mackay/Capricorn,3,9,0,20.94612636,41.51379759,23.97431408,0.345246914
2351,1003,-20.7067,150.9378,20339102104,20-339b,U/N Reef,U/N Reef (20-339b),Mackay/Capricorn,3,9,0,28.54920501,45.60078133,35.7172679,0.36111943
2352,994,-20.7081,150.76,20340100104,20-340,U/N Reef,U/N Reef (20-340),Mackay/Capricorn,3,9,0,3.274800725,7.918343428,2.814040215,0.292524519
2353,995,-20.7138,150.8204,20341100104,20-341,U/N Reef,U/N Reef (20-341),Mackay/Capricorn,3,9,0,0.186670607,1.054476828,0.737992081,0.2955712
2354,974,-20.5416,149.1101,20234101104,20-234a,Thomas Reef (No 1),Thomas Reef (No 1) (20-234a),Townsville/Whitsunday,1,8,0,0.156165654,0.434690451,0.154419023,0.272828406
2355,974,-20.545,149.1013,20234102104,20-234b,Thomas Reef (No 2),Thomas Reef (No 2) (20-234b),Townsville/Whitsunday,1,8,0,0.037510957,0.001147876,5.42e-6,0.267186726
2356,974,-20.5511,149.1053,20234103104,20-234c,Thomas Reef (No 3),Thomas Reef (No 3) (20-234c),Townsville/Whitsunday,1,8,0,0.049630908,0.319063293,5.52e-5,0.263837962
2357,1011,-20.9299,149.432,20279102104,20-279b,St Bees Island Reef (No 2),St Bees Island Reef (No 2) (20-279b),Mackay/Capricorn,1,9,0,0.424654841,1.707765345,0.39929597,0.273867268
2358,1011,-20.9338,149.4483,20279103104,20-279c,St Bees Island Reef (No 3),St Bees Island Reef (No 3) (20-279c),Mackay/Capricorn,1,9,0,0.175772945,0.581623337,0.094569169,0.251116139
2359,1011,-20.9346,149.4706,20280100104,20-280,Aspatria Reef,Aspatria Reef (20-280),Mackay/Capricorn,1,9,0,0.612128978,1.4424869,0.523050243,0.251116139
2360,1011,-20.9301,149.3888,20282100104,20-282,Wheatley Shoal,Wheatley Shoal (20-282),Mackay/Capricorn,1,9,0,0.289518687,0.249724407,0.002314993,0.267187156
2361,1011,-20.9321,149.4188,20283100104,20-283,Flimby Shoal,Flimby Shoal (20-283),Mackay/Capricorn,1,9,0,0.158354466,0.116093641,9.78241e-4,0.267187611
2362,1011,-20.9356,149.4813,20284100104,20-284,Hesket Reef,Hesket Reef (20-284),Mackay/Capricorn,1,9,0,0.080069591,0.19187811,0.062243409,0.263837962
2363,974,-20.5203,149.0607,20102105104,20-102i,Shaw Island Reef (No 5),Shaw Island Reef (No 5) (20-102i),Townsville/Whitsunday,1,8,1,0.435939125,1.865463796,0.644830887,0.269650283
2364,974,-20.5069,149.0705,20102106104,20-102e,Shaw Island Reef (No 6),Shaw Island Reef (No 6) (20-102e),Townsville/Whitsunday,1,8,1,0.026652758,0.219109974,0.001998331,0.267193331
2365,974,-20.4865,149.0899,20102107104,20-102f,Shaw Island Reef (No 7),Shaw Island Reef (No 7) (20-102f),Townsville/Whitsunday,1,8,1,0.143671775,0.77605651,0.429692016,0.268084507
2366,961,-20.3215,150.7057,20184100104,20-184,U/N Reef,U/N Reef (20-184),Mackay/Capricorn,3,9,0,0.099185573,0.533767056,0.037061238,0.292999814
2367,959,-20.3541,150.5844,20185101104,20-185a,U/N Reef,U/N Reef (20-185a),Mackay/Capricorn,3,9,0,15.82203189,30.28419524,23.83790844,0.372305396
2368,959,-20.3716,150.599,20185102104,20-185b,U/N Reef,U/N Reef (20-185b),Mackay/Capricorn,3,9,0,4.248850697,11.39460306,9.61146476,0.352239181
2369,974,-20.5519,149.1109,20234104104,20-234d,Thomas Reef (No 4),Thomas Reef (No 4) (20-234d),Townsville/Whitsunday,1,8,0,0.071549067,0.372786134,0.110788083,0.27372951
2370,974,-20.5465,149.1201,20234105104,20-234e,Thomas Reef (No 5),Thomas Reef (No 5) (20-234e),Townsville/Whitsunday,1,8,0,0.292845427,1.139217514,0.551144954,0.268349376
2371,974,-20.5411,149.1198,20234106104,20-234f,Thomas Reef (No 6),Thomas Reef (No 6) (20-234f),Townsville/Whitsunday,1,8,0,0.017684529,0.06959866,5.50492e-4,0.267185723
2372,974,-20.5483,149.1259,20234107104,20-234g,Thomas Reef (No 7),Thomas Reef (No 7) (20-234g),Townsville/Whitsunday,1,8,0,0.021962278,0.173942942,0.058372222,0.251116139
2373,1043,-20.9861,149.1513,20285100104,20-285,Green Reef,Green Reef (20-285),Mackay/Capricorn,1,9,0,2.507081626,7.637863508,4.987443764,0.273867268
2374,978,-20.5423,149.7512,20286100104,20-286,Parker Reef,Parker Reef (20-286),Townsville/Whitsunday,2,9,0,1.058828833,4.153347969,3.310945651,0.248224059
2375,978,-20.5402,149.9512,20287100104,20-287,Credlin Reefs (East),Credlin Reefs (East) (20-287),Townsville/Whitsunday,2,9,0,12.20141318,21.55912052,14.79712267,0.241135056
2376,978,-20.5597,149.9281,20288100104,20-288,Credlin Reefs (West),Credlin Reefs (West) (20-288),Townsville/Whitsunday,2,9,0,4.735761543,13.07072202,8.974794833,0.23613604
2377,974,-20.4836,149.099,20102108104,20-102g,Shaw Island Reef (No 8),Shaw Island Reef (No 8) (20-102g),Townsville/Whitsunday,1,8,1,0.154002797,0.80798653,0.521947086,0.258031025
2378,974,-20.4586,149.0865,20102109104,20-102h,Shaw Island Reef (No 9),Shaw Island Reef (No 9) (20-102h),Townsville/Whitsunday,1,8,1,0.153801055,0.615300022,0.359783162,0.261398043
2379,969,-20.442,149.0827,20102110104,20-102k,Shaw Island Reef (No 10),Shaw Island Reef (No 10) (20-102k),Townsville/Whitsunday,1,8,1,0.094931248,0.544695271,0.351164692,0.264675788
2380,969,-20.4509,149.0759,20102111104,20-102j,Shaw Island Reef (No 11),Shaw Island Reef (No 11) (20-102j),Townsville/Whitsunday,1,8,0,0.035168912,0.216525582,0.103624843,0.273867268
2381,969,-20.4272,149.0891,20102112104,20-102l,Shaw Island Reef (No 12),Shaw Island Reef (No 12) (20-102l),Townsville/Whitsunday,1,8,1,0.029768701,0.234896205,0.127635473,0.251116139
2382,924,-20.0148,149.8307,20103100104,20-103,U/N Reef,U/N Reef (20-103),Townsville/Whitsunday,2,8,0,3.410141892,9.725490725,7.214958504,0.300574656
2383,960,-20.3504,150.6565,20185103104,20-185c,U/N Reef,U/N Reef (20-185c),Mackay/Capricorn,3,9,0,23.64449796,33.5929062,18.42105785,0.345154044
2384,961,-20.3542,150.7129,20186100104,20-186,U/N Reef,U/N Reef (20-186),Mackay/Capricorn,3,9,0,11.08427526,17.01134299,12.01702459,0.336269763
2385,965,-20.3783,150.7524,20187100104,20-187,Muirhead Reef,Muirhead Reef (20-187),Mackay/Capricorn,3,9,0,22.74538045,25.7833924,17.25426747,0.296620437
2386,962,-20.3495,150.8092,20188100104,20-188,U/N Reef,U/N Reef (20-188),Mackay/Capricorn,3,9,0,0.342968337,1.377097863,0.788858062,0.293039365
2387,960,-20.3708,150.6838,20189100104,20-189,U/N Reef,U/N Reef (20-189),Mackay/Capricorn,3,9,0,0.071140578,0.406327018,0.187718116,0.266267313
2388,974,-20.5413,149.1057,20234108104,20-234h,Thomas Reef (No 8),Thomas Reef (No 8) (20-234h),Townsville/Whitsunday,1,8,0,0.025347566,0.153446403,0.068960081,0.251116139
2389,974,-20.5491,149.1331,20235100104,20-235,Fairlight Reef,Fairlight Reef (20-235),Townsville/Whitsunday,1,8,0,0.004374336,0.045801662,3.43382e-4,0.267198304
2390,974,-20.553,149.0777,20236100104,20-236,St Helen Reef,St Helen Reef (20-236),Townsville/Whitsunday,1,8,0,0.005402383,0.041530843,3.07248e-4,0.267187533
2391,998,-20.6649,149.1584,20237101104,20-237a,Goldsmith Island Reef (No 1),Goldsmith Island Reef (No 1) (20-237a),Mackay/Capricorn,1,9,0,0.040137584,0.240518073,0.018525266,0.251116139
2392,998,-20.6832,149.1441,20237102104,20-237b,Goldsmith Island Reef (No 2),Goldsmith Island Reef (No 2) (20-237b),Mackay/Capricorn,1,9,0,0.684399806,2.714609696,1.845993036,0.270834767
2393,1011,-20.7717,149.6204,20289100104,20-289,Calder Reef,Calder Reef (20-289),Mackay/Capricorn,1,9,0,0.669328334,1.799086809,1.130744761,0.259477745
2394,1011,-20.8546,149.6141,20290101104,20-290a,Scawfell Reef (No 1),Scawfell Reef (No 1) (20-290a),Mackay/Capricorn,1,9,1,0.693141222,1.829822908,1.068978305,0.256092947
2395,1011,-20.8645,149.5909,20290102104,20-290b,Scawfell Reef (No 2),Scawfell Reef (No 2) (20-290b),Mackay/Capricorn,1,9,0,0.452684574,1.702209218,0.881828679,0.251937577
2396,1055,-20.9509,149.7386,20291100104,20-291,Three Rocks Reef,Three Rocks Reef (20-291),Mackay/Capricorn,1,9,0,0.269220316,1.21480272,0.640391278,0.273850311
2397,924,-20.0641,149.812,20105100104,20-105,Square Reef,Square Reef (20-105),Townsville/Whitsunday,2,8,0,43.3828255,66.51533934,32.46900055,0.282106619
2398,925,-20.0362,149.9468,20106101104,20-106a,Peta Patches (No 1),Peta Patches (No 1) (20-106a),Townsville/Whitsunday,2,9,1,0.313173543,1.486662412,0.802921187,0.223841523
2399,925,-20.0316,149.9409,20106102104,20-106b,Peta Patches (No 2),Peta Patches (No 2) (20-106b),Townsville/Whitsunday,2,8,1,0.146041764,0.553527099,0.039957361,0.23225842
2400,925,-20.0405,149.9496,20106103104,20-106c,Peta Patches (No 3),Peta Patches (No 3) (20-106c),Townsville/Whitsunday,2,9,1,0.130932057,0.79406535600000006,0.536631692,0.219408916
2401,925,-20.034300000000002,149.9539,20106104104,20-106d,Peta Patches (No 4),Peta Patches (No 4) (20-106d),Townsville/Whitsunday,2,9,1,0.304377612,1.559472623,0.408453712,0.239609973
2402,925,-20.0577,149.9483,20107100104,20-107,U/N Reef,U/N Reef (20-107),Townsville/Whitsunday,2,9,1,0.273357701,1.155784914,0.073117092,0.23225842
2403,925,-20.0615,149.9596,20108100104,20-108,U/N Reef,U/N Reef (20-108),Townsville/Whitsunday,2,9,1,0.298590163,0.608760896,0.006307257,0.237745432
2404,925,-20.0626,149.9339,20109100104,20-109,U/N Reef,U/N Reef (20-109),Townsville/Whitsunday,2,9,1,1.318120369,1.78987255,0.796275428,0.254200831
2405,962,-20.3475,150.8528,20190100104,20-190,U/N Reef,U/N Reef (20-190),Mackay/Capricorn,3,9,0,3.686269076,3.989917203,2.978125951,0.29501471
2406,962,-20.3326,150.862,20191100104,20-191,U/N Reef,U/N Reef (20-191),Mackay/Capricorn,3,9,0,1.770387745,2.363381763,1.540672669,0.297551746
2407,966,-20.3978,150.583,20192100104,20-192,U/N Reef,U/N Reef (20-192),Mackay/Capricorn,3,9,0,4.969376191,11.68129492,6.515199353,0.294581723
2408,964,-20.3967,150.6152,20193100104,20-193,U/N Reef,U/N Reef (20-193),Mackay/Capricorn,3,9,0,4.733736239,13.00746916,11.80144531,0.45958813
2409,967,-20.4161,150.6853,20194101104,20-194a,U/N Reef,U/N Reef (20-194a),Mackay/Capricorn,3,9,0,39.3683937,39.07851274,25.84210119,0.339652117
2410,965,-20.4068,150.7222,20194102104,20-194b,U/N Reef,U/N Reef (20-194b),Mackay/Capricorn,3,9,0,0.221717493,1.148537304,0.377464928,0.294184705
2411,998,-20.6953,149.1423,20237103104,20-237c,Goldsmith Island Reef (No 3),Goldsmith Island Reef (No 3) (20-237c),Mackay/Capricorn,1,9,0,0.07078671,0.475969795,0.194209789,0.251116139
2412,998,-20.681,149.1593,20237104104,20-237d,Goldsmith Island Reef (No 4),Goldsmith Island Reef (No 4) (20-237d),Mackay/Capricorn,1,9,1,0.346833997,1.644878569,0.978579151,0.266904558
2413,998,-20.6911,149.1379,20237105104,20-237e,Goldsmith Island Reef (No 5),Goldsmith Island Reef (No 5) (20-237e),Mackay/Capricorn,1,9,0,0.082510762,0.548674666,0.354052209,0.260998564
2414,998,-20.67,149.1511,20237106104,20-237f,Goldsmith Island Reef (No 6),Goldsmith Island Reef (No 6) (20-237f),Mackay/Capricorn,1,9,0,0.219171648,0.717398779,0.431863332,0.268494798
2415,998,-20.6816,149.1384,20237107104,20-237g,U/N Reef,U/N Reef (20-237g),Mackay/Capricorn,1,9,0,0.142754957,0.477321376,0.059334141,0.251116139
2416,1055,-20.9866,149.7821,20292100104,20-292,Derwent Reef,Derwent Reef (20-292),Mackay/Capricorn,1,9,0,0.520156404,1.257525122,0.811481489,0.255370332
2417,1055,-20.9883,149.798,20293100104,20-293,Skull Rock Reef,Skull Rock Reef (20-293),Mackay/Capricorn,1,9,0,0.081863974,0.325163104,0.159952935,0.263837962
2418,979,-20.5644,150.0519,20294100104,20-294,(Little) Stevens Reef,(Little) Stevens Reef (20-294),Townsville/Whitsunday,2,9,0,35.99601208,57.71376301,25.96089039,0.296985509
2419,925,-20.1017,149.9261,20110100104,20-110,U/N Reef,U/N Reef (20-110),Townsville/Whitsunday,2,9,1,0.327212461,1.400443544,0.661689316,0.248474539
2420,926,-20.0546,149.9922,20111100104,20-111,Edgell Reefs (No 2),Edgell Reefs (No 2) (20-111),Townsville/Whitsunday,2,9,1,13.10455969,7.832955374,2.22829468,0.259955313
2421,935,-20.1345,149.9369,20112100104,20-112,Edgell Reefs (No 5),Edgell Reefs (No 5) (20-112),Townsville/Whitsunday,2,9,1,12.51912572,26.00195825,15.42585615,0.24478483
2422,927,-20.0069,150.3203,20113100104,20-113,Ben Reef,Ben Reef (20-113),Townsville/Whitsunday,3,9,0,0.74986148,2.521499272,1.758988712,0.297558965
2423,918,-20.0071,150.2612,20114100104,20-114,U/N Reef,U/N Reef (20-114),Townsville/Whitsunday,3,9,0,0.2379797,1.022049549,0.157282668,0.30025842
2424,965,-20.4134,150.7518,20194103104,20-194c,U/N Reef,U/N Reef (20-194c),Mackay/Capricorn,3,9,0,1.809384723,4.55398973,2.78416268,0.291620583
2425,968,-20.4184,150.9115,20195100104,20-195,U/N Reef,U/N Reef (20-195),Mackay/Capricorn,3,9,1,0.292519907,1.029486394,0.574557113,0.292999814
2426,968,-20.4146,150.9311,20196100104,20-196,U/N Reef,U/N Reef (20-196),Mackay/Capricorn,3,9,1,0.781675299,2.084222906,0.071279414,0.296671358
2427,967,-20.4467,150.7262,20197100104,20-197,U/N Reef,U/N Reef (20-197),Mackay/Capricorn,3,9,0,4.698802292,9.996738447,7.207532316,0.307401029
2428,968,-20.5077,150.9647,20511100104,20-511,U/N Reef,U/N Reef (20-511),Mackay/Capricorn,3,9,1,1.612073129,1.097827173,0.419363035,0.292999814
2429,990,-20.5875,149.1114,20238100104,20-238,Silversmith Reef,Silversmith Reef (20-238),Mackay/Capricorn,1,8,0,0.243314234,0.69198237,0.007285099,0.26719558
2430,990,-20.6817,149.0974,20239100104,20-239,Pincer Reef,Pincer Reef (20-239),Mackay/Capricorn,1,9,0,0.094206053,0.289896989,0.068947092,0.263837962
2431,939,-20.3035,149.0689,20082100104,20-082,Teague Reef,Teague Reef (20-082),Townsville/Whitsunday,1,8,0,0.222715787,1.072830604,0.638402905,0.273867268
2432,954,-20.3551,149.0264,20083100104,20-083,Surprise Rock Reef,Surprise Rock Reef (20-083),Townsville/Whitsunday,1,8,0,0.001326162,0.013867846,8.96e-5,0.267204105
2433,918,-20.0264,150.243,20115100104,20-115,Little Bugatti (Wheatley) Reef,Little Bugatti (Wheatley) Reef (20-115),Townsville/Whitsunday,3,9,0,15.06968513,24.95890512,9.787027222,0.300746914
2434,926,-20.0237,150.0143,20116100104,20-116,Edgell Reefs (No 1),Edgell Reefs (No 1) (20-116),Townsville/Whitsunday,2,9,1,0.233934482,1.263424361,0.903882811,0.220774778
2435,926,-20.0677,150.0239,20117100104,20-117,Edgell Reefs (No 3),Edgell Reefs (No 3) (20-117),Townsville/Whitsunday,2,9,1,16.3840742,24.1672256,6.739641911,0.239529902
2436,927,-20.0532,150.4271,20118100104,20-118,U/N Reef,U/N Reef (20-118),Mackay/Capricorn,3,9,0,1.552937562,3.440473567,1.324173322,0.288421432
2437,932,-20.0867,150.4166,20119100104,20-119,U/N Reef,U/N Reef (20-119),Mackay/Capricorn,3,9,0,20.84755251,38.67365128,23.36065507,0.302045976
2438,918,-20.1023,150.1956,20120100104,20-120,Wup Reef,Wup Reef (20-120),Townsville/Whitsunday,2,9,0,2.109692847,5.947394866,2.842327304,0.233412664
2439,927,-20.0839,150.3946,20121100104,20-121,U/N Reef,U/N Reef (20-121),Mackay/Capricorn,3,9,0,0.257719924,1.320765986,0.402725123,0.271996584
2440,932,-20.0735,150.4667,20122100104,20-122,U/N Reef,U/N Reef (20-122),Mackay/Capricorn,3,9,0,0.082142502,0.19067065,0.107809583,0.30025842
2441,968,-20.4727,150.8461,20199100104,20-199,U/N Reef,U/N Reef (20-199),Mackay/Capricorn,3,9,1,0.219504389,1.200253688,0.621932594,0.298592194
2442,976,-20.5183,150.601,20200100104,20-200,U/N Reef,U/N Reef (20-200),Mackay/Capricorn,3,9,0,81.03189993,115.5801532,16.21139554,0.31303194
2443,977,-20.4858,150.7173,20201100104,20-201,U/N Reef,U/N Reef (20-201),Mackay/Capricorn,3,9,0,1.547140283,5.321280363,2.526393861,0.303058879
2444,968,-20.4959,150.8294,20202100104,20-202,U/N Reef,U/N Reef (20-202),Mackay/Capricorn,3,9,0,0.735923214,3.097992539,2.051265342,0.314600792
2445,963,-20.5034,148.819,20203100104,20-203,Defiance (Dalys) Island Reef,Defiance (Dalys) Island Reef (20-203),Townsville/Whitsunday,1,8,0,0.074947935,0.383279754,0.104734771,0.273867268
2446,963,-20.5094,148.809,20204101104,20-204a,Defiance Reefs (North),Defiance Reefs (North) (20-204a),Townsville/Whitsunday,1,8,0,0.021715183,0.188662093,0.001687893,0.267199637
2447,990,-20.6158,149.0638,20241100104,20-241,Anchorsmith Reef,Anchorsmith Reef (20-241),Mackay/Capricorn,1,8,0,0.081021626,0.519727421,0.116032467,0.251116139
2448,998,-20.6011,149.1862,20242100104,20-242,Blackcombe Reef,Blackcombe Reef (20-242),Mackay/Capricorn,1,9,0,0.253463185,0.456870779,0.136362508,0.263837962
2449,990,-20.6258,149.0725,20243100104,20-243,Anvil Reef,Anvil Reef (20-243),Mackay/Capricorn,1,8,0,0.043446999,0.205390951,0.011204728,0.263837962
2450,998,-20.6157,149.1816,20244100104,20-244,Carondelet Reef,Carondelet Reef (20-244),Mackay/Capricorn,1,9,0,0.130876691,0.546363334,0.005584747,0.267194752
2451,969,-20.3991,149.0285,20085100104,20-085,Pentecost Reef,Pentecost Reef (20-085),Townsville/Whitsunday,1,8,0,0.300720902,1.040833091,0.287404475,0.262994906
2452,932,-20.0774,150.4501,20123100104,20-123,U/N Reef,U/N Reef (20-123),Mackay/Capricorn,3,9,0,0.191568557,0.676168628,0.020089258,0.296671357
2453,932,-20.0884,150.4817,20124100104,20-124,U/N Reef,U/N Reef (20-124),Mackay/Capricorn,3,9,0,0.127682701,0.488789023,0.013944845,0.296671359
2454,932,-20.121,150.427,20125100104,20-125,U/N Reef,U/N Reef (20-125),Mackay/Capricorn,3,9,0,5.422329981,12.12063321,8.840256994,0.381559709
2455,936,-20.1501,150.3856,20126100104,20-126,U/N Reef,U/N Reef (20-126),Mackay/Capricorn,3,9,0,23.74127825,45.20660197,16.28994929,0.329897057
2456,931,-20.1009,150.3165,20127100104,20-127,Bugatti Reef,Bugatti Reef (20-127),Townsville/Whitsunday,3,9,0,29.49465048,43.28302997,19.90702167,0.338503145
2457,934,-20.144,149.4822,201271000000,20-1271,Callum Shoal,Callum Shoal (20-1271),Townsville/Whitsunday,2,8,0,18.19454867,23.22119201,0.664656548,0.239837962
2458,963,-20.5143,148.808,20204102104,20-204b,Defiance Reefs (South),Defiance Reefs (South) (20-204b),Townsville/Whitsunday,1,8,0,0.049196126,0.348199047,0.003364368,0.267191201
2459,969,-20.5284,148.9286,20205100104,20-205,U/N Reef,U/N Reef (20-205),Townsville/Whitsunday,1,8,0,0.114630368,0.271033671,0.118354651,0.273867268
2460,969,-20.528,148.936,20206100104,20-206,Ripple Rocks Reef,Ripple Rocks Reef (20-206),Townsville/Whitsunday,1,8,0,0.02048233,0.166459841,0.00146631,0.26719553
2461,990,-20.6446,149.0711,20245100104,20-245,Blacksmith Reef,Blacksmith Reef (20-245),Mackay/Capricorn,1,8,0,0.061946562,0.415280745,0.094399228,0.251116139
2462,990,-20.6461,149.0618,20246100104,20-246,Hammer Reef,Hammer Reef (20-246),Mackay/Capricorn,1,8,0,0.13257517,0.633015505,0.052415122,0.251116139
2463,969,-20.4229,149.0069,20086100104,20-086,Cole Island Reef,Cole Island Reef (20-086),Townsville/Whitsunday,1,8,0,0.213659599,1.071541388,0.063069447,0.251116139
2464,929,-20.1205,150.0097,20128100104,20-128,Edgell Reefs (No 4),Edgell Reefs (No 4) (20-128),Townsville/Whitsunday,2,9,1,25.61863101,41.89297276,11.85403869,0.284806988
2465,940,-20.1897,150.0723,20129100104,20-129,Henderson Reefs,Henderson Reefs (20-129),Townsville/Whitsunday,2,9,1,116.2891955,115.74978779999999,44.74508975,0.32820891
2466,936,-20.1741,150.3691,20130100104,20-130,U/N Reef,U/N Reef (20-130),Mackay/Capricorn,3,9,0,1.925725445,5.398639484,3.0323302070000002,0.289381686
2467,937,-20.1413,150.446,20131100104,20-131,U/N Reef,U/N Reef (20-131),Mackay/Capricorn,3,9,0,12.80658807,24.12337536,17.14358924,0.368288955
2468,969,-20.5416,148.9258,20207100104,20-207,Cape Rock Reef,Cape Rock Reef (20-207),Townsville/Whitsunday,1,8,0,0.005747411,0.044819992,3.35102e-4,0.267190181
2469,969,-20.5817,148.8623,20208100104,20-208,North Repulse Reef,North Repulse Reef (20-208),Townsville/Whitsunday,1,8,0,0.117771347,0.451621642,0.060462871,0.273867268
2470,990,-20.6626,149.0882,20247100104,20-247,Ladysmith Reef,Ladysmith Reef (20-247),Mackay/Capricorn,1,9,0,0.016624692,0.109883452,9.196e-4,0.267190055
2471,998,-20.6524,149.154,20248100104,20-248,Locksmith Reef,Locksmith Reef (20-248),Mackay/Capricorn,1,9,0,0.018178914,0.095551786,7.8573e-4,0.267197424
2472,998,-20.6463,149.2266,20249100104,20-249,Geranium Shoal,Geranium Shoal (20-249),Mackay/Capricorn,1,9,0,0.20657565,0.135097296,0.001159745,0.267190449
2473,990,-20.6637,149.0707,20250100104,20-250,Bellows Reef,Bellows Reef (20-250),Mackay/Capricorn,1,9,0,0.012219745,0.042995531,8.87337e-4,0.263837962
2474,990,-20.6735,149.095,20251100104,20-251,Forge Reef,Forge Reef (20-251),Mackay/Capricorn,1,9,0,0.426452983,0.100307583,8.28799e-4,0.267199452
2475,998,-20.6761,149.141,20252100104,20-252,Farrier Reef,Farrier Reef (20-252),Mackay/Capricorn,1,9,0,0.074035868,0.31783576,0.141813568,0.251116139
2476,969,-20.4211,149.0161,20087100104,20-087,Anne Island Reef,Anne Island Reef (20-087),Townsville/Whitsunday,1,8,0,0.048022866,0.328393043,0.01675591,0.263837962
2477,939,-20.1436,149.072,20088100104,20-088,Jester Reef,Jester Reef (20-088),Townsville/Whitsunday,1,8,0,0.011611291,0.078678313,6.31336e-4,0.267209866
2478,942,-20.1929,150.472,20132100104,20-132,U/N Reef,U/N Reef (20-132),Mackay/Capricorn,3,9,0,51.96648181,74.3302777,45.5505827,0.322549111
2479,969,-20.5989,148.8773,20209100104,20-209,East Repulse Reef,East Repulse Reef (20-209),Townsville/Whitsunday,1,8,0,0.359617094,1.17737216,0.465025213,0.273867268
2480,990,-20.6116,148.8673,20210100104,20-210,South Repulse Reef,South Repulse Reef (20-210),Townsville/Whitsunday,1,8,0,0.421755929,1.546016538,0.890193022,0.273867268
2481,963,-20.628,148.7221,20211100104,20-211,U/N Reef,U/N Reef (20-211),Townsville/Whitsunday,1,8,0,0.654251498,2.875876265,1.185227758,0.273641584
2482,963,-20.6464,148.7313,20212100104,20-212,U/N Reef,U/N Reef (20-212),Townsville/Whitsunday,1,8,0,0.139138772,0.81342788,0.331512931,0.273867268
2483,990,-20.672,148.7601,20213100104,20-213,Gould Island Reef,Gould Island Reef (20-213),Mackay/Capricorn,1,8,0,0.172079704,0.825983188,0.266908867,0.263218169
2484,998,-20.6766,149.1894,20253101104,20-253a,Linne Island Reef (No 1),Linne Island Reef (No 1) (20-253a),Mackay/Capricorn,1,9,0,0.120252379,0.648892574,0.379575093,0.263837962
2485,998,-20.6887,149.1853,20253102104,20-253b,Linne Island Reef (No 2),Linne Island Reef (No 2) (20-253b),Mackay/Capricorn,1,9,0,0.116921899,0.644929245,0.3747439,0.251116139
2486,998,-20.6822,149.1822,20253103104,20-253c,Linne Island Reef (No 3),Linne Island Reef (No 3) (20-253c),Mackay/Capricorn,1,9,0,0.110275576,0.655481518,0.432482506,0.262658852
2487,998,-20.6764,149.1768,20253104104,20-253d,Linne Island Reef (No 4),Linne Island Reef (No 4) (20-253d),Mackay/Capricorn,1,9,0,0.082242189,0.47114607,0.274796048,0.264895015
2488,939,-20.1553,149.0711,20089100104,20-089,Deloraine Reef,Deloraine Reef (20-089),Townsville/Whitsunday,1,8,0,0.472662509,2.07462349,1.206984987,0.266835465
2489,950,-20.2958,150.1033,20134100104,20-134,Hunt Reef,Hunt Reef (20-134),Townsville/Whitsunday,2,9,1,36.55922822,53.94522592,48.29947,0.402704844
2490,950,-20.3428,150.1326,20135100104,20-135,Robertson Reefs (No 1),Robertson Reefs (No 1) (20-135),Townsville/Whitsunday,2,9,1,9.169121733,18.5077251,9.974438722,0.353263596
2491,955,-20.3497,150.0677,20136100104,20-136,Robertson Reefs (No 2),Robertson Reefs (No 2) (20-136),Townsville/Whitsunday,2,9,1,6.296143664,12.34222899,3.446238294,0.245186021
2492,990,-20.6868,148.7586,20214100104,20-214,Midge Reef,Midge Reef (20-214),Mackay/Capricorn,1,8,0,0.181515212,1.011271638,0.14922238,0.273867268
2493,990,-20.6961,148.7402,20215100104,20-215,U/N Reef,U/N Reef (20-215),Mackay/Capricorn,1,8,0,0.258827379,1.369878418,0.352536383,0.271998784
2494,990,-20.7296,148.778,20216100104,20-216,U/N Reef,U/N Reef (20-216),Mackay/Capricorn,1,8,1,0.272867324,1.191117156,0.679824078,0.26809191
2495,990,-20.7511,148.7927,20217100104,20-217,U/N Reef,U/N Reef (20-217),Mackay/Capricorn,1,8,1,0.264300419,1.393003265,0.066637134,0.273867268
2496,990,-20.767,148.7948,20218100104,20-218,U/N Reef,U/N Reef (20-218),Mackay/Capricorn,1,8,1,0.458660865,1.74862044,0.818913424,0.273867268
2497,990,-20.7824,148.8546,20219101104,20-219a,Cave Reef,Cave Reef (20-219a),Mackay/Capricorn,1,8,1,0.03577072,0.230338719,0.006752477,0.273867268
2498,998,-20.6995,149.201,20254100104,20-254,Tinsmith Reef,Tinsmith Reef (20-254),Mackay/Capricorn,1,9,0,0.299544384,1.491103867,0.931144255,0.261261927
2499,998,-20.6983,149.2065,20255100104,20-255,Solder Reef,Solder Reef (20-255),Mackay/Capricorn,1,9,0,0.098390264,0.574051527,0.209818317,0.263837962
2500,998,-20.7063,149.1415,20257101104,20-257a,U/N Reef,U/N Reef (20-257a),Mackay/Capricorn,1,9,0,0.048458211,0.349117445,0.147500656,0.254742501
2501,969,-20.4317,149.0315,20090101104,20-090a,Lindeman Island Reef (No 1),Lindeman Island Reef (No 1) (20-090a),Townsville/Whitsunday,1,8,0,0.726991735,2.028384613,1.460547813,0.272395657
2502,969,-20.4458,149.0288,20090102104,20-090b,Lindeman Island Reef (No 2),Lindeman Island Reef (No 2) (20-090b),Townsville/Whitsunday,1,8,0,0.170465589,0.785280119,0.519671066,0.273867268
2503,969,-20.4557,149.051,20090103104,20-090c,Lindeman Island Reef (No 3),Lindeman Island Reef (No 3) (20-090c),Townsville/Whitsunday,1,8,0,0.547832511,2.25891512,1.071486536,0.273014778
2504,969,-20.4365,149.0424,20090104104,20-090d,Lindeman Island Reef (No 4),Lindeman Island Reef (No 4) (20-090d),Townsville/Whitsunday,1,8,1,0.20301953,1.092279867,0.552459371,0.267312005
2505,955,-20.3489,150.0961,20137100104,20-137,Robertson Reefs (No 3),Robertson Reefs (No 3) (20-137),Townsville/Whitsunday,2,9,1,3.266017187,9.924982522,6.627687602,0.351819458
2506,956,-20.3421,150.1979,20138100104,20-138,Bax Reef,Bax Reef (20-138),Townsville/Whitsunday,2,9,1,62.13898806,88.47377462,35.52983056,0.352970519
2507,955,-20.3685,150.0733,20139100104,20-139,Robertson Reefs (No 4),Robertson Reefs (No 4) (20-139),Townsville/Whitsunday,2,9,1,0.380799175,1.222882268,0.220856245,0.334659098
2508,956,-20.4014,150.1253,20140100104,20-140,Nixon Reef,Nixon Reef (20-140),Townsville/Whitsunday,2,9,1,1.378157812,3.015667356,1.376926494,0.280837184
2509,956,-20.4071,150.2015,20141100104,20-141,U/N Reef,U/N Reef (20-141),Townsville/Whitsunday,2,9,1,0.615658781,1.26897349,0.014411934,0.237745431
2510,990,-20.7887,148.8438,20219102104,20-219b,Pigeon Reef,Pigeon Reef (20-219b),Mackay/Capricorn,1,8,1,3.999679868,11.10031911,7.208426487,0.273817842
2511,990,-20.7949,148.8796,20220100104,20-220,High Islands Reef (North),High Islands Reef (North) (20-220),Mackay/Capricorn,1,8,0,0.141829293,0.096361857,7.93725e-4,0.267188161
2512,998,-20.7105,149.1396,20257102104,20-257b,Ingot Island Reef,Ingot Island Reef (20-257b),Mackay/Capricorn,1,9,0,0.154255021,0.769882922,0.466596846,0.251116139
2513,998,-20.7232,149.1549,20258100104,20-258,Specie Shoal,Specie Shoal (20-258),Mackay/Capricorn,1,9,0,0.15246104,0.810476467,0.009203831,0.263837962
2514,998,-20.6935,149.1275,20259100104,20-259,Io Reef,Io Reef (20-259),Mackay/Capricorn,1,9,0,0.009967075,0.03841429,2.81588e-4,0.267195074
2515,998,-20.7391,149.1491,20260100104,20-260,Bullion Rocks Reef,Bullion Rocks Reef (20-260),Mackay/Capricorn,1,9,0,0.115437712,0.711874668,0.358063857,0.259463063
2516,998,-20.7325,149.2324,20261100104,20-261,Coffin Reef,Coffin Reef (20-261),Mackay/Capricorn,1,9,0,0.098656783,0.111867101,0.034327792,0.263837962
2517,969,-20.4467,149.0581,20090105104,20-090e,Lindeman Island Reef (No 5),Lindeman Island Reef (No 5) (20-090e),Townsville/Whitsunday,1,8,0,0.138842665,0.416843372,0.004119049,0.267196335
2518,969,-20.4353,149.102,20091100104,20-091,Baynham Reef,Baynham Reef (20-091),Townsville/Whitsunday,1,8,1,0.036170882,0.252736872,0.047374002,0.251116139
2519,969,-20.4489,149.01,20092100104,20-092,Sidney Reef,Sidney Reef (20-092),Townsville/Whitsunday,1,8,0,0.00913035,0.069622747,0.006066456,0.263837962
2520,957,-20.4021,150.2367,20142100104,20-142,U/N Reef,U/N Reef (20-142),Townsville/Whitsunday,2,9,1,2.171830511,6.850422902,5.432045749,0.32542089
2521,970,-20.4461,150.2406,20143100104,20-143,U/N Reef,U/N Reef (20-143),Townsville/Whitsunday,2,9,0,1.409573965,5.247380721,2.895171353,0.298468464
2522,970,-20.4811,150.1515,20144100104,20-144,Cannan Reef,Cannan Reef (20-144),Townsville/Whitsunday,2,9,0,2.171083708,6.356790572,2.073033077,0.283639955
2523,970,-20.475,150.2041,20145100104,20-145,Packer Reefs,Packer Reefs (20-145),Townsville/Whitsunday,2,9,0,2.79384301,6.66813314,2.481645519,0.239717113
2524,957,-20.468,150.2905,20146100104,20-146,Boulton Reef,Boulton Reef (20-146),Townsville/Whitsunday,2,9,0,20.61062022,34.25502883,10.77945561,0.289057987
2525,933,-20.0305,150.5469,20147100104,20-147,U/N Reef,U/N Reef (20-147),Mackay/Capricorn,3,9,1,0.679745382,2.387695423,1.348126758,0.300186795
2526,990,-20.8049,148.8723,20221100104,20-221,High Islands Reef (South),High Islands Reef (South) (20-221),Mackay/Capricorn,1,9,0,0.3372886,0.422696883,0.004183852,0.267197466
2527,990,-20.8246,148.8419,20222100104,20-222,Carpet Snake Reef,Carpet Snake Reef (20-222),Mackay/Capricorn,1,9,0,0.401916988,1.667764028,0.831530389,0.273867268
2528,990,-20.8222,148.8812,20223100104,20-223,Low Rock Reef,Low Rock Reef (20-223),Mackay/Capricorn,1,9,0,0.137645899,0.826579204,0.008897832,0.267194578
2529,990,-20.8209,148.9005,20224100104,20-224,Croaker Reef,Croaker Reef (20-224),Mackay/Capricorn,1,9,0,0.340073576,0.701716568,0.001679507,0.263837962
2530,1011,-20.7421,149.4698,20262101104,20-262a,Wigton Island Reef (No 1),Wigton Island Reef (No 1) (20-262a),Mackay/Capricorn,1,9,0,0.538191027,2.31337183,1.78695724,0.26522073
2531,1011,-20.7403,149.4846,20262102104,20-262b,Wigton Island Reef (No 2),Wigton Island Reef (No 2) (20-262b),Mackay/Capricorn,1,9,0,0.256564227,0.534365158,0.343681328,0.261214951
2532,1011,-20.7669,149.4358,20263100104,20-263,Silloth Reef,Silloth Reef (20-263),Mackay/Capricorn,1,9,0,0.706942722,1.441019913,0.98391908,0.251400351
2533,998,-20.7525,149.1618,20264100104,20-264,Allonby Reef,Allonby Reef (20-264),Mackay/Capricorn,1,9,0,0.24132406,1.010803526,0.545012364,0.251116139
2534,974,-20.4637,149.1063,20093100104,20-093,Comston Reef,Comston Reef (20-093),Townsville/Whitsunday,1,8,1,0.102743225,0.554223045,0.173738601,0.251116139
2535,932,-20.0727,150.5078,20148100104,20-148,U/N Reef,U/N Reef (20-148),Mackay/Capricorn,3,9,1,0.574279598,0.145879021,0.079768235,0.292999814
2536,932,-20.0846,150.5033,20149100104,20-149,U/N Reef,U/N Reef (20-149),Mackay/Capricorn,3,9,1,0.362949013,0.007539396,4.52e-5,0.296672422
2537,933,-20.0694,150.5973,20150100104,20-150,U/N Reef,U/N Reef (20-150),Mackay/Capricorn,3,9,1,0.109232652,0.622571048,0.02211636,0.292999814
2538,933,-20.0754,150.5544,20151100104,20-151,U/N Reef,U/N Reef (20-151),Mackay/Capricorn,3,9,1,0.13560705,0.512967864,0.014723243,0.296671358
2539,933,-20.0801,150.6312,20152100104,20-152,U/N Reef,U/N Reef (20-152),Mackay/Capricorn,3,9,1,0.31489486,1.22554039,0.231572387,0.30025842
2540,932,-20.095,150.5124,20153100104,20-153,U/N Reef,U/N Reef (20-153),Mackay/Capricorn,3,9,1,0.366424538,1.136119033,0.036016688,0.296671357
2541,932,-20.1069,150.4971,20154100104,20-154,U/N Reef,U/N Reef (20-154),Mackay/Capricorn,3,9,0,0.374180189,0.042284841,3.13752e-4,0.29667397
2542,933,-20.1031,150.5774,20155100104,20-155,U/N Reef,U/N Reef (20-155),Mackay/Capricorn,3,9,1,1.599901955,1.743478244,0.497960364,0.293006392
2543,933,-20.1253,150.6442,20156100104,20-156,U/N Reef,U/N Reef (20-156),Mackay/Capricorn,3,9,1,4.363480256,0.276048511,0.102089156,0.292999814
2544,933,-20.1409,150.6906,20157100104,20-157,U/N Reef,U/N Reef (20-157),Mackay/Capricorn,3,9,1,0.16872587,0.693223104,0.14127226,0.292999814
2545,942,-20.1622,150.521,20158100104,20-158,U/N Reef,U/N Reef (20-158),Mackay/Capricorn,3,9,1,0.164672687,0.426420377,0.088743883,0.297687456
2546,933,-20.1646,150.7353,20159100104,20-159,U/N Reef,U/N Reef (20-159),Mackay/Capricorn,3,9,1,0.259161386,0.931251562,0.278795296,0.292999814
2547,933,-20.166,150.6586,20160100104,20-160,U/N Reef,U/N Reef (20-160),Mackay/Capricorn,3,9,1,0.315403355,1.336500133,0.710748554,0.298923932
2548,990,-20.828,148.8966,20225100104,20-225,Rabbit Reef,Rabbit Reef (20-225),Mackay/Capricorn,1,9,0,0.243972564,1.306612009,0.169641021,0.273867268
2549,990,-20.8416,148.9271,20226100104,20-226,Fish Reef,Fish Reef (20-226),Mackay/Capricorn,1,9,0,0.202116925,0.517540117,0.005254427,0.267194649
2550,998,-20.7595,149.2714,20266100104,20-266,Maryport Reef,Maryport Reef (20-266),Mackay/Capricorn,1,9,1,0.048508374,0.26590537400000003,0.057675761,0.263837962
2551,998,-20.7646,149.2706,20267100104,20-267,Edgell Rock Reef,Edgell Rock Reef (20-267),Mackay/Capricorn,1,9,1,0.035895025,0.209284433,0.112718358,0.263837962
2552,998,-20.7733,149.2595,20268100104,20-268,Baxendell Shoal,Baxendell Shoal (20-268),Mackay/Capricorn,1,9,0,0.730251105,1.623430398,0.010195892,0.263837962
2553,1011,-20.7787,149.3975,20269100104,20-269,Cockermouth Reef,Cockermouth Reef (20-269),Mackay/Capricorn,1,9,0,1.874906713,3.74280901,2.690991635,0.271338957
2554,969,-20.4699,149.0358,20095100104,20-095,Seaforth Reef,Seaforth Reef (20-095),Townsville/Whitsunday,1,8,0,0.159346066,0.652100509,0.220749257,0.273867268
2555,974,-20.4713,149.1262,20096100104,20-096,Mansell Reef,Mansell Reef (20-096),Townsville/Whitsunday,1,8,1,0.291580391,0.969156872,0.502765975,0.251116139
2556,942,-20.1799,150.5355,20161100104,20-161,U/N Reef,U/N Reef (20-161),Mackay/Capricorn,3,9,1,0.414089328,0.830282191,0.163547841,0.292368351
2557,933,-20.1905,150.6262,20162100104,20-162,U/N Reef,U/N Reef (20-162),Mackay/Capricorn,3,9,1,0.156771317,0.576133493,0.016778011,0.296671357
2558,947,-20.2008,150.5607,20163100104,20-163,U/N Reef,U/N Reef (20-163),Mackay/Capricorn,3,9,1,1.341443135,2.406636967,0.79776741,0.29392983
2559,947,-20.2053,150.6434,20164100104,20-164,U/N Reef,U/N Reef (20-164),Mackay/Capricorn,3,9,1,0.1658931,0.602816443,0.017654697,0.296671358
2560,933,-20.2039,150.7104,20165100104,20-165,U/N Reef,U/N Reef (20-165),Mackay/Capricorn,3,9,1,1.664370606,2.723598875,1.146112693,0.298611043
2561,947,-20.2248,150.5479,20166100104,20-166,U/N Reef,U/N Reef (20-166),Mackay/Capricorn,3,9,1,4.312860905,4.286286923,2.591459208,0.29871369
2562,1043,-20.8609,148.9395,20227100104,20-227,Mausoleum Reef,Mausoleum Reef (20-227),Mackay/Capricorn,1,9,1,0.143355875,0.740213254,0.17942186,0.273867268
2563,990,-20.8461,148.9187,20228100104,20-228,Newry Reef,Newry Reef (20-228),Mackay/Capricorn,1,9,0,0.087531022,0.524083183,0.026012845,0.273867268
2564,1011,-20.8011,149.2813,20270101104,20-270a,Carlisle Reef,Carlisle Reef (20-270a),Mackay/Capricorn,1,9,1,3.274476318,8.659104776,6.256472855,0.270910528
2565,969,-20.4857,149.0545,20098100104,20-098,Brush Island Reef,Brush Island Reef (20-098),Townsville/Whitsunday,1,8,0,0.023780038,0.125310213,0.001065187,0.26719247
2566,969,-20.4223,149.0318,20099100104,20-099,Little Lindeman Reef,Little Lindeman Reef (20-099),Townsville/Whitsunday,1,8,0,0.069205031,0.465243196,0.29408852,0.264407389
2567,946,-20.2592,150.5127,20167100104,20-167,U/N Reef,U/N Reef (20-167),Mackay/Capricorn,3,9,0,31.55284663,45.98448553,33.43200458,0.349559537
2568,953,-20.2307,150.654,20168100104,20-168,U/N Reef,U/N Reef (20-168),Mackay/Capricorn,3,9,1,0.516910823,1.801327208,1.113975888,0.296142819
2569,961,-20.2412,150.7452,20170100104,20-170,U/N Reef,U/N Reef (20-170),Mackay/Capricorn,3,9,0,1.14648821,2.770181317,1.74700401,0.294917054
2570,961,-20.229,150.7649,20171100104,20-171,U/N Reef,U/N Reef (20-171),Mackay/Capricorn,3,9,0,0.964354632,1.902138799,0.800580747,0.292999814
2571,1043,-20.8708,148.9599,20229100104,20-229,Red Cliff Islands Reef,Red Cliff Islands Reef (20-229),Mackay/Capricorn,1,9,0,1.120456171,3.161504779,1.671074027,0.271452446
2572,1043,-20.8914,148.9915,20230100104,20-230,U/N Reef,U/N Reef (20-230),Mackay/Capricorn,1,9,0,0.822188468,0.817607831,0.138653753,0.273867268
2573,1011,-20.8162,149.267,20270102104,20-270b,Brampton Reef,Brampton Reef (20-270b),Mackay/Capricorn,1,9,0,2.15256627,6.683597494,4.60782951,0.264110754
2574,1011,-20.8434,149.2814,20272100104,20-272,Bolton Shoal,Bolton Shoal (20-272),Mackay/Capricorn,1,9,0,0.162027953,0.554303045,0.125894636,0.263837962
2575,1043,-20.8605,149.2438,20273100104,20-273,Fantome Rocks,Fantome Rocks (20-273),Mackay/Capricorn,1,9,0,0.834881505,0.022105768,1.51293e-4,0.2671976
2576,1043,-20.8986,149.0332,20274100104,20-274,U/N Reef,U/N Reef (20-274),Mackay/Capricorn,1,9,1,0.854243408,0.227614017,0.100325709,0.273867268
2577,1043,-20.9172,149.0589,20275100104,20-275,Wedge Island Reef,Wedge Island Reef (20-275),Mackay/Capricorn,1,9,0,0.226802976,0.848126874,0.009159224,0.267194471
2578,1011,-20.9136,149.3551,20276100104,20-276,Hyde Rock Reef,Hyde Rock Reef (20-276),Mackay/Capricorn,1,9,0,0.10194675,0.447467768,0.004461355,0.267192574
2579,974,-20.4901,149.111,20100100104,20-100,Triangle Island Reef,Triangle Island Reef (20-100),Townsville/Whitsunday,1,8,1,0.046812038,0.295710167,0.002799621,0.267196138
2580,969,-20.474,149.0599,20101100104,20-101,Yellow Rock Reef,Yellow Rock Reef (20-101),Townsville/Whitsunday,1,8,0,0.023023695,0.153315997,0.001337465,0.267190563
2581,969,-20.4368,149.0809,20102101104,20-102a,Shaw Island Reef (No 1),Shaw Island Reef (No 1) (20-102a),Townsville/Whitsunday,1,8,1,0.312434604,1.146744754,0.650988993,0.264195339
2582,947,-20.2817,150.5596,20172100104,20-172,U/N Reef,U/N Reef (20-172),Mackay/Capricorn,3,9,0,18.16411058,33.47504123,28.35944808,0.338409272
2583,961,-20.2568,150.7111,20173100104,20-173,U/N Reef,U/N Reef (20-173),Mackay/Capricorn,3,9,0,0.085812141,0.258254847,0.002404457,0.296671601
2584,953,-20.2753,150.6426,20174100104,20-174,U/N Reef,U/N Reef (20-174),Mackay/Capricorn,3,9,0,0.110582588,0.439150999,0.076061908,0.292999814
2585,961,-20.2593,150.74,20175100104,20-175,U/N Reef,U/N Reef (20-175),Mackay/Capricorn,3,9,0,0.351044492,1.596695517,1.089431,0.291595031
2586,961,-20.2789,150.7377,20176100104,20-176,U/N Reef,U/N Reef (20-176),Mackay/Capricorn,3,9,0,0.698516789,1.876357023,1.065465033,0.29807197
2587,961,-20.2692,150.7566,20177100104,20-177,U/N Reef,U/N Reef (20-177),Mackay/Capricorn,3,9,0,0.167114525,0.807551744,0.196620384,0.292999814
2588,961,-20.3032,150.7418,20178100104,20-178,U/N Reef,U/N Reef (20-178),Mackay/Capricorn,3,9,0,0.231271735,1.060470651,0.724889317,0.298970371
2589,974,-20.5063,149.0894,20231100104,20-231,Volskow Reef,Volskow Reef (20-231),Townsville/Whitsunday,1,8,1,0.014611275,0.111587441,9.35307e-4,0.267199711
2590,974,-20.5224,149.0846,20232100104,20-232,Keyser Reef,Keyser Reef (20-232),Townsville/Whitsunday,1,8,1,0.243054485,1.042869543,0.312446338,0.269536844
2591,1011,-20.9101,149.3914,20277101104,20-277a,Keswick Island Reef (No 1),Keswick Island Reef (No 1) (20-277a),Mackay/Capricorn,1,9,1,0.589142622,1.473437452,0.875534306,0.254540401
2592,1011,-20.9185,149.4009,20277102104,20-277b,Keswick Island Reef (No 2),Keswick Island Reef (No 2) (20-277b),Mackay/Capricorn,1,9,0,0.429619411,1.604509988,0.474068163,0.256090876
2593,1011,-20.9215,149.413,20277103104,20-277c,Keswick Island Reef (No 3),Keswick Island Reef (No 3) (20-277c),Mackay/Capricorn,1,9,0,0.385479729,1.481147792,0.735380067,0.273584947
2594,1011,-20.9041,149.4366,20279101104,20-279a,St Bees Island Reef (No 1),St Bees Island Reef (No 1) (20-279a),Mackay/Capricorn,1,9,0,0.348721311,1.40963272,0.550602901,0.255502791
2595,969,-20.4584,149.0799,20102102104,20-102b,Shaw Island Reef (No 2),Shaw Island Reef (No 2) (20-102b),Townsville/Whitsunday,1,8,0,0.301498997,1.069389463,0.534799524,0.273867268
2596,974,-20.4744,149.0735,20102103104,20-102c,Shaw Island Reef (No 3),Shaw Island Reef (No 3) (20-102c),Townsville/Whitsunday,1,8,0,0.514644519,1.647496315,0.747283715,0.271655574
2597,974,-20.4988,149.0584,20102104104,20-102d,Shaw Island Reef (No 4),Shaw Island Reef (No 4) (20-102d),Townsville/Whitsunday,1,8,0,3.809436649,6.357748603,3.724598281,0.272468722
2598,916,-20.0316,149.688,20104100104,20-104,U/N Reef,U/N Reef (20-104),Townsville/Whitsunday,2,8,0,2.720168119,7.414346015,4.219203837,0.241183813
2599,953,-20.3025,150.6079,20179100104,20-179,U/N Reef,U/N Reef (20-179),Mackay/Capricorn,3,9,0,29.65580442,47.52047581,24.2502144,0.346775883
2600,962,-20.2814,150.8041,20180100104,20-180,U/N Reef,U/N Reef (20-180),Mackay/Capricorn,3,9,0,0.271506956,0.831279409,0.123815577,0.292999814
2601,962,-20.2905,150.7931,20181100104,20-181,U/N Reef,U/N Reef (20-181),Mackay/Capricorn,3,9,0,0.246645475,1.1622235,0.603472802,0.30025842
2602,958,-20.3331,150.5783,20182100104,20-182,U/N Reef,U/N Reef (20-182),Mackay/Capricorn,3,9,0,7.433827039,16.798874,10.7170295,0.3200661
2603,960,-20.324,150.6672,20183100104,20-183,U/N Reef,U/N Reef (20-183),Mackay/Capricorn,3,9,0,0.151121919,0.001767652,5.56749e-4,0.292999814
2604,974,-20.5334,149.0873,20233100104,20-233,Long Rock Reef,Long Rock Reef (20-233),Townsville/Whitsunday,1,8,1,0.054446179,0.301469611,0.002860912,0.26719039
2605,1179,-21.6403,152.0277,21686100104,21-686,U/N Reef,U/N Reef (21-686),Mackay/Capricorn,2,10,0,7.627739789,12.20797482,0.473500907,0.237745432
2606,1179,-21.6749,152.0335,21687100104,21-687,U/N Reef,U/N Reef (21-687),Mackay/Capricorn,2,10,0,0.082258942,0.325745012,0.017021002,0.237745433
2607,1179,-21.6677,152.0348,21688100104,21-688,U/N Reef,U/N Reef (21-688),Mackay/Capricorn,2,10,0,0.131634362,0.474491228,0.025719158,0.237745435
2608,1184,-21.6958,152.0675,21689100104,21-689,U/N Reef,U/N Reef (21-689),Mackay/Capricorn,2,10,0,0.092419049,0.357578586,0.01886284,0.237745433
2609,1184,-21.6398,152.0779,21690100104,21-690,U/N Reef,U/N Reef (21-690),Mackay/Capricorn,2,10,0,0.087151645,0.341188447,0.017912885,0.237745431
2610,1184,-21.6371,152.0808,21691100104,21-691,U/N Reef,U/N Reef (21-691),Mackay/Capricorn,2,10,0,0.119103365,0.438041804,0.023568754,0.237745434
2611,1147,-21.4337,152.099,21692100104,21-692,U/N Reef,U/N Reef (21-692),Mackay/Capricorn,2,10,0,0.257428528,0.811569562,0.045858592,0.237745433
2612,1169,-21.5657,152.1001,21693100104,21-693,U/N Reef,U/N Reef (21-693),Mackay/Capricorn,2,10,0,0.464370999,1.301035576,0.074972042,0.237745433
2613,1169,-21.6418,152.1421,21694100104,21-694,U/N Reef,U/N Reef (21-694),Mackay/Capricorn,2,10,0,0.076367913,0.307017611,0.015943989,0.237745433
2614,1169,-21.6384,152.1434,21695100104,21-695,U/N Reef,U/N Reef (21-695),Mackay/Capricorn,2,10,0,0.125639956,0.457232939,0.024699757,0.23774543
2615,1169,-21.5487,152.1453,21696100104,21-696,U/N Reef,U/N Reef (21-696),Mackay/Capricorn,2,10,0,1.941499272,4.086486021,0.218193013,0.237745433
2616,1220,-22.1431,149.5955,22015100104,22-015,McEwen Reef,McEwen Reef (22-015),Mackay/Capricorn,1,9,0,1.051938588,2.583298431,1.982101508,0.273867268
2617,1220,-22.1531,149.6065,22016100104,22-016,Pilot Reef,Pilot Reef (22-016),Mackay/Capricorn,1,9,0,0.443868473,1.452016702,0.016770887,0.267194687
2618,1250,-22.1379,149.843,22017100104,22-017,Boyle Reef,Boyle Reef (22-017),Mackay/Capricorn,1,9,1,1.361193317,3.559769395,0.045992568,0.267194682
2619,1245,-22.1349,149.9404,22018100104,22-018,Tide Reef,Tide Reef (22-018),Mackay/Capricorn,1,9,0,0.473676384,1.530110417,0.017788987,0.267194676
2620,1252,-22.1901,149.8445,22019100104,22-019,Long Island Reef,Long Island Reef (22-019),Mackay/Capricorn,1,9,0,20.36047122,30.99767536,0.524908133,0.267194682
2621,1165,-21.5724,152.3021,21480100104,21-480,U/N Reef,U/N Reef (21-480),Mackay/Capricorn,2,10,0,2.451639818,5.846070663,3.437133228,0.248256744
2622,1178,-21.5713,151.9997,21481100104,21-481,U/N Reef,U/N Reef (21-481),Mackay/Capricorn,2,10,0,6.24332083,5.430886562,3.39343369,0.246991092
2623,1164,-21.5718,152.2552,21482100104,21-482,U/N Reef,U/N Reef (21-482),Mackay/Capricorn,2,10,0,4.097726555,0.695396692,0.462221067,0.229216283
2624,1174,-21.5721,152.4419,21483100104,21-483,U/N Reef,U/N Reef (21-483),Mackay/Capricorn,2,10,0,0.324769573,1.356568341,0.894595391,0.221303132
2625,1172,-21.5796,152.3682,21484100104,21-484,U/N Reef,U/N Reef (21-484),Mackay/Capricorn,2,10,0,3.337936636,6.969649539,2.64304772,0.242836026
2626,1173,-21.5788,152.4072,21485100104,21-485,U/N Reef,U/N Reef (21-485),Mackay/Capricorn,2,10,0,3.387210517,6.636472949,2.457445274,0.249047783
2627,1173,-21.5935,152.4047,21486100104,21-486,U/N Reef,U/N Reef (21-486),Mackay/Capricorn,2,10,0,2.579641972,5.1912922439999996,2.387578575,0.239818846
2628,1233,-21.9628,152.4667,21552100104,21-552,Obstruction Reef,Obstruction Reef (21-552),Mackay/Capricorn,2,10,1,0.706363216,2.747091392,1.758442324,0.226070449
2629,1231,-21.9763,152.3469,21553100104,21-553,U/N Reef,U/N Reef (21-553),Mackay/Capricorn,2,10,0,2.830718912,6.459314998,2.253698627,0.297163298
2630,1232,-21.9798,152.3745,21554100104,21-554,U/N Reef,U/N Reef (21-554),Mackay/Capricorn,2,10,0,10.08683601,13.94401747,5.773218443,0.287317997
2631,1230,-21.979,152.2322,21555100104,21-555,U/N Reef,U/N Reef (21-555),Mackay/Capricorn,2,10,1,8.786348299,10.71678841,5.758706288,0.279874067
2632,1233,-21.9816,152.4774,21556100104,21-556,Gannett Cay Reef,Gannett Cay Reef (21-556),Mackay/Capricorn,2,10,1,1.356070926,4.684296207,3.201270576,0.264723723
2633,1233,-21.9823,152.464,21557100104,21-557,U/N Reef,U/N Reef (21-557),Mackay/Capricorn,2,10,1,0.160158098,0.860174148,0.533828671,0.227067292
2634,1169,-21.6403,152.1478,21697100104,21-697,U/N Reef,U/N Reef (21-697),Mackay/Capricorn,2,10,0,0.157988227,0.549210945,0.030153546,0.237745434
2635,1221,-21.914,152.1498,21698100104,21-698,U/N Reef,U/N Reef (21-698),Mackay/Capricorn,2,10,1,0.077524052,0.31072861,0.016156996,0.237745428
2636,1169,-21.6356,152.1514,21699100104,21-699,U/N Reef,U/N Reef (21-699),Mackay/Capricorn,2,10,0,0.07764984,0.311139719,0.016180603000000002,0.237745432
2637,1221,-21.9104,152.1528,21700100104,21-700,U/N Reef,U/N Reef (21-700),Mackay/Capricorn,2,10,1,0.065719338,0.27226395,0.013960042,0.237745439
2638,1221,-21.9186,152.1541,21701100104,21-701,U/N Reef,U/N Reef (21-701),Mackay/Capricorn,2,10,1,0.071912375,0.292603082,0.01511867,0.237745428
2639,1197,-21.7628,152.1609,21702100104,21-702,U/N Reef,U/N Reef (21-702),Mackay/Capricorn,2,10,0,8.213013185,12.95536927,0.490239671,0.237745432
2640,1169,-21.5613,152.1627,21703100104,21-703,U/N Reef,U/N Reef (21-703),Mackay/Capricorn,2,10,0,0.802286409,2.015207694,0.115672417,0.237745433
2641,1147,-21.4969,152.179,21704100104,21-704,U/N Reef,U/N Reef (21-704),Mackay/Capricorn,2,10,0,0.067449187,0.278006716,0.01428644,0.237745439
2642,1148,-21.4594,152.2054,21705100104,21-705,U/N Reef,U/N Reef (21-705),Mackay/Capricorn,2,10,0,2.403855941,4.848723345,0.25059762,0.237745433
2643,1209,-21.8624,152.2061,21706100104,21-706,U/N Reef,U/N Reef (21-706),Mackay/Capricorn,2,10,1,0.146437824,0.516903854,0.028232496,0.237745431
2644,1148,-21.4167,152.2067,21707100104,21-707,U/N Reef,U/N Reef (21-707),Mackay/Capricorn,2,10,0,0.090294712,0.351101876,0.018487053,0.237745437
2645,1171,-21.5895,152.3256,21487100104,21-487,U/N Reef,U/N Reef (21-487),Mackay/Capricorn,2,10,0,10.8798953,1.612583953,1.190695364,0.219959254
2646,1179,-21.5916,152.0752,21488100104,21-488,U/N Reef,U/N Reef (21-488),Mackay/Capricorn,2,10,0,3.343129949,6.836068563,3.294609096,0.230596278
2647,1169,-21.6038,152.1929,21489100104,21-489,U/N Reef,U/N Reef (21-489),Mackay/Capricorn,2,10,0,1.905287677,4.418010581,2.392593727,0.239739547
2648,1172,-21.6058,152.3697,21490100104,21-490,Turrum Reef,Turrum Reef (21-490),Mackay/Capricorn,2,10,0,12.54713065,14.36746468,5.260561086,0.257167461
2649,1174,-21.6108,152.4736,21491100104,21-491,U/N Reef,U/N Reef (21-491),Mackay/Capricorn,2,10,0,5.492676719,10.22556812,4.206923781,0.220065768
2650,1162,-21.5486,152.5457,21558100104,21-558,U/N Reef,U/N Reef (21-558),Mackay/Capricorn,3,10,1,8.836135421,14.89466548,8.633664536,0.288961922
2651,1174,-21.5731,152.534,21559100104,21-559,U/N Reef,U/N Reef (21-559),Mackay/Capricorn,3,10,1,4.707811914,10.37638401,7.660391783,0.287767959
2652,1187,-21.6621,152.5398,21560100104,21-560,U/N Reef,U/N Reef (21-560),Mackay/Capricorn,3,10,1,5.502275941,11.25271846,6.282791494,0.28941426
2653,1192,-21.7135,152.5085,21561100104,21-561,U/N Reef,U/N Reef (21-561),Mackay/Capricorn,2,10,1,0.318677128,0.470712162,0.134414102,0.228214562
2654,1161,-21.5286,152.2092,21708100104,21-708,U/N Reef,U/N Reef (21-708),Mackay/Capricorn,2,10,0,0.626005245,1.652587733,0.095328577,0.237745433
2655,1209,-21.8645,152.2105,21709100104,21-709,U/N Reef,U/N Reef (21-709),Mackay/Capricorn,2,10,1,0.151687878,0.531681731,0.02911059,0.237745433
2656,1143,-21.4112,152.2143,21710100104,21-710,U/N Reef,U/N Reef (21-710),Mackay/Capricorn,2,10,0,0.118373253,0.436027024,0.023450187,0.237745433
2657,1161,-21.5146,152.2154,21711100104,21-711,U/N Reef,U/N Reef (21-711),Mackay/Capricorn,2,10,0,0.148859068,0.523755106,0.028639455,0.237745435
2658,1148,-21.4225,152.2159,21712100104,21-712,U/N Reef,U/N Reef (21-712),Mackay/Capricorn,2,10,0,0.096646438,0.370732712,0.019627576,0.237745431
2659,1148,-21.4439,152.2181,21713100104,21-713,U/N Reef,U/N Reef (21-713),Mackay/Capricorn,2,10,0,2.672145502,5.277176988,0.267744489,0.237745432
2660,1209,-21.8644,152.224,21714100104,21-714,U/N Reef,U/N Reef (21-714),Mackay/Capricorn,2,10,1,0.058306818,0.247445581,0.012556667,0.237745439
2661,1230,-21.9498,152.229,21715100104,21-715,U/N Reef,U/N Reef (21-715),Mackay/Capricorn,2,10,1,0.219244077,0.713918747,0.040001932,0.23774543
2662,1197,-21.7398,152.2293,21716100104,21-716,U/N Reef,U/N Reef (21-716),Mackay/Capricorn,2,10,0,0.042577111,0.192421959,0.00949431,0.237745432
2663,1198,-21.7432,152.2293,21717100104,21-717,U/N Reef,U/N Reef (21-717),Mackay/Capricorn,2,10,0,0.017008985,0.092354242,0.004180277,0.237746191
2664,1198,-21.7384,152.2344,21718100104,21-718,U/N Reef,U/N Reef (21-718),Mackay/Capricorn,2,10,0,0.023916175,0.121303216,0.005672664,0.237745438
2665,1250,-22.149,149.8501,22020100104,22-020,West Side Reef,West Side Reef (22-020),Mackay/Capricorn,1,9,1,0.7525074,2.215637396,0.026978885,0.267194685
2666,1245,-22.0829,150.008,22021101104,22-021a,Double Rocks Reef (North),Double Rocks Reef (North) (22-021a),Mackay/Capricorn,1,9,0,0.107349013,0.466673976,0.004677318,0.267192962
2667,1245,-22.0866,150.004,22021102104,22-021b,Double Rocks Reef (South),Double Rocks Reef (South) (22-021b),Mackay/Capricorn,1,9,0,0.102479236,0.449657271,0.004485413,0.267197276
2668,1169,-21.6108,152.2127,21492100104,21-492,U/N Reef,U/N Reef (21-492),Mackay/Capricorn,2,10,0,0.355315442,1.053125567,0.736284283,0.228363576
2669,1169,-21.623,152.134,21493100104,21-493,U/N Reef,U/N Reef (21-493),Mackay/Capricorn,2,10,0,19.24098587,2.442631266,1.798008991,0.230393566
2670,1171,-21.6353,152.3084,21494100104,21-494,U/N Reef,U/N Reef (21-494),Mackay/Capricorn,2,10,0,9.881873032,1.554646285,0.800939132,0.217450307
2671,1180,-21.634,152.3888,21495100104,21-495,Bacchi Reef,Bacchi Reef (21-495),Mackay/Capricorn,2,10,1,1.618598389,4.700344474,2.774332335,0.245500308
2672,1193,-21.7196,152.5588,21562100104,21-562,Turner Reef,Turner Reef (21-562),Mackay/Capricorn,3,10,0,9.605080563,17.15917684,9.991346374,0.300006371
2673,1192,-21.7294,152.5209,21563100104,21-563,U/N Reef,U/N Reef (21-563),Mackay/Capricorn,2,10,1,0.960847835,0.017750216,1.18171e-4,0.23773795
2674,1200,-21.7742,152.5089,21564100104,21-564,Half Tide Reef,Half Tide Reef (21-564),Mackay/Capricorn,2,10,1,15.25203007,24.14077806,10.4466375,0.263703311
2675,1201,-21.7866,152.593,21565100104,21-565,Bills Reef,Bills Reef (21-565),Mackay/Capricorn,3,10,0,9.193975908,17.11939164,9.412530005,0.288850919
2676,1161,-21.5145,152.2365,21719100104,21-719,U/N Reef,U/N Reef (21-719),Mackay/Capricorn,2,10,0,0.116834911,0.431507173,0.023184308,0.237745428
2677,1161,-21.5217,152.2462,21720100104,21-720,U/N Reef,U/N Reef (21-720),Mackay/Capricorn,2,10,0,0.272565655,0.849795456,0.048150727,0.237745433
2678,1198,-21.7365,152.2504,21721100104,21-721,U/N Reef,U/N Reef (21-721),Mackay/Capricorn,2,10,0,4.321556084,7.752585946,0.354449872,0.237745432
2679,1185,-21.6824,152.2519,21722100104,21-722,U/N Reef,U/N Reef (21-722),Mackay/Capricorn,2,10,0,0.29393078,0.902678959,0.051319445,0.237745432
2680,1161,-21.5141,152.2526,21723100104,21-723,U/N Reef,U/N Reef (21-723),Mackay/Capricorn,2,10,0,0.059738298,0.252317008,0.012831159,0.237745427
2681,1198,-21.7775,152.2589,21724100104,21-724,U/N Reef,U/N Reef (21-724),Mackay/Capricorn,2,10,1,7.545984568,12.10915503,0.471230533,0.237745432
2682,1198,-21.7346,152.265,21725100104,21-725,U/N Reef,U/N Reef (21-725),Mackay/Capricorn,2,10,0,0.018221601,0.097592792,0.004447244,0.237744124
2683,1170,-21.67,152.2679,21726100104,21-726,U/N Reef,U/N Reef (21-726),Mackay/Capricorn,2,10,0,3.579882279,6.668815306,0.31883344,0.237745432
2684,1250,-22.1441,149.8647,22024100104,22-024,Coal Reef,Coal Reef (22-024),Mackay/Capricorn,1,9,1,0.193720885,0.748235723,0.007954865,0.267194523
2685,1252,-22.2645,149.7501,22026100104,22-026,One Fathom Patch,One Fathom Patch (22-026),Mackay/Capricorn,1,9,1,0.255894282,0.934729197,0.010217591,0.267195721
2686,1252,-22.3594,149.7756,22027100104,22-027,Turtle Island Reef,Turtle Island Reef (22-027),Mackay/Capricorn,1,9,1,0.662612442,2.00104649,0.024057608,0.267194681
2687,1252,-22.3877,149.8191,22028100104,22-028,U/N Reef,U/N Reef (22-028),out,1,9,0,0.871996275,2.492770928,0.030803901,0.267194681
2688,1252,-22.4705,149.9041,22029100104,22-029,Woods Reef,Woods Reef (22-029),out,1,9,0,0.492331076,1.578048538,0.018417196,0.267194674
2689,1229,-22.0041,150.3769,22030100104,22-030,Shields Reef,Shields Reef (22-030),Mackay/Capricorn,1,9,0,0.41470416,0.88467479,0.004491081,0.263837962
2690,1181,-21.6459,152.4758,21496100104,21-496,U/N Reef,U/N Reef (21-496),Mackay/Capricorn,2,10,1,2.58033268,7.183283278,2.531343382,0.228223271
2691,1180,-21.6639,152.3425,21497100104,21-497,Thomas Reef,Thomas Reef (21-497),Mackay/Capricorn,2,10,0,26.38478512,3.827615989,2.060727619,0.23480631
2692,1170,-21.6282,152.2632,21498100104,21-498,U/N Reef,U/N Reef (21-498),Mackay/Capricorn,2,10,0,3.098824437,1.805687498,1.130380452,0.216930497
2693,1181,-21.6645,152.4517,21499100104,21-499,U/N Reef,U/N Reef (21-499),Mackay/Capricorn,2,10,1,5.387756485,9.115986305,3.033799614,0.267808329
2694,1201,-21.8213,152.6275,21566100104,21-566,Blu-Lion Reef,Blu-Lion Reef (21-566),Mackay/Capricorn,3,10,0,7.27096648,14.31365517,7.533846966,0.29520919
2695,1214,-21.8259,152.5451,21567100104,21-567,U/N Reef,U/N Reef (21-567),Mackay/Capricorn,2,10,0,0.258507137,1.228166369,0.835914322,0.233640894
2696,1214,-21.8288,152.5223,21568100104,21-568,U/N Reef,U/N Reef (21-568),Mackay/Capricorn,2,10,0,0.266695404,1.368702531,0.899113089,0.216868133
2697,1214,-21.8483,152.5358,21569100104,21-569,U/N Reef,U/N Reef (21-569),Mackay/Capricorn,2,10,0,2.845445401,6.00421851,2.901534139,0.221697402
2698,1219,-21.846,152.6356,21570100104,21-570,Triangle Reef,Triangle Reef (21-570),Mackay/Capricorn,3,10,0,2.985101241,9.065814056,5.807993722,0.287820723
2699,1219,-21.851,152.5935,21571100104,21-571,U/N Reef,U/N Reef (21-571),Mackay/Capricorn,3,10,0,0.438460541,2.03389882,1.396870267,0.288594526
2700,1214,-21.8748,152.5092,21572100104,21-572,Small Lagoon Reef,Small Lagoon Reef (21-572),Mackay/Capricorn,2,10,0,5.780486122,9.046952517,4.75610089,0.244923827
2701,1198,-21.6962,152.2727,21727100104,21-727,U/N Reef,U/N Reef (21-727),Mackay/Capricorn,2,10,0,0.427128393,1.217318126,0.07004428,0.237745431
2702,1170,-21.6073,152.2729,21728100104,21-728,U/N Reef,U/N Reef (21-728),Mackay/Capricorn,2,10,0,1.018551352,2.439759593,0.138574172,0.237745432
2703,1198,-21.8043,152.273,21729100104,21-729,U/N Reef,U/N Reef (21-729),Mackay/Capricorn,2,10,1,0.151236215,0.530491101,0.029039799,0.237745431
2704,1170,-21.6567,152.2787,21730100104,21-730,U/N Reef,U/N Reef (21-730),Mackay/Capricorn,2,10,0,0.884867672,2.180053955,0.1246841,0.237745433
2705,1222,-21.9214,152.2858,21731100104,21-731,U/N Reef,U/N Reef (21-731),Mackay/Capricorn,2,10,0,0.097464122,0.373282746,0.019776056,0.237745432
2706,1170,-21.6646,152.2882,21732100104,21-732,U/N Reef,U/N Reef (21-732),Mackay/Capricorn,2,10,0,0.058332796,0.247573246,0.012563862,0.237745431
2707,1211,-21.8575,152.3002,21733100104,21-733,U/N Reef,U/N Reef (21-733),Mackay/Capricorn,2,10,1,0.066171284,0.273850858,0.014050178,0.23774543
2708,1154,-21.4507,152.3008,21734100104,21-734,U/N Reef,U/N Reef (21-734),Mackay/Capricorn,2,10,0,0.14769286,0.52057258,0.028450386,0.237745429
2709,1222,-21.9328,152.3016,21735100104,21-735,U/N Reef,U/N Reef (21-735),Mackay/Capricorn,2,10,0,0.272449354,0.84958257,0.048137971,0.237745433
2710,1228,-21.9694,150.1559,21421100104,21-421,Morkar Reef,Morkar Reef (21-421),Mackay/Capricorn,1,9,0,0.11861124,0.07729077,6.18989e-4,0.267191559
2711,1186,-21.6743,152.394,21500100104,21-500,U/N Reef,U/N Reef (21-500),Mackay/Capricorn,2,10,0,9.012741574,16.64157705,5.744369526,0.306695364
2712,1181,-21.6784,152.4414,21501100104,21-501,Recreation Reef,Recreation Reef (21-501),Mackay/Capricorn,2,10,1,5.024620418,8.554526463,3.183782151,0.276555898
2713,1181,-21.6751,152.498,21502100104,21-502,U/N Reef,U/N Reef (21-502),Mackay/Capricorn,2,10,1,0.597887989,2.371205665,1.821091972,0.217955363
2714,1185,-21.6867,152.2045,21503100104,21-503,U/N Reef,U/N Reef (21-503),Mackay/Capricorn,2,10,0,15.21526682,0.809068526,0.008686031,0.237745439
2715,1219,-21.8681,152.6142,21573100104,21-573,U/N Reef,U/N Reef (21-573),Mackay/Capricorn,3,10,0,0.272638302,1.404133081,0.948569937,0.287823376
2716,1219,-21.8725,152.5808,21574100104,21-574,U/N Reef,U/N Reef (21-574),Mackay/Capricorn,2,10,0,1.575952353,4.94594053,3.3986549,0.224634036
2717,1225,-21.8944,152.6571,21575100104,21-575,Heart Reef,Heart Reef (21-575),Mackay/Capricorn,3,10,0,1.956960405,6.255260925,3.707050956,0.286952277
2718,1219,-21.8987,152.5897,21576100104,21-576,U/N Reef,U/N Reef (21-576),Mackay/Capricorn,2,10,0,4.174734432,9.097690768,5.110163191,0.223523792
2719,1233,-21.9219,152.522,21577100104,21-577,Central Reef,Central Reef (21-577),Mackay/Capricorn,2,10,0,3.717934671,7.20459632,3.53091728,0.238473474
2720,1224,-21.9184,152.6062,21578100104,21-578,U/N Reef,U/N Reef (21-578),Mackay/Capricorn,2,10,0,1.044538931,4.022452138,2.521621926,0.219930633
2721,1225,-21.9117,152.6724,21579100104,21-579,Hill Reef,Hill Reef (21-579),Mackay/Capricorn,3,10,0,1.110852268,4.198999138,3.338907468,0.29359074
2722,1198,-21.7904,152.3051,21736100104,21-736,U/N Reef,U/N Reef (21-736),Mackay/Capricorn,2,10,1,13.89455309,19.73609634,0.61522117,0.237745433
2723,1161,-21.4941,152.3081,21737100104,21-737,U/N Reef,U/N Reef (21-737),Mackay/Capricorn,2,10,0,0.149303364,0.525115365,0.028720275,0.237745435
2724,1154,-21.4466,152.3083,21738100104,21-738,U/N Reef,U/N Reef (21-738),Mackay/Capricorn,2,10,0,0.432342855,1.229316058,0.07075217,0.237745433
2725,1154,-21.4751,152.3117,21739100104,21-739,U/N Reef,U/N Reef (21-739),Mackay/Capricorn,2,10,0,0.211329612,0.69338039,0.038770797,0.237745435
2726,1180,-21.6539,152.3132,21740100104,21-740,U/N Reef,U/N Reef (21-740),Mackay/Capricorn,2,10,0,0.187906833,0.631179171,0.035046217,0.237745433
2727,1144,-21.4215,152.3147,21741100104,21-741,U/N Reef,U/N Reef (21-741),Mackay/Capricorn,2,10,0,0.453204246,1.276566691,0.07353462,0.237745432
2728,1165,-21.5547,152.3164,21742100104,21-742,U/N Reef,U/N Reef (21-742),Mackay/Capricorn,2,10,0,0.092348836,0.357561034,0.018861817,0.237745431
2729,1180,-21.6914,152.3176,21743100104,21-743,U/N Reef,U/N Reef (21-743),Mackay/Capricorn,2,10,0,0.127400232,0.462527401,0.025012264,0.237745434
2730,1217,-21.8901,152.3202,21744100104,21-744,U/N Reef,U/N Reef (21-744),Mackay/Capricorn,2,10,1,0.107152622,0.402716041,0.021494883,0.237745432
2731,1228,-21.9913,150.1645,21423101104,21-423a,Marble Reef,Marble Reef (21-423a),Mackay/Capricorn,1,9,0,0.956967926,1.569072515,1.036012912,0.273867268
2732,1229,-21.9801,150.1918,21423102104,21-423b,Marble Reef,Marble Reef (21-423b),Mackay/Capricorn,1,9,0,0.763343356,0.590666476,0.006096674,0.267195173
2733,1229,-21.9713,150.382,21424100104,21-424,Allandale Reef,Allandale Reef (21-424),Mackay/Capricorn,1,9,0,0.119374392,0.50830464,0.005149025,0.267194903
2734,1228,-22.0005,150.1249,21425101104,21-425a,Tynemouth Island Reef (No 1),Tynemouth Island Reef (No 1) (21-425a),Mackay/Capricorn,1,9,0,0.117814153,0.140706088,0.001213962,0.267193185
2735,1228,-21.9881,150.1331,21425102104,21-425b,Tynemouth Island Reef (No 2),Tynemouth Island Reef (No 2) (21-425b),Mackay/Capricorn,1,9,0,0.315393854,0.038518252,0.008678709,0.273867268
2736,1184,-21.6959,152.0877,21504100104,21-504,U/N Reef,U/N Reef (21-504),Mackay/Capricorn,2,10,0,8.470491844,14.23407001,7.297744285,0.247106621
2737,1186,-21.7067,152.3487,21505100104,21-505,Isobel Bennett Reef,Isobel Bennett Reef (21-505),Mackay/Capricorn,2,10,0,17.90495115,17.69758268,6.483007057,0.291740343
2738,1198,-21.7153,152.2895,21506100104,21-506,U/N Reef,U/N Reef (21-506),Mackay/Capricorn,2,10,0,6.825788341,3.914196198,2.259195708,0.224551439
2739,1224,-21.9388,152.5899,21580100104,21-580,U/N Reef,U/N Reef (21-580),Mackay/Capricorn,2,10,0,4.865976163,9.498097765,3.949687375,0.218467658
2740,1224,-21.9397,152.6261,21581100104,21-581,U/N Reef,U/N Reef (21-581),Mackay/Capricorn,2,10,1,0.890021009,3.50394962,2.597994838,0.226132653
2741,1225,-21.9358,152.6879,21582100104,21-582,Beacon Reef,Beacon Reef (21-582),Mackay/Capricorn,3,10,0,2.151568086,7.074891243,5.763359846,0.289733368
2742,1225,-21.9428,152.6579,21583100104,21-583,U/N Reef,U/N Reef (21-583),Mackay/Capricorn,3,10,1,0.572261888,2.572101558,1.832382656,0.286318614
2743,1224,-21.9552,152.5995,21584100104,21-584,Jenkins Reef,Jenkins Reef (21-584),Mackay/Capricorn,2,10,1,3.5100202,7.191827971,4.288288934,0.223896957
2744,1234,-21.9655,152.5721,21585100104,21-585,U/N Reef,U/N Reef (21-585),Mackay/Capricorn,2,10,1,1.055765245,3.28294175,2.64931813,0.240358152
2745,1144,-21.4289,152.3203,21745100104,21-745,U/N Reef,U/N Reef (21-745),Mackay/Capricorn,2,10,0,0.059889091,0.252866616,0.012862157,0.237745425
2746,1231,-21.9882,152.3233,21746100104,21-746,U/N Reef,U/N Reef (21-746),Mackay/Capricorn,2,10,0,0.573622263,1.541334851,0.088949788,0.237745432
2747,1180,-21.6881,152.3238,21747100104,21-747,U/N Reef,U/N Reef (21-747),Mackay/Capricorn,2,10,0,0.069527299,0.28492543,0.014680464,0.237745427
2748,1165,-21.555,152.3257,21748100104,21-748,U/N Reef,U/N Reef (21-748),Mackay/Capricorn,2,10,0,0.57592554,1.546348389,0.089238564,0.237745433
2749,1231,-21.9501,152.3381,21749100104,21-749,U/N Reef,U/N Reef (21-749),Mackay/Capricorn,2,10,0,0.642885824,1.688569607,0.097378276,0.237745432
2750,1165,-21.5598,152.3389,21750100104,21-750,U/N Reef,U/N Reef (21-750),Mackay/Capricorn,2,10,0,0.074236287,0.300275561,0.015557546,0.237745434
2751,1165,-21.55,152.342,21751100104,21-751,U/N Reef,U/N Reef (21-751),Mackay/Capricorn,2,10,0,0.134191315,0.482180794,0.026174018,0.23774543
2752,1217,-21.9199,152.3432,21752100104,21-752,U/N Reef,U/N Reef (21-752),Mackay/Capricorn,2,10,0,0.198918482,0.660629201,0.036808774,0.237745433
2753,1175,-21.9571,150.6876,21428100104,21-428,High Peak Reef,High Peak Reef (21-428),Mackay/Capricorn,1,9,0,0.995385678,1.278095884,0.528104501,0.258994091
2754,1255,-21.9826,150.5865,21430100104,21-430,Morpeth Reef,Morpeth Reef (21-430),Mackay/Capricorn,1,9,0,0.15371614,0.117215366,0.005771072,0.263837962
2755,1186,-21.7046,152.4504,21507100104,21-507,U/N Reef,U/N Reef (21-507),Mackay/Capricorn,2,10,1,2.389422875,6.445006232,3.255762864,0.225859275
2756,1191,-21.7205,152.3693,21508100104,21-508,U/N Reef,U/N Reef (21-508),Mackay/Capricorn,2,10,0,0.055927151,0.277816993,0.002609435,0.237743939
2757,1191,-21.7282,152.3867,21509100104,21-509,U/N Reef,U/N Reef (21-509),Mackay/Capricorn,2,10,1,4.585881308,9.061556985,2.367571054,0.244811502
2758,1191,-21.7331,152.3687,21510100104,21-510,U/N Reef,U/N Reef (21-510),Mackay/Capricorn,2,10,1,0.088885633,0.346829008,0.018239424,0.237745436
2759,1191,-21.7344,152.4285,21511100104,21-511,Frigate Reef,Frigate Reef (21-511),Mackay/Capricorn,2,10,1,2.313997365,6.51845658,2.481194633,0.242654795
2760,1236,-21.9672,152.7014,21586100104,21-586,Follett Reef,Follett Reef (21-586),Mackay/Capricorn,3,10,0,3.2584203,8.744683966,6.393753284,0.306034876
2761,1235,-21.9736,152.6609,21587100104,21-587,U/N Reef,U/N Reef (21-587),Mackay/Capricorn,2,10,1,0.820021085,3.410878762,2.395874322,0.221236293
2762,1235,-21.9855,152.6488,21588100104,21-588,Wade Reef,Wade Reef (21-588),Mackay/Capricorn,2,10,1,2.138385759,5.902586462,3.637742106,0.223065198
2763,1234,-21.9778,152.5434,21589100104,21-589,Littles Reef,Littles Reef (21-589),Mackay/Capricorn,2,10,1,1.034167034,3.103922971,2.255308805,0.21949559
2764,1234,-21.9816,152.566,21590100104,21-590,U/N Reef,U/N Reef (21-590),Mackay/Capricorn,2,10,1,1.7200955,4.240898777,2.174531987,0.222258784
2765,1056,-21.0228,150.3724,21591100104,21-591,U/N Reef,U/N Reef (21-591),Mackay/Capricorn,2,9,0,5.71531103,10.49801131,4.760628854,0.23108257
2766,1175,-21.5836,151.0403,21592100104,21-592,Adroit Shoal,Adroit Shoal (21-592),Mackay/Capricorn,2,9,1,0.168547328,0.57714031,0.031818018000000003,0.237745432
2767,1154,-21.4617,152.3445,21753100104,21-753,U/N Reef,U/N Reef (21-753),Mackay/Capricorn,2,10,0,8.62708062,13.48116058,0.501581323,0.237745432
2768,1165,-21.5538,152.3496,21754100104,21-754,U/N Reef,U/N Reef (21-754),Mackay/Capricorn,2,10,0,0.698032319,1.803591303,0.103885395,0.237745433
2769,1154,-21.4803,152.3536,21755100104,21-755,U/N Reef,U/N Reef (21-755),Mackay/Capricorn,2,10,0,0.26788391,0.838304339,0.047461807,0.237745433
2770,1154,-21.5038,152.3567,21756100104,21-756,U/N Reef,U/N Reef (21-756),Mackay/Capricorn,2,10,0,0.067732265,0.279050668,0.014345845,0.237745429
2771,1212,-21.8499,152.3651,21757100104,21-757,U/N Reef,U/N Reef (21-757),Mackay/Capricorn,2,10,1,0.192576052,0.348113408,0.003363441,0.237747225
2772,1154,-21.4342,152.3669,21758100104,21-758,U/N Reef,U/N Reef (21-758),Mackay/Capricorn,2,10,0,0.509840177,1.402835478,0.080925286,0.237745432
2773,1154,-21.4052,152.369,21759100104,21-759,U/N Reef,U/N Reef (21-759),Mackay/Capricorn,2,10,0,0.006844964,0.074813561,0.037632746,0.196868042
2774,1199,-21.7526,152.3719,21760100104,21-760,U/N Reef,U/N Reef (21-760),Mackay/Capricorn,2,10,1,0.180479958,0.611216413,0.033852655,0.237745433
2775,1255,-21.9908,150.6693,21431100104,21-431,Berwick Reef,Berwick Reef (21-431),Mackay/Capricorn,1,9,0,0.180753282,0.199312625,0.001795687,0.267203148
2776,1158,-21.5115,151.3967,21432100104,21-432,Heralds Reef Prong,Heralds Reef Prong (21-432),Mackay/Capricorn,2,10,1,37.66817541,65.46519367,20.15188354,0.249215449
2777,1163,-21.5507,151.4776,21433100104,21-433,U/N Reef,U/N Reef (21-433),Mackay/Capricorn,2,10,1,7.766689905,16.63422271,9.637883828,0.262909389
2778,1167,-21.6073,151.3826,21434100104,21-434,Heralds Prong No 3,Heralds Prong No 3 (21-434),Mackay/Capricorn,2,10,1,13.55679115,29.75268203,14.09249962,0.23607511
2779,1198,-21.7582,152.3345,21512100104,21-512,U/N Reef,U/N Reef (21-512),Mackay/Capricorn,2,10,1,11.77429905,4.040011631,1.75366255,0.220506149
2780,1197,-21.7521,152.2013,21513100104,21-513,U/N Reef,U/N Reef (21-513),Mackay/Capricorn,2,10,0,12.49554982,12.82969441,4.199739343,0.238523217
2781,1199,-21.7607,152.4145,21514100104,21-514,Detour Reef,Detour Reef (21-514),Mackay/Capricorn,2,10,1,10.01150389,17.03297333,7.870678886,0.346965184
2782,1188,-21.614,150.2136,21593100104,21-593,Owens Shoal,Owens Shoal (21-593),Mackay/Capricorn,1,9,0,3.142812689,6.95589421,0.097720378,0.26719468
2783,1062,-21.0463,151.4925,21594100104,21-594,U/N Reef,U/N Reef (21-594),Mackay/Capricorn,3,9,0,3.470093893,9.642957908,7.596949432,0.30708046
2784,1063,-21.0358,151.5068,21595100104,21-595,U/N Reef,U/N Reef (21-595),Mackay/Capricorn,3,9,0,3.323410428,7.639532352,5.472372865,0.328738764
2785,1063,-21.0356,151.5175,21596100104,21-596,U/N Reef,U/N Reef (21-596),Mackay/Capricorn,3,9,0,0.23065538,1.130372581,0.706662399,0.28781263
2786,1063,-21.0399,151.5186,21597100104,21-597,U/N Reef,U/N Reef (21-597),Mackay/Capricorn,3,9,0,0.013564637,0.129062665,0.033301787,0.30025842
2787,1070,-21.0457,151.5384,21598100104,21-598,U/N Reef,U/N Reef (21-598),Mackay/Capricorn,3,9,0,0.261575654,1.042810955,0.022989686,0.292999814
2788,1116,-21.3171,151.4973,21599100104,21-599,U/N Reef,U/N Reef (21-599),Mackay/Capricorn,3,9,1,0.231573565,0.01051639,6.57e-5,0.296678035
2789,1117,-21.3496,151.5625,21600100104,21-600,U/N Reef,U/N Reef (21-600),Mackay/Capricorn,3,9,0,0.201402201,0.991090515,0.010913538,0.296671359
2790,1103,-21.2311,151.5763,21601100104,21-601,U/N Reef,U/N Reef (21-601),Mackay/Capricorn,3,9,0,0.129907819,0.583681969,0.006015704,0.296671356
2791,1212,-21.8619,152.3757,21761100104,21-761,U/N Reef,U/N Reef (21-761),Mackay/Capricorn,2,10,1,1.441047333,2.4186224,1.23339587,0.215694867
2792,1232,-21.9381,152.3759,21762100104,21-762,U/N Reef,U/N Reef (21-762),Mackay/Capricorn,2,10,0,0.479568912,1.335765092,0.077008,0.237745433
2793,1191,-21.7102,152.3834,21763100104,21-763,U/N Reef,U/N Reef (21-763),Mackay/Capricorn,2,10,0,0.065266773,0.347838242,0.077295647,0.257971523
2794,1186,-21.6466,152.4101,21764100104,21-764,U/N Reef,U/N Reef (21-764),Mackay/Capricorn,2,10,0,0.968382363,3.724118117,1.692629415,0.221172877
2795,1232,-21.9754,152.4124,21768100104,21-768,U/N Reef,U/N Reef (21-768),Mackay/Capricorn,2,10,0,0.070168013,0.2870752,0.014803053,0.237745434
2796,1186,-21.6689,152.4132,21769100104,21-769,U/N Reef,U/N Reef (21-769),Mackay/Capricorn,2,10,0,0.228205836,1.102784476,0.681473152,0.245274841
2797,1232,-21.9709,152.416,21770100104,21-770,U/N Reef,U/N Reef (21-770),Mackay/Capricorn,2,10,0,0.094399926,0.363969485,0.019234133,0.237745434
2798,1155,-21.4688,152.4228,21771100104,21-771,U/N Reef,U/N Reef (21-771),Mackay/Capricorn,2,10,0,0.079436499,0.317051471,0.016520394,0.237745438
2799,1155,-21.4561,152.4238,21772100104,21-772,U/N Reef,U/N Reef (21-772),Mackay/Capricorn,2,10,0,0.096178984,0.369470075,0.019554084,0.23774543
2800,1232,-21.9816,152.4239,21773100104,21-773,U/N Reef,U/N Reef (21-773),Mackay/Capricorn,2,10,0,0.167223527,0.575086881,0.031695534,0.237745433
2801,1232,-21.9745,152.4284,21774100104,21-774,U/N Reef,U/N Reef (21-774),Mackay/Capricorn,2,10,0,0.060728305,0.255748419,0.013024802,0.237745434
2802,1155,-21.5101,152.4478,21775100104,21-775,U/N Reef,U/N Reef (21-775),Mackay/Capricorn,2,10,0,0.057974158,0.246447705,0.012500502,0.237745429
2803,1202,-21.8149,151.2603,21435100104,21-435,Bell Reef,Bell Reef (21-435),Mackay/Capricorn,2,10,1,9.406181165,14.06524269,12.96434545,0.269638647
2804,1142,-21.4971,151.6009,21436100104,21-436,U/N Reef,U/N Reef (21-436),Mackay/Capricorn,2,10,0,1.913450477,3.839539921,2.951016763,0.227444543
2805,1178,-21.5039,151.9733,21437100104,21-437,U/N Reef,U/N Reef (21-437),Mackay/Capricorn,2,10,0,5.527419866,2.277766252,1.470784003,0.230999387
2806,1160,-21.5158,151.8117,21438100104,21-438,U/N Reef,U/N Reef (21-438),Mackay/Capricorn,2,10,0,5.040264444,11.71066073,5.457083221,0.293078424
2807,1159,-21.5184,151.6534,21439100104,21-439,U/N Reef,U/N Reef (21-439),Mackay/Capricorn,2,10,0,1.450540964,5.338874503,3.220251293,0.231804906
2808,1197,-21.788,152.1195,21515100104,21-515,U/N Reef,U/N Reef (21-515),Mackay/Capricorn,2,10,0,8.871740357,6.075214962,3.370036945,0.23017443
2809,1197,-21.7996,152.1503,21516100104,21-516,U/N Reef,U/N Reef (21-516),Mackay/Capricorn,2,10,0,3.672365653,5.720655204,2.80051275,0.231712161
2810,1199,-21.7758,152.4243,21517100104,21-517,Small Reef,Small Reef (21-517),Mackay/Capricorn,2,10,1,0.443192692,1.870500965,1.16875465,0.215490805
2811,1207,-21.7845,152.4555,21518100104,21-518,Price Cay Reef,Price Cay Reef (21-518),Mackay/Capricorn,2,10,1,2.023705936,6.040767841,3.562084522,0.276030567
2812,1117,-21.323,151.5844,21602100104,21-602,U/N Reef,U/N Reef (21-602),Mackay/Capricorn,3,9,0,0.348807851,1.094180623,0.034524479,0.296671358
2813,1110,-21.2605,151.6062,21603100104,21-603,U/N Reef,U/N Reef (21-603),Mackay/Capricorn,3,9,0,0.261788782,0.869763467,0.026667251,0.296671356
2814,1103,-21.2275,151.6161,21604100104,21-604,U/N Reef,U/N Reef (21-604),Mackay/Capricorn,3,9,0,0.14592605,0.544948923,0.015759856,0.296671357
2815,1072,-21.0981,151.6393,21605100104,21-605,U/N Reef,U/N Reef (21-605),Mackay/Capricorn,3,9,0,0.604293888,2.67113392,1.637284049,0.2872925
2816,1051,-21.0191,151.6582,21606100104,21-606,U/N Reef,U/N Reef (21-606),Mackay/Capricorn,3,9,0,0.2742415,0.902813488,0.027809922,0.296671358
2817,1051,-20.9999,151.6837,21607100104,21-607,U/N Reef,U/N Reef (21-607),Mackay/Capricorn,3,9,0,0.418587206,1.266318151,0.040692338,0.296671357
2818,1142,-21.3606,151.6884,21608100104,21-608,U/N Reef,U/N Reef (21-608),Mackay/Capricorn,2,10,0,0.160439723,0.882149361,0.009573544,0.23774544
2819,1111,-21.3003,151.7086,21609100104,21-609,U/N Reef,U/N Reef (21-609),Mackay/Capricorn,2,9,1,0.100429725,0.284162937,0.002677112,0.237743995
2820,1093,-21.1224,151.7145,21610100104,21-610,U/N Reef,U/N Reef (21-610),Mackay/Capricorn,3,9,0,0.154815377,0.571465161,0.016625149,0.29667136
2821,1111,-21.3176,151.7157,21611100104,21-611,U/N Reef,U/N Reef (21-611),Mackay/Capricorn,2,10,1,0.525874601,0.717316389,0.119638984,0.228214562
2822,1073,-21.0479,151.7587,21612100104,21-612,U/N Reef,U/N Reef (21-612),Mackay/Capricorn,3,9,0,0.298145662,0.965431,0.029989096,0.296671358
2823,1093,-21.1006,151.7622,21613100104,21-613,U/N Reef,U/N Reef (21-613),Mackay/Capricorn,3,9,0,0.257064191,0.857459152,0.026243221,0.296671358
2824,1134,-21.4264,152.4685,21776100104,21-776,U/N Reef,U/N Reef (21-776),Mackay/Capricorn,2,10,0,0.564758945,1.522831206,0.087882955,0.237745433
2825,1207,-21.8189,152.4697,21777100104,21-777,U/N Reef,U/N Reef (21-777),Mackay/Capricorn,2,10,1,0.088562005,0.473099325,0.299681136,0.233569218
2826,1174,-21.595,152.4892,21778100104,21-778,U/N Reef,U/N Reef (21-778),Mackay/Capricorn,2,10,0,0.082889384,0.11593351,0.026756405,0.228214562
2827,1192,-21.7288,152.5135,21779100104,21-779,U/N Reef,U/N Reef (21-779),Mackay/Capricorn,2,10,1,0.064141585,0.350885191,0.003393425,0.237747618
2828,1174,-21.6103,152.5373,21780100104,21-780,U/N Reef,U/N Reef (21-780),Mackay/Capricorn,2,10,1,0.302992448,0.938836025,0.647890335,0.228214562
2829,1174,-21.5966,152.5382,21781100104,21-781,U/N Reef,U/N Reef (21-781),Mackay/Capricorn,3,10,1,0.85796563,2.458470308,0.998201021,0.292999814
2830,1162,-21.5174,152.5628,21782100104,21-782,U/N Reef,U/N Reef (21-782),Mackay/Capricorn,3,10,0,1.685983181,0.900764089,0.611177175,0.292999814
2831,1149,-21.4511,152.5745,21783100104,21-783,U/N Reef,U/N Reef (21-783),Mackay/Capricorn,3,10,0,0.11176972,0.441168931,0.012426035,0.296671355
2832,1149,-21.4569,152.5767,21784100104,21-784,U/N Reef,U/N Reef (21-784),Mackay/Capricorn,3,10,0,0.164748695,0.159189673,0.077485465,0.292999814
2833,1150,-21.4257,152.6076,21785100104,21-785,U/N Reef,U/N Reef (21-785),Mackay/Capricorn,3,10,0,0.265646695,0.881908841,0.027086544,0.296671359
2834,1187,-21.7045,152.6299,21786100104,21-786,U/N Reef,U/N Reef (21-786),Mackay/Capricorn,3,10,0,0.107268787,0.0651138,0.032189943,0.292999814
2835,1153,-21.5225,151.5418,21440100104,21-440,U/N Reef,U/N Reef (21-440),Mackay/Capricorn,2,10,1,6.040869554,12.79516644,5.727571045,0.24361719
2836,1159,-21.5274,151.7746,21441100104,21-441,U/N Reef,U/N Reef (21-441),Mackay/Capricorn,2,10,0,8.136092665,17.73548514,8.014851082,0.27237933
2837,1160,-21.5235,151.9151,21442100104,21-442,U/N Reef,U/N Reef (21-442),Mackay/Capricorn,2,10,0,7.290726393,12.06432561,5.314239352,0.24238387
2838,1168,-21.5683,151.7071,21443100104,21-443,U/N Reef,U/N Reef (21-443),Mackay/Capricorn,2,10,0,1.461766056,5.357961294,4.008172029,0.230111834
2839,1183,-21.5786,151.6203,21444100104,21-444,U/N Reef,U/N Reef (21-444),Mackay/Capricorn,2,10,1,5.562241306,13.3847314,6.07623601,0.233990602
2840,1168,-21.5835,151.7742,21445100104,21-445,U/N Reef,U/N Reef (21-445),Mackay/Capricorn,2,10,0,2.643103136,5.226263506,0.265744678,0.237745432
2841,1178,-21.5757,151.9379,21446100104,21-446,U/N Reef,U/N Reef (21-446),Mackay/Capricorn,2,10,0,3.682894821,5.407476513,2.979526693,0.233545341
2842,1178,-21.6027,151.9217,21447100104,21-447,U/N Reef,U/N Reef (21-447),Mackay/Capricorn,2,10,0,1.19938151,2.778413472,0.156121802,0.237745432
2843,1206,-21.7998,152.3828,21519100104,21-519,Turtle Reef,Turtle Reef (21-519),Mackay/Capricorn,2,10,1,15.65792727,8.842995418,4.69399752,0.239267821
2844,1207,-21.8055,152.4764,21520100104,21-520,U/N Reef,U/N Reef (21-520),Mackay/Capricorn,2,10,1,3.667550436,5.996568939,3.653083272,0.215502103
2845,1207,-21.8085,152.4542,21521100104,21-521,U/N Reef,U/N Reef (21-521),Mackay/Capricorn,2,10,1,0.186825956,1.002134309,0.697235851,0.210320436
2846,1199,-21.807,152.4094,21522100104,21-522,U/N Reef,U/N Reef (21-522),Mackay/Capricorn,2,10,1,0.137121039,0.55110781,0.00563935,0.237745435
2847,1205,-21.8165,152.2109,21523100104,21-523,U/N Reef,U/N Reef (21-523),Mackay/Capricorn,2,10,1,7.7980357830000004,8.673912007,3.295100457,0.222424553
2848,1093,-21.1058,151.779,21614100104,21-614,U/N Reef,U/N Reef (21-614),Mackay/Capricorn,3,9,0,0.14262704,0.535249745,0.015444648,0.296671358
2849,1093,-21.1264,151.7854,21615100104,21-615,U/N Reef,U/N Reef (21-615),Mackay/Capricorn,3,9,0,0.060440794,0.269317229,0.007131803,0.296671361
2850,1093,-21.0683,151.8044,21616100104,21-616,U/N Reef,U/N Reef (21-616),Mackay/Capricorn,3,9,0,1.922082781,4.28781659,0.160478819,0.296671358
2851,1093,-21.1425,151.8161,21617100104,21-617,U/N Reef,U/N Reef (21-617),Mackay/Capricorn,3,9,1,0.214032806,0.740646475,0.02225688,0.296671359
2852,1160,-21.3864,151.8564,21618100104,21-618,U/N Reef,U/N Reef (21-618),Mackay/Capricorn,2,10,0,0.122569782,0.448007218,0.0241557,0.237745434
2853,1065,-21.0534,151.8857,21619100104,21-619,U/N Reef,U/N Reef (21-619),Mackay/Capricorn,3,9,0,0.925771336,2.390534563,0.08316851,0.296671358
2854,1104,-21.1934,151.913,21620100104,21-620,U/N Reef,U/N Reef (21-620),Mackay/Capricorn,2,9,0,6.753121925,0.590818126,0.006098512,0.237745433
2855,1104,-21.3455,151.9233,21621100104,21-621,U/N Reef,U/N Reef (21-621),Mackay/Capricorn,2,10,0,7.72269537,0.835982023,0.006849206,0.228214562
2856,1104,-21.2488,151.9352,21622100104,21-622,U/N Reef,U/N Reef (21-622),Mackay/Capricorn,2,10,0,0.436598744,0.331951682,0.003188348,0.237742388
2857,1119,-21.3449,151.9645,21623100104,21-623,U/N Reef,U/N Reef (21-623),Mackay/Capricorn,2,10,0,2.055479102,4.275713573,0.226477061,0.237745432
2858,1187,-21.6997,152.631,21787100104,21-787,U/N Reef,U/N Reef (21-787),Mackay/Capricorn,3,10,0,0.065411077,0.287418567,0.007673283,0.296671358
2859,1201,-21.8039,152.6421,21788100104,21-788,U/N Reef,U/N Reef (21-788),Mackay/Capricorn,3,10,0,0.105760912,0.575621335,0.112835679,0.292999814
2860,1162,-21.5828,152.6495,21789100104,21-789,U/N Reef,U/N Reef (21-789),Mackay/Capricorn,3,10,0,0.614876067,1.7260291,0.05765422,0.296671358
2861,1090,-21.1271,150.643,21791100104,21-791,U/N Reef,U/N Reef (21-791),Mackay/Capricorn,2,9,0,0.461891887,1.291999087,0.074441474999999993,0.237745433
2862,1069,-21.0499,150.7915,21792100104,21-792,U/N Reef,U/N Reef (21-792),Mackay/Capricorn,2,9,0,0.124005302,0.451321174,0.024351059,0.23774543
2863,1107,-21.2898,150.9083,21793100104,21-793,U/N Reef,U/N Reef (21-793),Mackay/Capricorn,2,9,0,0.057779516,0.362048919,0.003514636,0.23774481
2864,1098,-21.1076,150.9342,21794100104,21-794,U/N Reef,U/N Reef (21-794),Mackay/Capricorn,2,9,0,0.505567241,1.389498382,0.080147892,0.237745433
2865,1108,-21.2308,150.9555,21795100104,21-795,U/N Reef,U/N Reef (21-795),Mackay/Capricorn,2,9,0,0.575416676,0.162671624,0.001429636,0.237735584
2866,1108,-21.2553,150.9618,21796100104,21-796,U/N Reef,U/N Reef (21-796),Mackay/Capricorn,2,9,0,0.639152258,1.676238045,0.096676563,0.237745432
2867,1098,-21.1755,150.9653,21797100104,21-797,U/N Reef,U/N Reef (21-797),Mackay/Capricorn,2,9,0,0.22344427,0.723088856,0.040551751,0.237745433
2868,1108,-21.2434,150.9705,21798100104,21-798,U/N Reef,U/N Reef (21-798),Mackay/Capricorn,2,9,0,0.314225527,0.949843435,0.054142043,0.237745432
2869,1099,-21.2078,150.9809,21799100104,21-799,U/N Reef,U/N Reef (21-799),Mackay/Capricorn,2,9,0,0.161319445,0.557207442,0.03062977,0.237745435
2870,1176,-21.6232,151.519,21448100104,21-448,U/N Reef,U/N Reef (21-448),Mackay/Capricorn,2,10,1,0.998283782,3.84257871,2.475588154,0.222418666
2871,1183,-21.6255,151.5775,21449100104,21-449,U/N Reef,U/N Reef (21-449),Mackay/Capricorn,2,10,1,11.47346144,25.27332127,17.17132648,0.280662115
2872,1183,-21.6271,151.6245,21450100104,21-450,U/N Reef,U/N Reef (21-450),Mackay/Capricorn,2,10,1,11.20390039,24.47335784,14.63244138,0.264486993
2873,1177,-21.629,151.7902,21451100104,21-451,U/N Reef,U/N Reef (21-451),Mackay/Capricorn,2,10,0,31.90803183,14.62789087,9.588221331,0.252576384
2874,1183,-21.6474,151.6071,21452100104,21-452,U/N Reef,U/N Reef (21-452),Mackay/Capricorn,2,10,1,0.299487637,1.365235966,0.780303143,0.237685931
2875,1168,-21.6546,151.6924,21453100104,21-453,U/N Reef,U/N Reef (21-453),Mackay/Capricorn,2,10,0,2.41571977,7.799697171,6.377107987,0.245785882
2876,1213,-21.8234,152.4279,21524100104,21-524,Houdini Reef,Houdini Reef (21-524),Mackay/Capricorn,2,10,1,4.396904499,8.792394458,3.272555357,0.240489499
2877,1207,-21.8232,152.4593,21525100104,21-525,U/N Reef,U/N Reef (21-525),Mackay/Capricorn,2,10,1,0.499147001,2.18442326,1.675297455,0.218474021
2878,1211,-21.8316,152.3122,21526100104,21-526,U/N Reef,U/N Reef (21-526),Mackay/Capricorn,2,10,1,20.12340862,19.54674969,7.862677547,0.258161308
2879,1213,-21.8418,152.4667,21527100104,21-527,U/N Reef,U/N Reef (21-527),Mackay/Capricorn,2,10,0,0.383986035,1.86422115,1.191606524,0.227086382
2880,1210,-21.8563,152.2672,21528100104,21-528,U/N Reef,U/N Reef (21-528),Mackay/Capricorn,2,10,1,1.858277609,3.946706831,0.211967199,0.237745433
2881,1209,-21.8669,152.173,21529100104,21-529,U/N Reef,U/N Reef (21-529),Mackay/Capricorn,2,10,1,6.679669584,13.45687066,4.37150562,0.292971126
2882,1213,-21.8555,152.4398,21530100104,21-530,U/N Reef,U/N Reef (21-530),Mackay/Capricorn,2,10,0,2.248018047,5.511101774,2.278434397,0.222852448
2883,1094,-21.1634,151.9738,21624100104,21-624,U/N Reef,U/N Reef (21-624),Mackay/Capricorn,2,10,0,37.20110304,43.36476443,0.872310177,0.237745432
2884,1065,-21.0244,151.9808,21625100104,21-625,U/N Reef,U/N Reef (21-625),Mackay/Capricorn,3,10,0,0.65817935,1.819933492,0.061194785,0.296671358
2885,1119,-21.354,151.9887,21626100104,21-626,U/N Reef,U/N Reef (21-626),Mackay/Capricorn,2,10,0,4.023090216,0.201140684,0.001814219,0.237746778
2886,1104,-21.2104,151.9934,21627100104,21-627,U/N Reef,U/N Reef (21-627),Mackay/Capricorn,2,10,0,0.235154627,0.754730214,0.042449343,0.237745432
2887,1104,-21.2032,151.9976,21628100104,21-628,U/N Reef,U/N Reef (21-628),Mackay/Capricorn,2,10,0,0.052054725,0.225881773,0.011347778,0.237745427
2888,1083,-21.0833,152.1678,21629100104,21-629,U/N Reef,U/N Reef (21-629),Mackay/Capricorn,2,10,1,3.52082426,6.5795187,0.315747388,0.237745432
2889,1133,-21.3771,152.1784,21630100104,21-630,U/N Reef,U/N Reef (21-630),Mackay/Capricorn,2,10,0,0.476991829,1.329494115,0.07664075,0.237745433
2890,1108,-21.2724,150.9881,21800100104,21-800,U/N Reef,U/N Reef (21-800),Mackay/Capricorn,2,9,0,6.069336506,10.14808811,0.423072764,0.237745432
2891,1108,-21.2442,150.9985,21801100104,21-801,U/N Reef,U/N Reef (21-801),Mackay/Capricorn,2,9,0,0.122719421,0.447723192,0.024138954,0.237745428
2892,1108,-21.2362,151.0041,21804100104,21-804,U/N Reef,U/N Reef (21-804),Mackay/Capricorn,2,9,0,0.125986932,0.457240142,0.024700178,0.237745429
2893,1108,-21.3066,151.0346,21805100104,21-805,U/N Reef,U/N Reef (21-805),Mackay/Capricorn,2,9,1,4.579686899,9.899908174,6.097037191,0.225291016
2894,1030,-21.0065,151.0753,21806100104,21-806,U/N Reef,U/N Reef (21-806),Mackay/Capricorn,2,9,0,0.38914596,1.127280814,0.064715511,0.237745433
2895,1099,-21.2059,151.0753,21807100104,21-807,U/N Reef,U/N Reef (21-807),Mackay/Capricorn,2,9,0,1.047828031,2.489830211,0.141208784,0.237745433
2896,1099,-21.1505,151.0812,21808100104,21-808,U/N Reef,U/N Reef (21-808),Mackay/Capricorn,2,9,0,0.221480666,0.718145125,0.040255327,0.237745432
2897,1091,-21.1187,151.0967,21809100104,21-809,U/N Reef,U/N Reef (21-809),Mackay/Capricorn,2,9,0,0.727510844,1.859633228,0.107030506,0.237745432
2898,1128,-21.3479,151.1291,21810100104,21-810,U/N Reef,U/N Reef (21-810),Mackay/Capricorn,2,9,1,0.179837194,0.607965707,0.033658401,0.237745432
2899,1196,-21.7661,151.9684,21454100104,21-454,U/N Reef,U/N Reef (21-454),Mackay/Capricorn,2,10,0,9.898758604,13.69065256,4.819060147,0.256473655
2900,1178,-21.6493,151.9144,21455100104,21-455,U/N Reef,U/N Reef (21-455),Mackay/Capricorn,2,10,0,4.879231435,7.685096744,3.916232577,0.242921649
2901,1178,-21.6486,151.9779,21456100104,21-456,U/N Reef,U/N Reef (21-456),Mackay/Capricorn,2,10,0,2.838010215,5.534673032,0.277708344,0.237745432
2902,1183,-21.6727,151.567,21457100104,21-457,U/N Reef,U/N Reef (21-457),Mackay/Capricorn,2,10,0,2.16679101,6.926478149,4.887557765,0.224002608
2903,1183,-21.6719,151.623,21458100104,21-458,U/N Reef,U/N Reef (21-458),Mackay/Capricorn,2,10,0,1.765755959,6.199650242,5.359873595,0.222837339
2904,1189,-21.7055,151.5463,21459100104,21-459,Heralds Prong No 2,Heralds Prong No 2 (21-459),Mackay/Capricorn,2,10,0,60.13384223,92.20827379,54.39597733,0.286756991
2905,1213,-21.8629,152.4086,21531100104,21-531,U/N Reef,U/N Reef (21-531),Mackay/Capricorn,2,10,0,3.266487896,6.314641258,2.641452081,0.257081211
2906,1212,-21.8628,152.3541,21532100104,21-532,U/N Reef,U/N Reef (21-532),Mackay/Capricorn,2,10,1,3.9423856329999998,8.428803494,2.150332181,0.262800206
2907,1211,-21.8675,152.3061,21533100104,21-533,U/N Reef,U/N Reef (21-533),Mackay/Capricorn,2,10,1,2.572388456,5.119786509,0.261529984,0.237745433
2908,1209,-21.8773,152.1315,21534100104,21-534,U/N Reef,U/N Reef (21-534),Mackay/Capricorn,2,10,1,5.274852947,4.563801365,0.46519025,0.23225842
2909,1221,-21.9005,152.1248,21535100104,21-535,U/N Reef,U/N Reef (21-535),Mackay/Capricorn,2,10,1,0.128635984,0.465906535,0.02521182,0.237745432
2910,1217,-21.8923,152.3644,21536100104,21-536,Mervs Reef,Mervs Reef (21-536),Mackay/Capricorn,2,10,0,8.945415266,12.32531727,3.43629038,0.290448204
2911,1217,-21.8808,152.3952,21537100104,21-537,U/N Reef,U/N Reef (21-537),Mackay/Capricorn,2,10,0,1.45669844,0.676029477,0.261007282,0.21544382
2912,1147,-21.4007,152.1809,21631100104,21-631,U/N Reef,U/N Reef (21-631),Mackay/Capricorn,2,10,0,0.214533529,0.701576673,0.039262054,0.237745432
2913,1112,-21.3313,152.2501,21632100104,21-632,U/N Reef,U/N Reef (21-632),Mackay/Capricorn,2,10,0,0.453213353,1.276410346,0.073525427,0.237745432
2914,1144,-21.3707,152.2539,21633100104,21-633,U/N Reef,U/N Reef (21-633),Mackay/Capricorn,2,10,0,0.060126787,0.25363257,0.012905373,0.237745432
2915,1112,-21.199,152.2606,21634100104,21-634,U/N Reef,U/N Reef (21-634),Mackay/Capricorn,2,10,1,0.344711007,1.02548128,0.058659324,0.237745432
2916,1112,-21.2853,152.2775,21635100104,21-635,U/N Reef,U/N Reef (21-635),Mackay/Capricorn,2,10,0,0.109549893,0.409891216,0.021915211,0.237745427
2917,1112,-21.2628,152.3048,21636100104,21-636,U/N Reef,U/N Reef (21-636),Mackay/Capricorn,2,10,0,0.057474336,0.244671575,0.012400582,0.237745426
2918,1120,-21.3247,152.3522,21637100104,21-637,U/N Reef,U/N Reef (21-637),Mackay/Capricorn,2,10,0,0.105334506,0.397287742,0.021177225,0.237745433
2919,1120,-21.3735,152.4061,21638100104,21-638,U/N Reef,U/N Reef (21-638),Mackay/Capricorn,2,10,0,0.096171234,0.369433988,0.019551984,0.237745431
2920,1096,-21.1595,152.4112,21639100104,21-639,U/N Reef,U/N Reef (21-639),Mackay/Capricorn,2,10,1,1.748033933,3.759704441,0.203492698,0.237745432
2921,1101,-21.1836,152.4199,21640100104,21-640,U/N Reef,U/N Reef (21-640),Mackay/Capricorn,2,10,1,0.579875057,1.555209817,0.08974867,0.237745432
2922,1101,-21.1696,152.4258,21641100104,21-641,U/N Reef,U/N Reef (21-641),Mackay/Capricorn,2,10,1,0.130101685,0.47049474,0.02548291,0.23774543
2923,1134,-21.3997,152.4674,21642100104,21-642,U/N Reef,U/N Reef (21-642),Mackay/Capricorn,2,10,0,0.209674712,0.689284122,0.038525315,0.237745435
2924,1115,-21.3397,151.1431,21811100104,21-811,U/N Reef,U/N Reef (21-811),Mackay/Capricorn,2,9,0,0.022974898,0.117216705,0.005459319,0.237745428
2925,1115,-21.256,151.1464,21812100104,21-812,U/N Reef,U/N Reef (21-812),Mackay/Capricorn,2,9,0,1.998247981,4.173594495,0.222026831,0.237745433
2926,1115,-21.2993,151.1863,21813100104,21-813,U/N Reef,U/N Reef (21-813),Mackay/Capricorn,2,9,0,2.697823653,5.306783072,0.268902807,0.237745432
2927,1152,-21.4631,151.2329,21814100104,21-814,U/N Reef,U/N Reef (21-814),Mackay/Capricorn,2,9,1,0.062638549,0.261532988,0.013351773,0.237745436
2928,1080,-21.1044,151.2709,21815100104,21-815,U/N Reef,U/N Reef (21-815),Mackay/Capricorn,2,9,0,0.303178653,1.127558527,0.019805297,0.228214562
2929,1080,-21.0941,151.2908,21816100104,21-816,U/N Reef,U/N Reef (21-816),Mackay/Capricorn,2,9,0,0.21189631,1.031629328,0.090269508,0.241831859
2930,1060,-21.0075,151.3275,21817100104,21-817,U/N Reef,U/N Reef (21-817),Mackay/Capricorn,3,9,0,0.089398506,0.483662687,0.036861259,0.299293366
2931,1060,-21.0047,151.3638,21818100104,21-818,U/N Reef,U/N Reef (21-818),Mackay/Capricorn,3,9,0,0.086365228,0.358027363,0.009824438,0.296671354
2932,1061,-21.0572,151.3926,21819100104,21-819,U/N Reef,U/N Reef (21-819),Mackay/Capricorn,3,9,0,0.098429534,0.433077654,0.004300059,0.296671355
2933,1061,-21.0452,151.4019,21820100104,21-820,U/N Reef,U/N Reef (21-820),Mackay/Capricorn,3,9,0,0.117484357,0.620033978,0.006438805,0.296671362
2934,1167,-21.5834,151.4036,21821100104,21-821,U/N Reef,U/N Reef (21-821),Mackay/Capricorn,2,10,1,0.403319407,1.167352859,0.407831738,0.228214562
2935,1061,-21.0313,151.4086,21822100104,21-822,U/N Reef,U/N Reef (21-822),Mackay/Capricorn,3,9,0,0.028292668,0.232803186,0.083880485,0.282008803
2936,1204,-21.8044,151.882,21465100104,21-465,U/N Reef,U/N Reef (21-465),Mackay/Capricorn,2,10,0,32.23832246,43.64950477,24.24262094,0.275390546
2937,1208,-21.8379,151.9869,21466100104,21-466,U/N Reef,U/N Reef (21-466),Mackay/Capricorn,2,10,0,23.87194514,37.77357358,15.24577651,0.269338583
2938,1216,-21.8867,151.9263,21467100104,21-467,U/N Reef,U/N Reef (21-467),Mackay/Capricorn,2,10,0,10.40428524,17.9811066,15.10954555,0.257970125
2939,1218,-21.8837,152.4438,21538100104,21-538,Emperor Reef,Emperor Reef (21-538),Mackay/Capricorn,2,10,0,22.35834922,33.7352566,12.59870208,0.282988472
2940,1222,-21.9401,152.2711,21539100104,21-539,U/N Reef,U/N Reef (21-539),Mackay/Capricorn,2,10,0,16.45951774,3.008500447,2.081311579,0.249147521
2941,1218,-21.9058,152.4777,21540100104,21-540,U/N Reef,U/N Reef (21-540),Mackay/Capricorn,2,10,0,2.078452964,4.542067322,2.478346007,0.225351137
2942,1218,-21.9086,152.4503,21541100104,21-541,U/N Reef,U/N Reef (21-541),Mackay/Capricorn,2,10,0,0.069577592,0.288637566,0.002724595,0.237744658
2943,1218,-21.9175,152.466,21542100104,21-542,U/N Reef,U/N Reef (21-542),Mackay/Capricorn,2,10,0,3.062186715,5.882462914,2.78002556,0.25349599
2944,1223,-21.9229,152.3927,21543100104,21-543,Long Reef,Long Reef (21-543),Mackay/Capricorn,2,10,0,2.401454391,4.231098072,1.656537631,0.243024845
2945,1134,-21.3448,152.4735,21643100104,21-643,U/N Reef,U/N Reef (21-643),Mackay/Capricorn,2,10,1,0.061711817,0.259097992,0.013214056,0.23774543
2946,1134,-21.3772,152.4869,21644100104,21-644,U/N Reef,U/N Reef (21-644),Mackay/Capricorn,2,10,1,0.189986287,0.637029859,0.035396229,0.237745433
2947,1106,-21.2173,152.4987,21645100104,21-645,U/N Reef,U/N Reef (21-645),Mackay/Capricorn,2,10,0,0.008278794,0.087226313,7.08192e-4,0.237736089
2948,1096,-21.1169,152.4991,21655100104,21-655,U/N Reef,U/N Reef (21-655),Mackay/Capricorn,3,10,1,0.134175904,0.510529765,0.014644536,0.296671359
2949,1076,-21.0744,152.513,21656100104,21-656,U/N Reef,U/N Reef (21-656),Mackay/Capricorn,3,10,1,0.758203504,2.040449287,0.06959748,0.296671358
2950,1135,-21.3683,152.549,21657100104,21-657,U/N Reef,U/N Reef (21-657),Mackay/Capricorn,2,10,1,0.077276073,0.310228905,0.0161283,0.237745433
2951,1121,-21.3067,152.5523,21658100104,21-658,U/N Reef,U/N Reef (21-658),Mackay/Capricorn,3,10,1,0.140154101,0.528704582,0.015232344,0.296671358
2952,1102,-21.1594,152.5751,21659100104,21-659,U/N Reef,U/N Reef (21-659),Mackay/Capricorn,3,10,0,0.081476275,0.342596174,0.009349375,0.296671358
2953,1102,-21.1535,152.5816,21660100104,21-660,U/N Reef,U/N Reef (21-660),Mackay/Capricorn,3,10,0,0.070979619,0.306811233,0.008258138,0.296671359
2954,1135,-21.3648,152.5908,21661100104,21-661,U/N Reef,U/N Reef (21-661),Mackay/Capricorn,3,10,0,2.090857431,4.594364232,0.173442524,0.296671358
2955,1102,-21.2377,152.6708,21663100104,21-663,U/N Reef,U/N Reef (21-663),Mackay/Capricorn,3,10,0,0.449906265,1.344471676,0.043528388,0.296671358
2956,1132,-21.3327,151.4535,21823100104,21-823,U/N Reef,U/N Reef (21-823),Mackay/Capricorn,3,9,1,1.411783076,4.448763228,2.287901833,0.331633851
2957,1062,-21.0581,151.4955,21824100104,21-824,U/N Reef,U/N Reef (21-824),Mackay/Capricorn,3,9,0,1.224433588,3.923876114,2.690953576,0.298572936
2958,1062,-21.0264,151.4962,21825100104,21-825,U/N Reef,U/N Reef (21-825),Mackay/Capricorn,3,9,0,0.108280249,0.610712352,0.399396568,0.304217947
2959,1175,-21.6903,150.9508,21826100104,21-826,U/N Reef,U/N Reef (21-826),Mackay/Capricorn,2,9,1,0.256248256,0.806796952,0.045572359,0.237745432
2960,1175,-21.7102,150.9061,21827100104,21-827,U/N Reef,U/N Reef (21-827),Mackay/Capricorn,2,9,1,19.38977615,25.69573379,0.698472888,0.237745433
2961,1175,-21.7247,151.0184,21828100104,21-828,U/N Reef,U/N Reef (21-828),Mackay/Capricorn,2,9,1,0.463595621,1.296569991,0.074709895,0.237745433
2962,1195,-21.7115,151.7422,21460100104,21-460,U/N Reef,U/N Reef (21-460),Mackay/Capricorn,2,10,0,21.7158168,35.08705203,17.59460853,0.257724574
2963,1177,-21.6975,151.8605,21461100104,21-461,U/N Reef,U/N Reef (21-461),Mackay/Capricorn,2,10,0,3.049784846,7.397426094,4.790473955,0.227841119
2964,1190,-21.7137,151.9846,21462100104,21-462,U/N Reef,U/N Reef (21-462),Mackay/Capricorn,2,10,0,5.280580952,9.391643847,4.322618272,0.25853994
2965,1190,-21.7345,151.9442,21463100104,21-463,U/N Reef,U/N Reef (21-463),Mackay/Capricorn,2,10,0,6.05820076,4.458362204,3.225546357,0.235437747
2966,1195,-21.7559,151.7737,21464100104,21-464,U/N Reef,U/N Reef (21-464),Mackay/Capricorn,2,10,0,11.35412123,22.82640114,14.04316371,0.230622985
2967,1221,-21.9217,152.1087,21544100104,21-544,U/N Reef,U/N Reef (21-544),Mackay/Capricorn,2,10,1,20.20172023,24.19255286,11.19471933,0.266982067
2968,1223,-21.9256,152.4339,21545100104,21-545,Moon Reef,Moon Reef (21-545),Mackay/Capricorn,2,10,0,1.275069571,3.118149419,1.640791475,0.303506379
2969,1233,-21.9309,152.4926,21546100104,21-546,U/N Reef,U/N Reef (21-546),Mackay/Capricorn,2,10,0,1.235476339,4.308322586,2.121702517,0.226250073
2970,1230,-21.941,152.2117,21547100104,21-547,U/N Reef,U/N Reef (21-547),Mackay/Capricorn,2,10,1,2.455467839,1.043259715,0.616955672,0.228820416
2971,1087,-21.1498,152.68,21664100104,21-664,U/N Reef,U/N Reef (21-664),Mackay/Capricorn,3,10,0,0.883305857,0.024113175,0.010528688,0.292999814
2972,1142,-21.4967,151.6202,21665100104,21-665,U/N Reef,U/N Reef (21-665),Mackay/Capricorn,2,10,0,0.069333221,0.283871576,0.014620385,0.237745434
2973,1142,-21.5115,151.6365,21666100104,21-666,U/N Reef,U/N Reef (21-666),Mackay/Capricorn,2,10,0,0.171576768,0.580576141,0.005979696,0.237745428
2974,1160,-21.4315,151.8672,21667100104,21-667,U/N Reef,U/N Reef (21-667),Mackay/Capricorn,2,10,0,1.656089942,0.463223426,0.004638232,0.237745435
2975,1204,-21.7796,151.8909,21668100104,21-668,U/N Reef,U/N Reef (21-668),Mackay/Capricorn,2,10,0,0.168177364,0.577047475,0.031812478,0.237745431
2976,1204,-21.7828,151.8946,21669100104,21-669,U/N Reef,U/N Reef (21-669),Mackay/Capricorn,2,10,0,0.065456722,0.271245756,0.013902233,0.237745425
2977,1178,-21.6084,151.8959,21670100104,21-670,U/N Reef,U/N Reef (21-670),Mackay/Capricorn,2,10,0,0.208797041,0.686101022,0.038334572,0.237745431
2978,1204,-21.7852,151.8997,21671100104,21-671,U/N Reef,U/N Reef (21-671),Mackay/Capricorn,2,10,0,0.075408353,0.303767534,0.015757612,0.237745437
2979,1178,-21.5908,151.9031,21672100104,21-672,U/N Reef,U/N Reef (21-672),Mackay/Capricorn,2,10,0,0.535497648,1.457540301,0.084105514,0.237745433
2980,1160,-21.4749,151.9182,21673100104,21-673,U/N Reef,U/N Reef (21-673),Mackay/Capricorn,2,10,0,2.498081147,4.99708794,0.256617918,0.237745433
2981,1204,-21.8041,151.9262,21674100104,21-674,U/N Reef,U/N Reef (21-674),Mackay/Capricorn,2,10,0,0.063353846,0.264269458,0.013506678,0.237745431
2982,1227,-21.9962,149.8869,22003101104,22-003a,Wild Duck Island Reef (No 1),Wild Duck Island Reef (No 1) (22-003a),Mackay/Capricorn,1,9,1,1.138383078,3.085612481,0.0391604,0.267194679
2983,1227,-22.0076,149.8681,22003102104,22-003b,Wild Duck Island Reef (No 2),Wild Duck Island Reef (No 2) (22-003b),Mackay/Capricorn,1,9,1,0.724740994,2.150042343,0.026081997,0.267194684
2984,1226,-22.0243,149.8309,22005100104,22-005,Infelix Islets Reef,Infelix Islets Reef (22-005),Mackay/Capricorn,1,9,1,1.948609291,4.743073651,0.063519255,0.267194682
2985,1155,-21.5038,152.4192,21468100104,21-468,U/N Reef,U/N Reef (21-468),Mackay/Capricorn,2,10,0,5.784427785,10.54021254,5.398540936,0.23940487
2986,1155,-21.5148,152.389,21469100104,21-469,U/N Reef,U/N Reef (21-469),Mackay/Capricorn,2,10,0,0.18109452,0.366773839,0.173092249,0.201210726
2987,1162,-21.5116,152.4948,21470100104,21-470,U/N Reef,U/N Reef (21-470),Mackay/Capricorn,2,10,0,2.05847413,5.030663421,2.192299112,0.218187793
2988,1147,-21.4988,152.05,21471100104,21-471,U/N Reef,U/N Reef (21-471),Mackay/Capricorn,2,10,0,3.394496971,0.006604041,0.002452585,0.228214562
2989,1155,-21.5211,152.4552,21472100104,21-472,U/N Reef,U/N Reef (21-472),Mackay/Capricorn,2,10,0,0.069208603,0.391197899,0.241982587,0.199160225
2990,1155,-21.5273,152.4408,21473100104,21-473,U/N Reef,U/N Reef (21-473),Mackay/Capricorn,2,10,0,0.971426637,1.9666861390000001,1.27903844,0.21312711
2991,1174,-21.5346,152.4746,21474100104,21-474,U/N Reef,U/N Reef (21-474),Mackay/Capricorn,2,10,0,3.511412818,6.012049698,3.203861875,0.217564489
2992,1223,-21.9363,152.4589,21548100104,21-548,Poulson Reef,Poulson Reef (21-548),Mackay/Capricorn,2,10,0,3.103466111,5.600961838,2.445311319,0.225375564
2993,1223,-21.9481,152.4233,21549100104,21-549,Pike Reef,Pike Reef (21-549),Mackay/Capricorn,2,10,0,14.81534728,22.61010642,6.386019271,0.304882556
2994,1231,-21.9514,152.3127,21550100104,21-550,U/N Reef,U/N Reef (21-550),Mackay/Capricorn,2,10,0,7.817702218,13.8950438,7.07452032,0.311051839
2995,1221,-21.9606,152.0556,21551100104,21-551,U/N Reef,U/N Reef (21-551),Mackay/Capricorn,2,10,1,21.84284478,26.42922009,17.42664267,0.280233474
2996,1190,-21.7486,151.9428,21675100104,21-675,U/N Reef,U/N Reef (21-675),Mackay/Capricorn,2,10,0,0.0158034,0.087025361,0.003911262,0.237744682
2997,1216,-21.8832,151.9601,21676100104,21-676,U/N Reef,U/N Reef (21-676),Mackay/Capricorn,2,10,0,0.087048573,0.34077396,0.017888903,0.23774543
2998,1178,-21.5908,151.9614,21677100104,21-677,U/N Reef,U/N Reef (21-677),Mackay/Capricorn,2,10,0,1.611585592,3.519413484,0.192352108,0.237745432
2999,1208,-21.8848,151.9721,21678100104,21-678,U/N Reef,U/N Reef (21-678),Mackay/Capricorn,2,10,0,0.23242731,0.747649115,0.042024635,0.237745432
3000,1216,-21.9157,151.9871,21679100104,21-679,U/N Reef,U/N Reef (21-679),Mackay/Capricorn,2,10,0,0.439769745,1.245262474,0.071692173,0.237745432
3001,1179,-21.6983,152.0054,21680100104,21-680,U/N Reef,U/N Reef (21-680),Mackay/Capricorn,2,10,0,0.073132224,0.296477079,0.015340152,0.237745435
3002,1179,-21.695,152.0189,21681100104,21-681,U/N Reef,U/N Reef (21-681),Mackay/Capricorn,2,10,0,0.093130397,0.359740893,0.018988401,0.237745429
3003,1179,-21.6761,152.0213,21682100104,21-682,U/N Reef,U/N Reef (21-682),Mackay/Capricorn,2,10,0,0.14955276,0.525479061,0.028741889,0.237745432
3004,1179,-21.6934,152.0217,21683100104,21-683,U/N Reef,U/N Reef (21-683),Mackay/Capricorn,2,10,0,0.114850015,0.425426627,0.022826898,0.237745431
3005,1179,-21.686,152.0251,21684100104,21-684,U/N Reef,U/N Reef (21-684),Mackay/Capricorn,2,10,0,0.140509806,0.499905717,0.027223918,0.237745436
3006,1179,-21.6768,152.0275,21685100104,21-685,U/N Reef,U/N Reef (21-685),Mackay/Capricorn,2,10,0,0.115286032,0.426725505,0.02290323,0.237745433
3007,1226,-22.043,149.8116,22007100104,22-007,North Point Cays Reef,North Point Cays Reef (22-007),Mackay/Capricorn,1,9,1,0.289503842,1.031797064,0.011419257,0.267194095
3008,1245,-22.0257,149.9324,22008100104,22-008,Brooks Shoal,Brooks Shoal (22-008),Mackay/Capricorn,1,9,0,0.232297319,0.865306265,0.009368322,0.267193971
3009,1245,-22.0324,149.9702,22009100104,22-009,Barren Island Reef,Barren Island Reef (22-009),Mackay/Capricorn,1,9,0,0.647079063,1.963906056,0.023555852,0.26719468
3010,1220,-22.0558,149.6143,22010100104,22-010,Roundish Reef,Roundish Reef (22-010),Mackay/Capricorn,1,9,0,0.080483912,0.139756289,0.076011765,0.273867268
3011,1245,-22.0534,149.9878,22012100104,22-012,South Barren Reef,South Barren Reef (22-012),Mackay/Capricorn,1,9,0,0.619628488,1.89700854,0.022655103,0.267194677
3012,1245,-22.0622,149.9316,22013100104,22-013,Obstruction Shoals,Obstruction Shoals (22-013),Mackay/Capricorn,1,9,0,0.759122791,2.231430015,0.027195323,0.267194681
3013,1220,-22.174,149.5673,22014100104,22-014,U/N Reef,U/N Reef (22-014),Mackay/Capricorn,1,9,0,0.396734298,0.688165512,0.383153454,0.273867268
3014,1161,-21.5209,152.2797,21475100104,21-475,U/N Reef,U/N Reef (21-475),Mackay/Capricorn,2,10,0,12.70896027,4.173493126,2.692012248,0.219817835
3015,1169,-21.5509,152.1967,21476100104,21-476,U/N Reef,U/N Reef (21-476),Mackay/Capricorn,2,10,0,5.16068465,9.302098022,4.221437011,0.22105163
3016,1173,-21.5473,152.3979,21477100104,21-477,U/N Reef,U/N Reef (21-477),Mackay/Capricorn,2,10,0,4.920574953,9.381130916,4.87226698,0.263799503
3017,1164,-21.5625,152.2732,21478100104,21-478,U/N Reef,U/N Reef (21-478),Mackay/Capricorn,2,10,0,6.609063943,7.237715527,3.55124079,0.253413291
3018,1174,-21.5614,152.4567,21479100104,21-479,U/N Reef,U/N Reef (21-479),Mackay/Capricorn,2,10,0,4.284749674,7.867649572,3.140944368,0.22325676
3019,1121,-21.29,152.6053,21294100104,21-294,U/N Reef,U/N Reef (21-294),Mackay/Capricorn,3,10,1,10.12384174,12.03788849,8.830195959,0.29157303
3020,1121,-21.319,152.5806,21295100104,21-295,U/N Reef,U/N Reef (21-295),Mackay/Capricorn,3,10,1,6.1759646010000004,10.77672097,6.943489376,0.291402371
3021,1135,-21.3387,152.5534,21296100104,21-296,U/N Reef,U/N Reef (21-296),Mackay/Capricorn,3,10,1,6.003347669,10.17671264,7.537441164,0.289688817
3022,1134,-21.3685,152.5059,21297101104,21-297a,U/N Reef,U/N Reef (21-297a),Mackay/Capricorn,2,10,1,0.908483663,1.31644327,0.660057272,0.216988369
3023,1135,-21.3405,152.5248,21297102104,21-297b,U/N Reef,U/N Reef (21-297b),Mackay/Capricorn,2,10,1,0.463140349,1.940779288,0.995344035,0.218046593
3024,1229,-21.6731,150.295,21396100104,21-396,Whites Bay Reef,Whites Bay Reef (21-396),Mackay/Capricorn,1,9,0,0.020516038,0.080932552,6.51752e-4,0.267183038
3025,1229,-21.6836,150.2751,21398100104,21-398,West Spur Reef,West Spur Reef (21-398),Mackay/Capricorn,1,9,0,0.473503261,0.95135819,0.054970945,0.251116139
3026,1229,-21.6844,150.2873,21399100104,21-399,East Spur Reef,East Spur Reef (21-399),Mackay/Capricorn,1,9,0,0.596726196,0.582193658,0.117707116,0.251116139
3027,1229,-21.7326,150.3164,21401100104,21-401,Howard Islet Reef,Howard Islet Reef (21-401),Mackay/Capricorn,1,9,0,0.300363903,0.349182667,0.003374672,0.267195911
3028,1229,-21.7477,150.2894,21402100104,21-402,Hixson Islet Reef,Hixson Islet Reef (21-402),Mackay/Capricorn,1,9,0,0.094071902,0.420058387,0.004154928,0.267194632
3029,1115,-21.2571,151.128,21124100104,21-124,U/N Reef,U/N Reef (21-124),Mackay/Capricorn,2,9,0,5.307887886,12.06440211,7.195227378,0.239692653
3030,1131,-21.2651,151.3749,21125100104,21-125,U/N Reef,U/N Reef (21-125),Mackay/Capricorn,2,9,0,2.76295751,7.897003771,4.341518555,0.260818839
3031,1115,-21.2946,151.2036,21126100104,21-126,U/N Reef,U/N Reef (21-126),Mackay/Capricorn,2,9,0,0.141964797,0.580105796,0.005974253,0.237745432
3032,1115,-21.2916,151.1144,21127101104,21-127a,U/N Reef,U/N Reef (21-127a),Mackay/Capricorn,2,9,0,1.464555852,5.346646859,3.515267807,0.243662795
3033,1115,-21.3176,151.1197,21127102104,21-127b,U/N Reef,U/N Reef (21-127b),Mackay/Capricorn,2,9,0,0.418433527,1.964127205,0.865769803,0.224781032
3034,1083,-21.0988,152.1639,21208100104,21-208,U/N Reef,U/N Reef (21-208),Mackay/Capricorn,2,10,1,1.003173854,1.787531332,1.336975374,0.225366073
3035,1075,-21.1001,152.2564,21209100104,21-209,U/N Reef,U/N Reef (21-209),Mackay/Capricorn,2,10,1,2.799795494,5.3906185,2.86407337,0.240204386
3036,1084,-21.1019,152.3136,21210100104,21-210,U/N Reef,U/N Reef (21-210),Mackay/Capricorn,2,10,1,0.248214693,1.111743873,0.783598101,0.221916842
3037,1085,-21.103,152.3542,21211100104,21-211,U/N Reef,U/N Reef (21-211),Mackay/Capricorn,2,10,1,1.536400591,3.281732221,2.321622264,0.220352696
3038,1083,-21.1052,152.1565,21212100104,21-212,U/N Reef,U/N Reef (21-212),Mackay/Capricorn,2,10,1,0.584710054,1.461758588,1.066161874,0.226601564
3039,1083,-21.1064,152.1866,21213100104,21-213,U/N Reef,U/N Reef (21-213),Mackay/Capricorn,2,10,1,8.448877708,3.363037812,2.590830345,0.261408512
3040,1135,-21.3518,152.5226,21297103104,21-297c,U/N Reef,U/N Reef (21-297c),Mackay/Capricorn,2,10,1,0.202119534,1.11553188,0.766879477,0.234286226
3041,1134,-21.3584,152.5107,21297104104,21-297d,U/N Reef,U/N Reef (21-297d),Mackay/Capricorn,2,10,1,0.118232222,0.644877981,0.377256704,0.221584249
3042,1134,-21.3794,152.5016,21298100104,21-298,U/N Reef,U/N Reef (21-298),Mackay/Capricorn,2,10,1,0.776949278,0.115889217,9.75935e-4,0.237749249
3043,1135,-21.3787,152.5291,21299100104,21-299,U/N Reef,U/N Reef (21-299),Mackay/Capricorn,2,10,1,7.952681033,14.57554733,8.597510018,0.236093411
3044,1134,-21.3932,152.5075,21300101104,21-300a,U/N Reef,U/N Reef (21-300a),Mackay/Capricorn,2,10,1,1.384134506,3.790043128,2.002472962,0.21819584
3045,1134,-21.3944,152.5176,21300102104,21-300b,U/N Reef,U/N Reef (21-300b),Mackay/Capricorn,2,10,1,0.105811393,0.33867627300000003,0.003261091,0.23774457
3046,1149,-21.4293,152.5292,21301100104,21-301,U/N Reef,U/N Reef (21-301),Mackay/Capricorn,3,10,0,0.380290269,1.783100269,1.194891223,0.291401748
3047,1149,-21.4322,152.5813,21302100104,21-302,U/N Reef,U/N Reef (21-302),Mackay/Capricorn,3,10,0,4.538870013,9.571003365,7.926143771,0.291439422
3048,1229,-21.739,150.3162,21403101104,21-403a,South Island Reef (No 1),South Island Reef (No 1) (21-403a),Mackay/Capricorn,1,9,0,0.204739232,0.051599945,0.013328568,0.273867268
3049,1229,-21.7362,150.3444,21403102104,21-403b,South Island Reef (No 2),South Island Reef (No 2) (21-403b),Mackay/Capricorn,1,9,0,0.245657276,0.463298538,0.207010501,0.267679457
3050,1229,-21.7579,150.4299,21406100104,21-406,South East Islets Reef,South East Islets Reef (21-406),Mackay/Capricorn,1,9,0,1.002273066,2.097174757,0.685110714,0.263837962
3051,1129,-21.3223,151.1672,21128100104,21-128,Storm Reef,Storm Reef (21-128),Mackay/Capricorn,2,9,0,52.95786959,68.3798661,36.23672105,0.269968133
3052,1128,-21.3538,151.0965,21129100104,21-129,U/N Reef,U/N Reef (21-129),Mackay/Capricorn,2,9,1,22.73663376,40.4830752,14.60525862,0.277454289
3053,1082,-21.1212,152.0493,21214100104,21-214,Zodiac Reef,Zodiac Reef (21-214),Mackay/Capricorn,2,10,0,30.60979151,3.378032608,2.735803207,0.242747163
3054,1084,-21.117,152.3224,21215100104,21-215,U/N Reef,U/N Reef (21-215),Mackay/Capricorn,2,10,1,1.332151603,2.529596406,1.883303879,0.233886728
3055,1085,-21.1216,152.3891,21216100104,21-216,U/N Reef,U/N Reef (21-216),Mackay/Capricorn,2,10,1,0.684123644,1.133138029,0.800582706,0.215244357
3056,1096,-21.1249,152.4724,21217100104,21-217,U/N Reef,U/N Reef (21-217),Mackay/Capricorn,2,10,1,0.587676814,2.090709155,1.465987847,0.227812594
3057,1096,-21.132,152.4851,21218100104,21-218,U/N Reef,U/N Reef (21-218),Mackay/Capricorn,2,10,1,0.643846201,2.140018207,1.525109686,0.232195224
3058,1083,-21.1349,152.1825,21219100104,21-219,U/N Reef,U/N Reef (21-219),Mackay/Capricorn,2,10,1,1.67677166,2.86504118,2.273056675,0.233381383
3059,1083,-21.1569,152.143,21220100104,21-220,U/N Reef,U/N Reef (21-220),Mackay/Capricorn,2,10,1,3.958593706,3.502236027,2.849224203,0.292254363
3060,1156,-21.4607,152.5197,21303100104,21-303,U/N Reef,U/N Reef (21-303),Mackay/Capricorn,2,10,0,2.445092218,5.070058238,3.199225441,0.224794386
3061,1156,-21.4738,152.5101,21304100104,21-304,U/N Reef,U/N Reef (21-304),Mackay/Capricorn,2,10,0,3.287604855,6.649544896,3.343205911,0.215546342
3062,1156,-21.4837,152.5644,21305100104,21-305,East Cay Reef,East Cay Reef (21-305),Mackay/Capricorn,3,10,0,8.861873425,14.02660695,9.081584256,0.292008788
3063,1156,-21.4949,152.5095,21306100104,21-306,U/N Reef,U/N Reef (21-306),Mackay/Capricorn,2,10,0,0.626775343,2.143332227,1.418074769,0.225214706
3064,1157,-21.5371,149.4793,21307100104,21-307,U/N Reef,U/N Reef (21-307),out,1,9,0,5.349317556,13.07382909,7.47191617,0.273013459
3065,1228,-21.9234,150.1048,21414101104,21-414a,Bamborough Island Reef (No 1),Bamborough Island Reef (No 1) (21-414a),Mackay/Capricorn,1,9,1,2.214507177,2.31865749,0.66425578,0.272569535
3066,1228,-21.9216,150.1193,21414102104,21-414b,Bamborough Island Reef (No 2),Bamborough Island Reef (No 2) (21-414b),Mackay/Capricorn,1,9,1,0.620303066,0.939559011,0.576010706,0.261702286
3067,1229,-21.9145,150.2283,21415100104,21-415,Jeffreys Rocks Reef,Jeffreys Rocks Reef (21-415),Mackay/Capricorn,1,9,0,0.523852319,0.718750674,0.167977076,0.263837962
3068,1130,-21.343,151.2778,21130100104,21-130,U/N Reef,U/N Reef (21-130),Mackay/Capricorn,2,9,1,24.48759706,40.41824294,14.50068253,0.290954644
3069,1131,-21.3697,151.3673,21131100104,21-131,Nancy Foster Reef,Nancy Foster Reef (21-131),Mackay/Capricorn,2,9,1,15.03473262,22.79945146,11.02558727,0.280591767
3070,1141,-21.3944,151.328,21132100104,21-132,U/N Reef,U/N Reef (21-132),Mackay/Capricorn,2,9,1,12.68874934,23.61281107,10.24507891,0.261835926
3071,1140,-21.3782,151.2503,21133100104,21-133,U/N Reef,U/N Reef (21-133),Mackay/Capricorn,2,9,1,5.312824184,12.94495362,5.838031193,0.287954826
3072,1140,-21.3888,151.2746,21134100104,21-134,U/N Reef,U/N Reef (21-134),Mackay/Capricorn,2,9,1,2.440964012,7.066632548,2.840694943,0.275689594
3073,1096,-21.1441,152.4301,21221100104,21-221,U/N Reef,U/N Reef (21-221),Mackay/Capricorn,2,10,1,4.384703042,3.874484488,2.613460387,0.240933793
3074,1084,-21.1545,152.3087,21222100104,21-222,U/N Reef,U/N Reef (21-222),Mackay/Capricorn,2,10,1,1.785657557,2.484531225,1.59523561,0.22125727
3075,1083,-21.1681,152.1918,21223100104,21-223,U/N Reef,U/N Reef (21-223),Mackay/Capricorn,2,10,1,0.482678972,1.448535511,1.055317955,0.221074611
3076,1101,-21.1655,152.478,21224100104,21-224,U/N Reef,U/N Reef (21-224),Mackay/Capricorn,2,10,0,2.166493772,2.192107971,1.438504008,0.218738182
3077,1095,-21.1979,152.0956,21225100104,21-225,U/N Reef,U/N Reef (21-225),Mackay/Capricorn,2,10,0,1.30730798,3.013684891,2.406152273,0.235183821
3078,1105,-21.1772,152.371,21226100104,21-226,U/N Reef,U/N Reef (21-226),Mackay/Capricorn,2,10,1,0.208229553,1.129484653,0.797679467,0.225415649
3079,1101,-21.1765,152.3975,21227100104,21-227,U/N Reef,U/N Reef (21-227),Mackay/Capricorn,2,10,1,4.221884651,2.193647197,1.389491427,0.213755051
3080,1157,-21.6021,149.4897,21308100104,21-308,Temple Island Reef,Temple Island Reef (21-308),Mackay/Capricorn,1,9,0,1.500126476,4.105391036,1.341009161,0.270846129
3081,1157,-21.6045,149.472,21309100104,21-309,U/N Reef,U/N Reef (21-309),Mackay/Capricorn,1,9,0,0.545973017,2.005307764,0.813915234,0.273040586
3082,1157,-21.6464,149.4436,21310100104,21-310,U/N Reef,U/N Reef (21-310),Mackay/Capricorn,1,9,0,2.122564089,4.994217939,2.830896055,0.273867268
3083,1157,-21.6754,149.4564,21312100104,21-312,U/N Reef,U/N Reef (21-312),Mackay/Capricorn,1,9,0,1.039423246,3.477364262,0.973641856,0.273867268
3084,1166,-21.7121,149.4717,21313100104,21-313,U/N Reef,U/N Reef (21-313),out,1,9,0,0.623333046,2.075492614,1.053403199,0.273867268
3085,1166,-21.7397,149.4685,21314100104,21-314,U/N Reef,U/N Reef (21-314),Mackay/Capricorn,1,9,0,1.374556712,3.788198063,2.585551725,0.273542953
3086,1220,-21.8243,149.4637,21315100104,21-315,U/N Reef,U/N Reef (21-315),Mackay/Capricorn,1,9,0,0.334795431,1.249525536,0.514451891,0.273867268
3087,1220,-21.8361,149.4841,21316100104,21-316,West Hill Reef,West Hill Reef (21-316),Mackay/Capricorn,1,9,0,1.987265037,4.845481329,1.665218769,0.271766802
3088,1228,-21.9383,150.0968,21417100104,21-417,Coquet Reef,Coquet Reef (21-417),Mackay/Capricorn,1,9,1,0.577722907,0.427005153,0.167588705,0.273867268
3089,1228,-21.9499,150.1314,21418101104,21-418a,Hunter Island Reef (No 1),Hunter Island Reef (No 1) (21-418a),Mackay/Capricorn,1,9,0,2.521581093,1.499379428,0.414038345,0.273867268
3090,1228,-21.9828,150.1462,21418102104,21-418b,Hunter Island Reef (No 2),Hunter Island Reef (No 2) (21-418b),Mackay/Capricorn,1,9,0,0.522360806,0.192269406,0.001725085,0.267185178
3091,1132,-21.3648,151.4799,21135100104,21-135,U/N Reef,U/N Reef (21-135),Mackay/Capricorn,3,9,1,38.16696865,51.8287399,21.98285612,0.326167993
3092,1132,-21.3852,151.4209,21136100104,21-136,U/N Reef,U/N Reef (21-136),Mackay/Capricorn,2,9,1,1.16167176,4.070138502,2.163067475,0.234653528
3093,1146,-21.402,151.419,21137100104,21-137,U/N Reef,U/N Reef (21-137),Mackay/Capricorn,2,9,1,1.872870186,6.503442715,2.717228014,0.217206638
3094,1146,-21.4314,151.4159,21138100104,21-138,U/N Reef,U/N Reef (21-138),Mackay/Capricorn,2,9,1,1.171511264,4.470496775,2.376893384,0.21809953
3095,1153,-21.4731,151.4691,21139100104,21-139,U/N Reef,U/N Reef (21-139),Mackay/Capricorn,2,10,1,14.27458779,21.88579169,8.393393773,0.227108198
3096,1084,-21.1823,152.2999,21228100104,21-228,U/N Reef,U/N Reef (21-228),Mackay/Capricorn,2,10,1,0.543463677,2.382439275,1.321077601,0.225127687
3097,1101,-21.183,152.4485,21229100104,21-229,U/N Reef,U/N Reef (21-229),Mackay/Capricorn,2,10,1,4.068287094,1.137283348,0.803878295,0.218271732
3098,1105,-21.1902,152.3361,21230100104,21-230,U/N Reef,U/N Reef (21-230),Mackay/Capricorn,2,10,1,1.518602602,4.075483653,2.801167732,0.250542329
3099,1112,-21.1996,152.3156,21231100104,21-231,U/N Reef,U/N Reef (21-231),Mackay/Capricorn,2,10,1,1.383211153,3.685121927,1.821302551,0.223105654
3100,1106,-21.2043,152.4981,21232100104,21-232,U/N Reef,U/N Reef (21-232),Mackay/Capricorn,2,10,0,0.515815963,1.311655369,0.935605875,0.221738137
3101,1106,-21.2155,152.4927,21233100104,21-233,U/N Reef,U/N Reef (21-233),Mackay/Capricorn,2,10,0,0.083665406,0.208782692,0.00189248,0.237744472
3102,1112,-21.2125,152.2426,21234100104,21-234,U/N Reef,U/N Reef (21-234),Mackay/Capricorn,2,10,1,5.605806072,7.04110613,3.673920116,0.244308258
3103,1104,-21.2201,152.0116,21235100104,21-235,Lavers Reef,Lavers Reef (21-235),Mackay/Capricorn,2,10,0,5.710119228,12.85184421,7.305562587,0.229662979
3104,1166,-21.5095,149.7676,21317100104,21-317,Ferdinand Shoal,Ferdinand Shoal (21-317),Mackay/Capricorn,1,9,1,1.268427789,2.155574828,0.026157519,0.267194683
3105,1166,-21.5106,149.7208,21318100104,21-318,Waratah Island Reef,Waratah Island Reef (21-318),Mackay/Capricorn,1,9,1,0.128030173,0.06432636,5.0294e-4,0.267189934
3106,1166,-21.5171,149.7166,21319100104,21-319,Waratah Shoal,Waratah Shoal (21-319),Mackay/Capricorn,1,9,1,0.656506481,0.1682387,0.001484069,0.267197059
3107,1166,-21.5238,149.8017,21320100104,21-320,Tupper Shoal,Tupper Shoal (21-320),Mackay/Capricorn,1,9,1,5.060554608,7.61232531,1.576923873,0.263837962
3108,1166,-21.5892,149.646,21322100104,21-322,Yaralla Shoal,Yaralla Shoal (21-322),Mackay/Capricorn,1,9,1,11.05402265,19.01115355,0.302846503,0.267194682
3109,1188,-21.5732,149.8247,21324101104,21-324a,Harry Shoal (North),Harry Shoal (North) (21-324a),Mackay/Capricorn,1,9,0,0.133695241,0.556128199,0.005697441,0.267192786
3110,1188,-21.5822,149.8178,21324102104,21-324b,Harry Shoal (South),Harry Shoal (South) (21-324b),Mackay/Capricorn,1,9,0,0.755576399,2.222804437,0.027077095,0.267194677
3111,1089,-21.4829,150.2674,21059100104,21-059,Hotspur Islets Reef,Hotspur Islets Reef (21-059),Mackay/Capricorn,1,9,1,0.946197601,1.290054074,0.458134941,0.262155647
3112,1058,-21.0129,150.5916,21060100104,21-060,U/N Reef,U/N Reef (21-060),Mackay/Capricorn,2,9,0,1.61457099,5.649448357,1.832492037,0.268339957
3113,1068,-21.0548,150.6923,21061100104,21-061,U/N Reef,U/N Reef (21-061),Mackay/Capricorn,2,9,0,27.87544015,43.18287934,18.19220943,0.327517607
3114,1152,-21.4846,151.2865,21140100104,21-140,U/N Reef,U/N Reef (21-140),Mackay/Capricorn,2,9,1,5.710197773,15.18616387,9.28501187,0.226374388
3115,1151,-21.4863,151.1982,21141100104,21-141,U/N Reef,U/N Reef (21-141),Mackay/Capricorn,2,9,1,26.76573811,46.91728699,29.79119659,0.234866865
3116,1064,-21.0036,151.554,21142100104,21-142,U/N Reef,U/N Reef (21-142),Mackay/Capricorn,3,9,0,6.381844828,16.36528635,13.06810361,0.33430361200000003
3117,1070,-21.0423,151.5633,21143100104,21-143,U/N Reef,U/N Reef (21-143),Mackay/Capricorn,3,9,0,1.534816051,5.565013575,3.749166021,0.304794643
3118,1070,-21.0504,151.5725,21144100104,21-144,U/N Reef,U/N Reef (21-144),Mackay/Capricorn,3,9,0,5.772722268,13.8401828,9.502471937,0.327220696
3119,1105,-21.219,152.3967,21236100104,21-236,U/N Reef,U/N Reef (21-236),Mackay/Capricorn,2,10,1,32.01970375,8.165874577,6.857049904,0.28050677
3120,1106,-21.24,152.4723,21237100104,21-237,U/N Reef,U/N Reef (21-237),Mackay/Capricorn,2,10,0,0.558114833,2.400639948,1.35321686,0.271561523
3121,1106,-21.236,152.5121,21238100104,21-238,U/N Reef,U/N Reef (21-238),Mackay/Capricorn,3,10,0,10.42872824,13.50398428,6.956569739,0.309126387
3122,1188,-21.5747,149.8127,21325100104,21-325,Hirst Reef,Hirst Reef (21-325),Mackay/Capricorn,1,9,0,0.156570509,0.109719853,9.17279e-4,0.267203922
3123,1188,-21.5914,149.8746,21326100104,21-326,Kilgour Shoal,Kilgour Shoal (21-326),Mackay/Capricorn,1,9,0,1.887698011,1.004415609,0.437667623,0.263837962
3124,1166,-21.601,149.7721,21327100104,21-327,Wallace Reef,Wallace Reef (21-327),Mackay/Capricorn,1,9,0,0.138863137,0.088866581,7.23972e-4,0.267186409
3125,1166,-21.5791,149.8061,21328100104,21-328,Tinonee Bank,Tinonee Bank (21-328),Mackay/Capricorn,1,9,0,2.362233549,2.376623397,0.56980427,0.272619107
3126,1188,-21.5884,149.8382,21329100104,21-329,Planter Shoal,Planter Shoal (21-329),Mackay/Capricorn,1,9,0,0.6383429,1.942372523,0.023265486,0.267194682
3127,1188,-21.6046,149.8669,21331100104,21-331,Bluff Island Reef,Bluff Island Reef (21-331),Mackay/Capricorn,1,9,0,0.321882383,0.093377557,7.65741e-4,0.267188318
3128,1059,-21.0312,150.8651,21062100104,21-062,U/N Reef,U/N Reef (21-062),Mackay/Capricorn,2,9,0,5.035647366,13.08714562,5.244413743,0.258002766
3129,1046,-21.0265,150.9249,21063100104,21-063,U/N Reef,U/N Reef (21-063),Mackay/Capricorn,2,9,0,1.137184836,4.289193556,0.928619991,0.224682219
3130,1069,-21.0571,150.778,21064100104,21-064,U/N Reef,U/N Reef (21-064),Mackay/Capricorn,2,9,0,2.411211849,7.036223824,4.841635906,0.296396055
3131,1059,-21.0722,150.8303,21065100104,21-065,U/N Reef,U/N Reef (21-065),Mackay/Capricorn,2,9,0,11.53821398,25.39867112,11.02203463,0.269996388
3132,1069,-21.0889,150.7786,21066100104,21-066,U/N Reef,U/N Reef (21-066),Mackay/Capricorn,2,9,0,0.257482344,0.292011247,0.002759864,0.237743247
3133,1098,-21.1162,150.9017,21067100104,21-067,U/N Reef,U/N Reef (21-067),Mackay/Capricorn,2,9,0,2.134378573,4.14977193,1.86257357,0.221659578
3134,1071,-21.0655,151.61,21145101104,21-145a,U/N Reef,U/N Reef (21-145a),Mackay/Capricorn,3,9,0,27.60455768,49.46221411,33.99379178,0.34403791
3135,1081,-21.0994,151.5993,21145102104,21-145b,U/N Reef,U/N Reef (21-145b),Mackay/Capricorn,3,9,0,7.909664684,13.95581882,6.471045114,0.324739549
3136,1071,-21.04,151.5966,21145103104,21-145c,U/N Reef,U/N Reef (21-145c),Mackay/Capricorn,3,9,0,0.351213646,1.41799016,1.006265813,0.294708569
3137,1072,-21.0769,151.6416,21146100104,21-146,U/N Reef,U/N Reef (21-146),Mackay/Capricorn,3,9,0,3.454860143,10.50141785,6.02499408,0.346425955
3138,1072,-21.0697,151.6636,21147100104,21-147,U/N Reef,U/N Reef (21-147),Mackay/Capricorn,3,9,0,12.12750399,26.36238196,21.36116395,0.340843078
3139,1112,-21.2641,152.2692,21239100104,21-239,U/N Reef,U/N Reef (21-239),Mackay/Capricorn,2,10,0,11.13410778,5.00320533,4.093927577,0.230765351
3140,1112,-21.2798,152.3125,21240100104,21-240,U/N Reef,U/N Reef (21-240),Mackay/Capricorn,2,10,0,0.188026389,1.012867115,0.705642235,0.22154411
3141,1112,-21.2826,152.3307,21241100104,21-241,Centenery Reef,Centenery Reef (21-241),Mackay/Capricorn,2,10,0,3.430121594,7.771583829,3.949831928,0.237424462
3142,1112,-21.3033,152.2311,21242101104,21-242a,U/N Reef,U/N Reef (21-242a),Mackay/Capricorn,2,10,0,2.225891451,6.174517876,3.259239885,0.227807417
3143,1112,-21.3006,152.2206,21242102104,21-242b,U/N Reef,U/N Reef (21-242b),Mackay/Capricorn,2,10,0,0.211372256,0.934900501,0.564018132,0.246829858
3144,1188,-21.6035,149.827,21333100104,21-333,Treble Reef,Treble Reef (21-333),Mackay/Capricorn,1,9,0,0.245553502,0.336140712,0.139782423,0.268786966
3145,1166,-21.6056,149.7831,21334100104,21-334,Curlew Reef,Curlew Reef (21-334),Mackay/Capricorn,1,9,0,0.564192854,0.189876753,0.001700827,0.267195065
3146,1188,-21.6206,149.8175,21336100104,21-336,U/N Reef,U/N Reef (21-336),Mackay/Capricorn,1,9,0,0.00967003,0.068017486,5.36045e-4,0.26719862
3147,1166,-21.6112,149.757,21337100104,21-337,Pearl Shoal,Pearl Shoal (21-337),Mackay/Capricorn,1,9,0,4.280149565,0.54471951,0.005566124,0.267192771
3148,1188,-21.624,149.7854,21338100104,21-338,Slattery Shoal,Slattery Shoal (21-338),Mackay/Capricorn,1,9,0,4.010876328,0.995990238,0.05296961,0.263837962
3149,1069,-21.1289,150.8307,21068100104,21-068,U/N Reef,U/N Reef (21-068),Mackay/Capricorn,2,9,0,3.925817301,9.913255941,4.18732364,0.247109589
3150,1099,-21.1122,150.995,21069100104,21-069,U/N Reef,U/N Reef (21-069),Mackay/Capricorn,2,9,0,1.368802944,4.872709419,2.275806925,0.266054277
3151,1069,-21.1331,150.7896,21070100104,21-070,U/N Reef,U/N Reef (21-070),Mackay/Capricorn,2,9,0,1.251292708,4.544301557,3.386110139,0.234857101
3152,1090,-21.1359,150.7632,21071100104,21-071,U/N Reef,U/N Reef (21-071),Mackay/Capricorn,2,9,0,1.325163212,4.847867332,3.307263609,0.321076546
3153,1073,-21.0822,151.6879,21148100104,21-148,Patricia Mather Reef,U/N Reef (21-148),Mackay/Capricorn,3,9,0,10.58141242,25.45038377,16.55293006,0.350396726
3154,1073,-21.0957,151.7161,21149100104,21-149,U/N Reef,U/N Reef (21-149),Mackay/Capricorn,3,9,0,11.79279129,24.10094196,14.25670661,0.342998978
3155,1093,-21.107,151.7349,21150100104,21-150,U/N Reef,U/N Reef (21-150),Mackay/Capricorn,3,9,0,2.462605608,7.950689482,4.823116689,0.286756214
3156,1093,-21.1145,151.7535,21151100104,21-151,U/N Reef,U/N Reef (21-151),Mackay/Capricorn,3,9,0,6.133317702,16.14723291,10.17886094,0.328025167
3157,1112,-21.2974,152.2312,21242103104,21-242c,U/N Reef,U/N Reef (21-242c),Mackay/Capricorn,2,10,0,0.006522064,0.072074543,0.003084939,0.259326112
3158,1119,-21.2955,152.0519,21243100104,21-243,U/N Reef,U/N Reef (21-243),Mackay/Capricorn,2,10,0,2.980221438,1.525909272,0.997873844,0.230628732
3159,1119,-21.3126,152.0645,21244100104,21-244,U/N Reef,U/N Reef (21-244),Mackay/Capricorn,2,10,0,1.019425146,1.484496427,0.017193509,0.237745438
3160,1120,-21.3054,152.4369,21245100104,21-245,U/N Reef,U/N Reef (21-245),Mackay/Capricorn,2,10,0,4.700579965,7.978023575,5.130729062,0.242974761
3161,1134,-21.3179,152.4818,21246100104,21-246,U/N Reef,U/N Reef (21-246),Mackay/Capricorn,2,10,0,0.467699051,1.380052917,0.936568776,0.217140757
3162,1133,-21.3318,152.163,21247100104,21-247,U/N Reef,U/N Reef (21-247),Mackay/Capricorn,2,10,0,15.64018189,7.745229671,4.871923671,0.254891117
3163,1188,-21.6283,149.8103,21339100104,21-339,Dinner Reef,Dinner Reef (21-339),Mackay/Capricorn,1,9,0,0.106440348,0.215020471,0.084312826,0.263837962
3164,1157,-21.6026,149.5049,21340100104,21-340,Temple Shoal,Temple Shoal (21-340),Mackay/Capricorn,1,9,0,0.885097511,2.92145504,0.171807804,0.251116139
3165,1166,-21.652,149.6638,21341100104,21-341,Edwards Shoal,Edwards Shoal (21-341),Mackay/Capricorn,1,9,0,2.381928672,1.335336472,0.005966803,0.263837962
3166,1188,-21.6561,149.8259,21342100104,21-342,Blackbird Shoal,Blackbird Shoal (21-342),Mackay/Capricorn,1,9,0,0.945489757,0.401250581,0.059918505,0.273867268
3167,1166,-21.6749,149.6382,21345100104,21-345,Ridge Reef,Ridge Reef (21-345),Mackay/Capricorn,1,9,0,0.154449557,0.149467996,0.001299653,0.267196676
3168,1166,-21.698,149.6734,21346100104,21-346,Paxton Shoal,Paxton Shoal (21-346),Mackay/Capricorn,1,9,0,0.82754299,0.141023078,0.00121701,0.267186073
3169,1166,-21.688,149.541,21347100104,21-347,Torch Shoal,Torch Shoal (21-347),Mackay/Capricorn,1,9,0,2.820309566,3.264997149,0.041730751,0.267194682
3170,1090,-21.1636,150.6604,21072100104,21-072,U/N Reef,U/N Reef (21-072),Mackay/Capricorn,2,9,0,58.18182283,81.40148169,24.10578508,0.276652772
3171,1098,-21.1393,150.8556,21073100104,21-073,U/N Reef,U/N Reef (21-073),Mackay/Capricorn,2,9,0,0.280598979,0.580459571,0.107523714,0.23225842
3172,1098,-21.1565,150.845,21074100104,21-074,U/N Reef,U/N Reef (21-074),Mackay/Capricorn,2,9,0,4.961444567,13.61093666,2.946663996,0.206267827
3173,1098,-21.1645,150.9339,21075100104,21-075,U/N Reef,U/N Reef (21-075),Mackay/Capricorn,2,9,0,1.337146206,1.503961652,0.902096397,0.219983707
3174,1093,-21.1204,151.7707,21152100104,21-152,U/N Reef,U/N Reef (21-152),Mackay/Capricorn,3,9,0,2.54725698,8.421335231,4.726016381,0.296915755
3175,1092,-21.1234,151.5806,21153100104,21-153,U/N Reef,U/N Reef (21-153),Mackay/Capricorn,3,9,0,6.62897013,16.46168145,7.719532636,0.324215239
3176,1092,-21.1509,151.5566,21154100104,21-154,U/N Reef,U/N Reef (21-154),Mackay/Capricorn,3,9,0,11.60406509,24.85867347,10.27580546,0.33660372
3177,1093,-21.1597,151.6905,21155100104,21-155,U/N Reef,U/N Reef (21-155),Mackay/Capricorn,3,9,1,2.347494383,7.348002828,3.368151958,0.345385277
3178,1093,-21.1479,151.7121,21156100104,21-156,U/N Reef,U/N Reef (21-156),Mackay/Capricorn,3,9,1,0.053421945,0.362253363,0.199981057,0.280852841
3179,1093,-21.1491,151.7566,21157100104,21-157,U/N Reef,U/N Reef (21-157),Mackay/Capricorn,3,9,1,7.81852652,15.28925833,12.1033892,0.294692592
3180,1093,-21.1507,151.7766,21158100104,21-158,U/N Reef,U/N Reef (21-158),Mackay/Capricorn,3,9,1,6.951282248,16.3078868,10.89365447,0.304657081
3181,1143,-21.3419,152.2222,21248100104,21-248,U/N Reef,U/N Reef (21-248),Mackay/Capricorn,2,10,0,2.126960607,2.777659757,1.764061994,0.222394541
3182,1144,-21.3423,152.3237,21249100104,21-249,U/N Reef,U/N Reef (21-249),Mackay/Capricorn,2,10,0,6.128868489,1.395688776,1.012104128,0.219056241
3183,1120,-21.3284,152.4017,21250101104,21-250a,U/N Reef,U/N Reef (21-250a),Mackay/Capricorn,2,10,0,3.422829819,7.110294697,4.049753692,0.268952011
3184,1120,-21.3253,152.3993,21250102104,21-250b,U/N Reef,U/N Reef (21-250b),Mackay/Capricorn,2,10,0,0.122231012,0.585345212,0.370732342,0.254688042
3185,1120,-21.3295,152.3659,21251100104,21-251,U/N Reef,U/N Reef (21-251),Mackay/Capricorn,2,10,0,1.773707208,0.544305448,0.005561104,0.237745452
3186,1143,-21.3497,152.2496,21252100104,21-252,U/N Reef,U/N Reef (21-252),Mackay/Capricorn,2,10,0,1.420270057,2.000053134,1.319895305,0.223031228
3187,1166,-21.7192,149.6694,21348100104,21-348,Connor Islet Reef,Connor Islet Reef (21-348),Mackay/Capricorn,1,9,0,0.589414696,1.106076363,0.700072624,0.273867268
3188,1188,-21.7123,149.8806,21349101104,21-349a,Smythe Shoals,Smythe Shoals (21-349a),Mackay/Capricorn,1,9,1,6.518703797,12.46342184,0.188334547,0.267194682
3189,1188,-21.7527,149.8336,21349102104,21-349b,Emily Patches,Emily Patches (21-349b),Mackay/Capricorn,1,9,1,5.406571112,10.73055049,0.159143093,0.267194681
3190,1166,-21.7429,149.5913,21350100104,21-350,Shag Reef,Shag Reef (21-350),Mackay/Capricorn,1,9,0,0.100457856,0.442335462,0.004403377,0.267196842
3191,1166,-21.7543,149.5642,21351100104,21-351,Stony Shoal,Stony Shoal (21-351),Mackay/Capricorn,1,9,0,4.072652511,0.254558499,0.002365519,0.267194024
3192,1166,-21.7374,149.6339,21352100104,21-352,Williams Shoal,Williams Shoal (21-352),Mackay/Capricorn,1,9,0,1.686438311,4.224368339,0.055759651,0.267194682
3193,1098,-21.1862,150.8733,21076100104,21-076,U/N Reef,U/N Reef (21-076),Mackay/Capricorn,2,9,0,12.15052687,22.63321114,7.479978262,0.251559662
3194,1098,-21.1924,150.9422,21077100104,21-077,U/N Reef,U/N Reef (21-077),Mackay/Capricorn,2,9,0,6.962892766,6.034842396,4.01101932,0.220373859
3195,1098,-21.201,150.8224,21078100104,21-078,U/N Reef,U/N Reef (21-078),Mackay/Capricorn,2,9,0,2.966184383,8.636103374,5.168057051,0.290884128
3196,1114,-21.2142,150.7928,21079100104,21-079,U/N Reef,U/N Reef (21-079),Mackay/Capricorn,2,9,0,2.821542244,8.672007211,2.941866394,0.276902124
3197,1114,-21.2262,150.7689,21080100104,21-080,U/N Reef,U/N Reef (21-080),Mackay/Capricorn,2,9,0,0.56745905,2.41487486,1.415158415,0.213368623
3198,1093,-21.162,151.7992,21159100104,21-159,U/N Reef,U/N Reef (21-159),Mackay/Capricorn,3,9,1,4.938794346,12.49511109,7.55765358,0.291866455
3199,1100,-21.1819,151.5535,21160100104,21-160,U/N Reef,U/N Reef (21-160),Mackay/Capricorn,3,9,0,12.26432265,24.77243428,13.32387241,0.349300208
3200,1093,-21.1811,151.8227,21161100104,21-161,U/N Reef,U/N Reef (21-161),Mackay/Capricorn,3,9,1,4.697951808,11.87653221,7.004634374,0.294922245
3201,1100,-21.2046,151.5421,21162100104,21-162,U/N Reef,U/N Reef (21-162),Mackay/Capricorn,3,9,0,6.726381031,12.60025194,7.679228633,0.313212081
3202,1103,-21.2084,151.5744,21163100104,21-163,U/N Reef,U/N Reef (21-163),Mackay/Capricorn,3,9,0,0.231683396,1.059042076,0.69282873,0.302272407
3203,1103,-21.2175,151.5288,21164100104,21-164,U/N Reef,U/N Reef (21-164),Mackay/Capricorn,3,9,0,1.602555931,5.497619354,2.311673675,0.286221825
3204,1093,-21.1995,151.8232,21165100104,21-165,U/N Reef,U/N Reef (21-165),Mackay/Capricorn,3,9,1,0.661101456,1.920899462,0.770194672,0.291761728
3205,1144,-21.3578,152.2899,21253100104,21-253,U/N Reef,U/N Reef (21-253),Mackay/Capricorn,2,10,0,8.936531877,4.467126937,2.828876866,0.22465344
3206,1144,-21.3508,152.3474,21254100104,21-254,U/N Reef,U/N Reef (21-254),Mackay/Capricorn,2,10,0,1.854629539,2.810751095,2.224657839,0.243138232
3207,1120,-21.3557,152.4249,21255100104,21-255,U/N Reef,U/N Reef (21-255),Mackay/Capricorn,2,10,0,0.668387622,1.602372887,1.032006093,0.223059747
3208,1134,-21.3542,152.4807,21256100104,21-256,U/N Reef,U/N Reef (21-256),Mackay/Capricorn,2,10,1,9.401991544,15.93880072,9.742490837,0.302290193
3209,1133,-21.3604,152.1423,21257100104,21-257,U/N Reef,U/N Reef (21-257),Mackay/Capricorn,2,10,0,1.001775003,1.317876745,0.850656344,0.284232155
3210,1220,-21.7983,149.7027,21355100104,21-355,Lower Reef,Lower Reef (21-355),Mackay/Capricorn,1,9,0,0.023816538,0.139868873,0.00120561,0.267193455
3211,1188,-21.8157,149.7882,21356100104,21-356,Innes Reef,Innes Reef (21-356),Mackay/Capricorn,1,9,1,0.19688808,0.757943437,0.008070954,0.267195105
3212,1220,-21.8288,149.5597,21358101104,21-358a,Sandy Shoal (North),Sandy Shoal (North) (21-358a),Mackay/Capricorn,1,9,0,0.907259526,2.572374211,0.031912727,0.267194683
3213,1220,-21.8474,149.544,21358102104,21-358b,Sandy Shoal (South),Sandy Shoal (South) (21-358b),Mackay/Capricorn,1,9,0,1.021460423,0.191359938,0.00171609,0.267190353
3214,1215,-21.8305,149.8239,21359100104,21-359,George Reef,George Reef (21-359),Mackay/Capricorn,1,9,1,0.467033234,0.018318541,1.22563e-4,0.267185813
3215,1188,-21.8373,149.792,21360100104,21-360,Poynter Reef,Poynter Reef (21-360),Mackay/Capricorn,1,9,1,2.770957074,0.132096054,0.001129934,0.267195678
3216,1098,-21.2244,150.8829,21081100104,21-081,U/N Reef,U/N Reef (21-081),Mackay/Capricorn,2,9,0,6.293078261,15.11697452,4.928274076,0.21834895000000001
3217,1107,-21.2457,150.8966,21082100104,21-082,U/N Reef,U/N Reef (21-082),Mackay/Capricorn,2,9,0,4.937694693,14.11187325,4.008949118,0.243842749
3218,1107,-21.2576,150.9125,21083100104,21-083,U/N Reef,U/N Reef (21-083),Mackay/Capricorn,2,9,0,0.676988074,2.511978139,1.25228456,0.22668782
3219,1107,-21.2777,150.9306,21084100104,21-084,U/N Reef,U/N Reef (21-084),Mackay/Capricorn,2,9,0,1.192966323,4.548768944,3.26772976,0.241321073
3220,1107,-21.3082,150.9364,21085100104,21-085,U/N Reef,U/N Reef (21-085),Mackay/Capricorn,2,9,0,0.496415761,1.634505613,0.752393904,0.231315985
3221,1113,-21.3317,150.785,21086100104,21-086,Paul Reef,Paul Reef (21-086),Mackay/Capricorn,2,9,0,106.5109899,136.8366684,67.02005822,0.351531263
3222,1104,-21.2151,151.984,21166100104,21-166,Twin Cays Reef (North),Twin Cays Reef (North) (21-166),Mackay/Capricorn,2,10,0,1.322338864,2.522448057,1.969645409,0.235386649
3223,1103,-21.2327,151.5423,21167100104,21-167,U/N Reef,U/N Reef (21-167),Mackay/Capricorn,3,9,0,11.03988166,20.38311952,8.844876414,0.330820474
3224,1104,-21.2268,151.9822,21168100104,21-168,Twin Cays Reef (South),Twin Cays Reef (South) (21-168),Mackay/Capricorn,2,10,0,1.550372383,4.073053656,3.366178883,0.229640193
3225,1111,-21.2391,151.6903,21169100104,21-169,U/N Reef,U/N Reef (21-169),Mackay/Capricorn,2,9,1,0.812727416,3.151722312,2.051004241,0.250122934
3226,1111,-21.2441,151.6683,21170100104,21-170,U/N Reef,U/N Reef (21-170),Mackay/Capricorn,2,9,1,2.104921334,5.701523408,3.260926302,0.235627913
3227,1110,-21.2529,151.5554,21171100104,21-171,U/N Reef,U/N Reef (21-171),Mackay/Capricorn,3,9,0,5.706790207,12.16536542,6.047105892,0.315568809
3228,1119,-21.3774,152.0171,21258100104,21-258,Mystery Reef,Mystery Reef (21-258),Mackay/Capricorn,2,10,0,11.74480868,16.63747069,8.913029244,0.23544127
3229,1143,-21.3924,152.2112,21259100104,21-259,U/N Reef,U/N Reef (21-259),Mackay/Capricorn,2,10,0,1.201429243,1.501131594,1.098522985,0.219569893
3230,1144,-21.3972,152.25,21260100104,21-260,U/N Reef,U/N Reef (21-260),Mackay/Capricorn,2,10,0,24.16900351,6.905148201,5.357670146,0.246019852
3231,1220,-21.8423,149.6372,21361100104,21-361,North Patch,North Patch (21-361),Mackay/Capricorn,1,9,0,1.31398273,3.459877507,0.044543195,0.267194682
3232,1220,-21.8542,149.6211,21362100104,21-362,Alexandra Reefs,Alexandra Reefs (21-362),Mackay/Capricorn,1,9,0,0.48361047,1.555157563,0.018116915,0.267194686
3233,1220,-21.8639,149.6132,21363100104,21-363,South Patch,South Patch (21-363),Mackay/Capricorn,1,9,0,0.180355974,0.706445001,0.007456949,0.267193761
3234,1215,-21.8996,149.8766,21364100104,21-364,Lake Shoals,Lake Shoals (21-364),Mackay/Capricorn,1,9,1,9.748915871,17.19775634,0.270547675,0.267194682
3235,1220,-21.9107,149.6426,21365101104,21-365a,Drumfish Shoal (East),Drumfish Shoal (East) (21-365a),Mackay/Capricorn,1,9,0,0.304151097,1.073146614,0.011935033,0.267195235
3236,1220,-21.9146,149.6307,21365102104,21-365b,Drumfish Shoal (West),Drumfish Shoal (West) (21-365b),Mackay/Capricorn,1,9,0,0.305238473,1.076200511,0.01197316,0.267195536
3237,1220,-21.9283,149.5106,21366100104,21-366,Fanning Shoal,Fanning Shoal (21-366),Mackay/Capricorn,1,9,0,1.982540953,1.76348794,0.020869265,0.267194679
3238,1139,-21.3844,150.9748,21087100104,21-087,U/N Reef,U/N Reef (21-087),Mackay/Capricorn,2,9,0,106.3320771,126.2938182,48.38851585,0.284614063
3239,1060,-21.0244,151.3253,21088100104,21-088,U/N Reef,U/N Reef (21-088),Mackay/Capricorn,3,9,0,3.939171195,10.12635979,4.976833238,0.317778108
3240,1061,-21.0128,151.415,21089100104,21-089,U/N Reef,U/N Reef (21-089),Mackay/Capricorn,3,9,0,4.50745557,11.8340096,7.56022236,0.334056535
3241,1048,-21.0102,151.4452,21090100104,21-090,U/N Reef,U/N Reef (21-090),Mackay/Capricorn,3,9,0,0.02720404,0.159187852,0.001393945,0.296670766
3242,1070,-21.0423,151.5545,21091100104,21-091,U/N Reef,U/N Reef (21-091),Mackay/Capricorn,3,9,0,0.936032791,3.715673863,2.808714505,0.317906774
3243,1079,-21.0126,151.1629,21092100104,21-092,U/N Reef,U/N Reef (21-092),Mackay/Capricorn,2,9,0,1.472100396,4.972658493,3.712286188,0.266528564
3244,1093,-21.2413,151.8458,21172100104,21-172,Riptide Reef,Riptide Reef (21-172),Mackay/Capricorn,3,9,1,1.801014338,6.378037358,5.508650239,0.317622118
3245,1117,-21.2991,151.5537,21173100104,21-173,Mullers Reef,Mullers Reef (21-173),Mackay/Capricorn,3,9,0,49.02600911,68.11619353,29.20323848,0.339657851
3246,1111,-21.2924,151.6795,21174100104,21-174,U/N Reef,U/N Reef (21-174),Mackay/Capricorn,2,9,1,9.630152476,0.896393496,0.009747627,0.237745431
3247,1118,-21.3216,151.6377,21175100104,21-175,U/N Reef,U/N Reef (21-175),Mackay/Capricorn,2,9,0,5.297848335,9.923868309,5.434886417,0.243909748
3248,1154,-21.4142,152.3626,21261100104,21-261,U/N Reef,U/N Reef (21-261),Mackay/Capricorn,2,10,0,4.16633357,1.008203978,0.701988496,0.214364327
3249,1134,-21.4127,152.4444,21262101104,21-262a,U/N Reef,U/N Reef (21-262a),Mackay/Capricorn,2,10,0,2.96165607,5.484953507,2.353596169,0.237202215
3250,1155,-21.4204,152.4323,21262102104,21-262b,U/N Reef,U/N Reef (21-262b),Mackay/Capricorn,2,10,0,0.024291537,0.155403575,0.085650848,0.182693752
3251,1149,-21.4123,152.4906,21263100104,21-263,U/N Reef,U/N Reef (21-263),Mackay/Capricorn,2,10,0,4.921276436,8.606451705,3.176147989,0.217457332
3252,1155,-21.4241,152.3993,21264100104,21-264,U/N Reef,U/N Reef (21-264),Mackay/Capricorn,2,10,0,8.576127281,12.4922446,6.256271747,0.225962206
3253,1220,-21.9318,149.6486,21367100104,21-367,Red Clay Reef,Red Clay Reef (21-367),Mackay/Capricorn,1,9,0,2.437809187,0.861330645,0.490532428,0.273867268
3254,1215,-21.9185,149.9609,21368100104,21-368,Boomerang Shoals,Boomerang Shoals (21-368),Mackay/Capricorn,1,9,0,6.886456477,13.02406526,0.197891857,0.267194682
3255,1220,-21.9431,149.7303,21369100104,21-369,Middle Shoal,Middle Shoal (21-369),Mackay/Capricorn,1,9,1,2.151663823,5.133919247,0.069437359,0.267194682
3256,1220,-21.9502,149.6606,21370100104,21-370,Beware Reef,Beware Reef (21-370),Mackay/Capricorn,1,9,0,1.341942445,0.065497341,5.13096e-4,0.26719377
3257,1220,-21.9565,149.5784,21372100104,21-372,Bald Reef,Bald Reef (21-372),Mackay/Capricorn,1,9,0,0.072998677,0.319204881,0.192493581,0.260300417
3258,1220,-21.9583,149.5994,21373100104,21-373,Reef Islet Reef,Reef Islet Reef (21-373),Mackay/Capricorn,1,9,0,0.860257251,1.177531429,0.660134783,0.273839857
3259,1091,-21.0297,151.1032,21093100104,21-093,U/N Reef,U/N Reef (21-093),Mackay/Capricorn,2,9,0,2.566586303,6.260243309,4.620406469,0.264891864
3260,1079,-21.0348,151.1515,21094100104,21-094,U/N Reef,U/N Reef (21-094),Mackay/Capricorn,2,9,0,3.467393453,9.73805392,4.468094674,0.256532376
3261,1080,-21.0421,151.2801,21095100104,21-095,U/N Reef,U/N Reef (21-095),Mackay/Capricorn,2,9,0,1.657177179,2.753273857,0.184396759,0.23225842
3262,1061,-21.037,151.4086,21096100104,21-096,U/N Reef,U/N Reef (21-096),Mackay/Capricorn,3,9,0,0.368866728,1.735213703,1.184028353,0.298524765
3263,1062,-21.0394,151.4809,21097100104,21-097,U/N Reef,U/N Reef (21-097),Mackay/Capricorn,3,9,0,3.506456427,8.056801578,5.988852858,0.293605701
3264,1061,-21.0419,151.421,21098100104,21-098,U/N Reef,U/N Reef (21-098),Mackay/Capricorn,3,9,0,0.089380171,0.55761349,0.360547898,0.31016853
3265,1061,-21.0496,151.3794,21099100104,21-099,U/N Reef,U/N Reef (21-099),Mackay/Capricorn,3,9,0,0.516919924,2.203264466,1.512721543,0.354911345
3266,1099,-21.0707,151.0711,21100100104,21-100,U/N Reef,U/N Reef (21-100),Mackay/Capricorn,2,9,0,0.639509848,2.629388893,1.416099191,0.234285975
3267,1117,-21.3339,151.6,21176100104,21-176,U/N Reef,U/N Reef (21-176),Mackay/Capricorn,2,9,0,0.577037409,2.375827216,1.644298329,0.229597807
3268,1118,-21.333,151.7031,21177100104,21-177,U/N Reef,U/N Reef (21-177),Mackay/Capricorn,2,10,1,1.6168074,4.694187019,2.681251514,0.238373761
3269,1118,-21.3374,151.6233,21178100104,21-178,U/N Reef,U/N Reef (21-178),Mackay/Capricorn,2,9,0,2.618448177,7.959904259,3.203373915,0.217602071
3270,1118,-21.3474,151.7242,21179100104,21-179,U/N Reef,U/N Reef (21-179),Mackay/Capricorn,2,10,1,3.0402238599999998,8.548112737,4.02012045,0.253100341
3271,1111,-21.3462,151.8265,21180100104,21-180,U/N Reef,U/N Reef (21-180),Mackay/Capricorn,2,10,0,7.608581875,14.50717377,6.868747052,0.234360608
3272,1160,-21.3712,151.8579,21181100104,21-181,U/N Reef,U/N Reef (21-181),Mackay/Capricorn,2,10,0,7.417689434,9.507771501,5.679986078,0.237089954
3273,1154,-21.4302,152.3342,21265100104,21-265,U/N Reef,U/N Reef (21-265),Mackay/Capricorn,2,10,0,5.876900091,3.635546339,1.89454281,0.217720052
3274,1147,-21.4367,152.1277,21266100104,21-266,U/N Reef,U/N Reef (21-266),Mackay/Capricorn,2,10,0,9.360472788,7.048224811,4.467550579,0.240840118
3275,1155,-21.4523,152.4039,21267100104,21-267,U/N Reef,U/N Reef (21-267),Mackay/Capricorn,2,10,0,2.098772715,3.564242396,1.712186969,0.230000441
3276,1155,-21.4438,152.4563,21268100104,21-268,U/N Reef,U/N Reef (21-268),Mackay/Capricorn,2,10,0,0.595477672,1.505693428,1.025103419,0.22399663
3277,1155,-21.4658,152.4396,21269100104,21-269,U/N Reef,U/N Reef (21-269),Mackay/Capricorn,2,10,0,2.694204295,6.20339084,3.538915822,0.216298591
3278,1220,-21.9591,149.6795,21374100104,21-374,West Reef,West Reef (21-374),Mackay/Capricorn,1,9,0,0.496680141,1.588790864,0.018558302,0.267194676
3279,1226,-21.9697,149.8195,21375100104,21-375,Holt Shoal,Holt Shoal (21-375),Mackay/Capricorn,1,9,1,5.697373591,11.18962272,0.166822803,0.267194682
3280,1227,-21.9702,149.8933,21377100104,21-377,Channel Island Reef,Channel Island Reef (21-377),Mackay/Capricorn,1,9,1,0.590457191,1.825009258,0.021690088,0.267194681
3281,1220,-21.9819,149.5741,21378100104,21-378,Aquila Reef,Aquila Reef (21-378),Mackay/Capricorn,1,9,0,3.010026914,5.871646114,4.197460006,0.273867268
3282,1220,-21.9774,149.6641,21379100104,21-379,Avoid Reef,Avoid Reef (21-379),Mackay/Capricorn,1,9,0,4.562796589,3.290107311,2.556882473,0.271258794
3283,1063,-21.0155,151.5284,21101100104,21-101,U/N Reef,U/N Reef (21-101),Mackay/Capricorn,3,9,0,19.75288321,34.75227698,27.78496322,0.343708752
3284,1175,-21.6487,150.9376,21829101104,21-829a,U/N Reef,U/N Reef (21-829a),Mackay/Capricorn,2,9,1,21.46202456,27.87169243,0.724764852,0.237745432
3285,1175,-21.6637,150.9454,21829102104,21-829b,U/N Reef,U/N Reef (21-829b),Mackay/Capricorn,2,9,1,0.095626922,0.366687469,0.019392186,0.237745431
3286,1175,-21.6732,150.9123,21829103104,21-829c,U/N Reef,U/N Reef (21-829c),Mackay/Capricorn,2,9,1,0.146344924,0.515359042,0.028140766,0.237745434
3287,1061,-21.0715,151.4337,21102100104,21-102,U/N Reef,U/N Reef (21-102),Mackay/Capricorn,3,9,0,0.110448689,0.633752284,0.006599298,0.296671353
3288,1060,-21.0795,151.3691,21103100104,21-103,U/N Reef,U/N Reef (21-103),Mackay/Capricorn,3,9,0,1.268999109,3.737426504,2.986335567,0.340815506
3289,1142,-21.3771,151.6735,21182100104,21-182,U/N Reef,U/N Reef (21-182),Mackay/Capricorn,2,10,0,6.303249739,13.58538027,5.21178836,0.250720605
3290,1142,-21.3738,151.7111,21183100104,21-183,U/N Reef,U/N Reef (21-183),Mackay/Capricorn,2,10,0,1.625442465,5.694495165,2.741888248,0.273775357
3291,1142,-21.381,151.6952,21184100104,21-184,U/N Reef,U/N Reef (21-184),Mackay/Capricorn,2,10,0,1.268026025,4.630494771,1.544957765,0.251562451
3292,1160,-21.399,151.9018,21185100104,21-185,U/N Reef,U/N Reef (21-185),Mackay/Capricorn,2,10,0,1.270077276,4.077007331,3.347212245,0.226724059
3293,1159,-21.4106,151.793,21186100104,21-186,U/N Reef,U/N Reef (21-186),Mackay/Capricorn,2,10,0,13.53005328,21.86712134,9.00717992,0.252535298
3294,1142,-21.4194,151.6475,21187100104,21-187,U/N Reef,U/N Reef (21-187),Mackay/Capricorn,2,10,0,17.03551184,16.5216968,6.851730568,0.237047828
3295,1155,-21.4724,152.3844,21270100104,21-270,U/N Reef,U/N Reef (21-270),Mackay/Capricorn,2,10,0,12.57252362,10.41943759,5.960693222,0.25786564
3296,1147,-21.4927,152.1325,21271100104,21-271,U/N Reef,U/N Reef (21-271),Mackay/Capricorn,2,10,0,1.97995059,4.968235166,2.832979983,0.222794778
3297,1161,-21.4995,152.207,21272100104,21-272,U/N Reef,U/N Reef (21-272),Mackay/Capricorn,2,10,0,2.326440777,2.210010478,1.67701203,0.221653003
3298,1076,-21.0228,152.5767,21273100104,21-273,U/N Reef,U/N Reef (21-273),Mackay/Capricorn,3,10,1,3.610943532,7.887282404,4.33900775,0.325941288
3299,1076,-21.0396,152.6241,21274100104,21-274,Perkins Reef,Perkins Reef (21-274),Mackay/Capricorn,3,10,1,7.950701005,10.80106866,6.325603436,0.301556174
3300,1076,-21.0602,152.5623,21275100104,21-275,U/N Reef,U/N Reef (21-275),Mackay/Capricorn,3,10,1,1.882258307,3.564951883,2.585235639,0.316115857
3301,1227,-21.9848,149.8796,21380100104,21-380,Park Shoal,Park Shoal (21-380),Mackay/Capricorn,1,9,1,11.96188497,20.25566945,0.325239255,0.267194682
3302,1227,-21.9804,149.8785,21381100104,21-381,Falcon Island Reef,Falcon Island Reef (21-381),Mackay/Capricorn,1,9,1,0.098985065,0.437282536,0.00434694,0.267195803
3303,1226,-21.9896,149.8118,21382100104,21-382,Turn Island Reef,Turn Island Reef (21-382),Mackay/Capricorn,1,9,1,1.51082567,3.869395446,0.050516882,0.267194682
3304,1226,-21.9896,149.848,21383100104,21-383,Race Rocks Reef,Race Rocks Reef (21-383),Mackay/Capricorn,1,9,1,1.027403877,2.842390112,0.035705257,0.267194683
3305,1079,-21.0961,151.2379,21104100104,21-104,U/N Reef,U/N Reef (21-104),Mackay/Capricorn,2,9,0,18.65436701,36.08497794,13.7120929,0.317823293
3306,1062,-21.1052,151.4696,21105100104,21-105,U/N Reef,U/N Reef (21-105),Mackay/Capricorn,3,9,0,0.325512996,1.627323585,1.155331681,0.308328231
3307,1079,-21.1214,151.2264,21106100104,21-106,U/N Reef,U/N Reef (21-106),Mackay/Capricorn,2,9,0,0.43867067,1.770431694,0.937794858,0.234290494
3308,1079,-21.1216,151.2115,21107100104,21-107,U/N Reef,U/N Reef (21-107),Mackay/Capricorn,2,9,0,2.811481191,5.406313653,3.600843784,0.250412966
3309,1091,-21.1223,151.1381,21108100104,21-108,U/N Reef,U/N Reef (21-108),Mackay/Capricorn,2,9,0,1.640347687,4.698883552,3.728350615,0.260919383
3310,1099,-21.1234,151.0735,21109100104,21-109,U/N Reef,U/N Reef (21-109),Mackay/Capricorn,2,9,0,4.783884503,9.82811905,6.119963745,0.289479789
3311,1091,-21.1377,151.1778,21110100104,21-110,U/N Reef,U/N Reef (21-110),Mackay/Capricorn,2,9,0,4.637744149,12.51400679,5.90045252,0.29151334
3312,1080,-21.1395,151.353,21111100104,21-111,U/N Reef,U/N Reef (21-111),Mackay/Capricorn,2,9,0,1.385926395,4.554417927,2.463991802,0.278469342
3313,1080,-21.1563,151.3039,21112100104,21-112,U/N Reef,U/N Reef (21-112),Mackay/Capricorn,2,9,0,0.129967378,0.767258791,0.401052716,0.223462632
3314,1142,-21.4443,151.5862,21188100104,21-188,U/N Reef,U/N Reef (21-188),Mackay/Capricorn,2,10,0,13.17579688,22.23691127,11.70603541,0.236977893
3315,1142,-21.4519,151.6747,21189100104,21-189,U/N Reef,U/N Reef (21-189),Mackay/Capricorn,2,10,0,5.773304598,15.34507795,6.805788737,0.26857965
3316,1160,-21.4443,151.9141,21190100104,21-190,U/N Reef,U/N Reef (21-190),Mackay/Capricorn,2,10,0,7.704707511,12.66041715,7.149527359,0.247110443
3317,1160,-21.4604,151.8529,21191100104,21-191,U/N Reef,U/N Reef (21-191),Mackay/Capricorn,2,10,0,0.917282878,3.107828951,2.009974618,0.224085548
3318,1054,-21.0094,152.4687,21192100104,21-192,U/N Reef,U/N Reef (21-192),Mackay/Capricorn,3,10,1,3.96148741,6.383713889,3.983533081,0.343113877
3319,1076,-21.0586,152.5496,21276100104,21-276,U/N Reef,U/N Reef (21-276),Mackay/Capricorn,3,10,1,0.639515751,0.691131214,0.457986846,0.293974261
3320,1076,-21.0728,152.5343,21277100104,21-277,U/N Reef,U/N Reef (21-277),Mackay/Capricorn,3,10,1,0.864865073,2.504989531,1.725243645,0.30556469000000003
3321,1086,-21.1045,152.5445,21278100104,21-278,U/N Reef,U/N Reef (21-278),Mackay/Capricorn,3,10,1,3.55683678,6.295405109,2.381400014,0.295506627
3322,1086,-21.1145,152.5149,21279100104,21-279,U/N Reef,U/N Reef (21-279),Mackay/Capricorn,3,10,1,1.980902643,3.278202457,1.541860799,0.300871345
3323,1088,-21.1088,152.7756,21280100104,21-280,Elusive Reef,Elusive Reef (21-280),Mackay/Capricorn,3,10,1,34.63674835,26.3330983,17.95382299,0.306026749
3324,1087,-21.1181,152.6295,21281100104,21-281,U/N Reef,U/N Reef (21-281),Mackay/Capricorn,3,10,0,9.054750267,13.65611112,6.973863768,0.298571281
3325,1089,-21.519,150.2585,21386100104,21-386,Pine Peak Reef,Pine Peak Reef (21-386),Mackay/Capricorn,1,9,1,0.517391405,1.998194937,0.906781102,0.271566435
3326,1188,-21.5252,150.1515,21387100104,21-387,Sphinx Reef,Sphinx Reef (21-387),Mackay/Capricorn,1,9,1,0.373223099,1.133265959,0.278852351,0.251116139
3327,1229,-21.6185,150.2473,21389100104,21-389,Middle Island Reef,Middle Island Reef (21-389),Mackay/Capricorn,1,9,0,0.349409666,0.116466749,9.81363e-4,0.267202262
3328,1080,-21.1642,151.3552,21113101104,21-113a,U/N Reef,U/N Reef (21-113a),Mackay/Capricorn,2,9,0,1.052292332,3.547985587,2.354062232,0.308382022
3329,1080,-21.1592,151.3719,21113102104,21-113b,U/N Reef,U/N Reef (21-113b),Mackay/Capricorn,2,9,0,1.282237114,4.677432483,1.524878284,0.3118732
3330,1080,-21.1616,151.3635,21113103104,21-113c,U/N Reef,U/N Reef (21-113c),Mackay/Capricorn,2,9,0,1.375824516,4.170391824,0.633870014,0.4210535
3331,1080,-21.1723,151.3601,21113104104,21-113d,U/N Reef,U/N Reef (21-113d),Mackay/Capricorn,2,9,0,1.200261446,2.96115605,1.859244877,0.29146406
3332,1080,-21.1712,151.371,21113105104,21-113e,U/N Reef,U/N Reef (21-113e),Mackay/Capricorn,2,9,0,1.5470771,4.447133905,2.645503039,0.250469452
3333,1100,-21.1638,151.4295,21114101104,21-114a,U/N Reef,U/N Reef (21-114a),Mackay/Capricorn,2,9,0,0.436447859,1.95970335,0.945172606,0.269161774
3334,1109,-21.1712,151.4299,21114102104,21-114b,U/N Reef,U/N Reef (21-114b),Mackay/Capricorn,2,9,0,0.677190231,2.899498028,1.622611091,0.268175236
3335,1109,-21.1682,151.4348,21114103104,21-114c,U/N Reef,U/N Reef (21-114c),Mackay/Capricorn,2,9,0,0.805984939,3.338858786,1.983424459,0.264803637
3336,1099,-21.1775,151.0368,21115100104,21-115,U/N Reef,U/N Reef (21-115),Mackay/Capricorn,2,9,0,21.93661929,24.32420808,11.02186231,0.25755333
3337,1099,-21.2146,151.0128,21116100104,21-116,U/N Reef,U/N Reef (21-116),Mackay/Capricorn,2,9,0,2.737671686,5.075046472,2.600654594,0.230291181
3338,1076,-21.0073,152.4894,21193100104,21-193,U/N Reef,U/N Reef (21-193),Mackay/Capricorn,3,10,1,1.006590656,3.340573147,2.303166457,0.30001817
3339,1074,-21.0186,152.2004,21194100104,21-194,U/N Reef,U/N Reef (21-194),Mackay/Capricorn,3,10,1,0.477342565,2.028011824,1.540963423,0.295168794
3340,1075,-21.0206,152.2345,21195100104,21-195,U/N Reef,U/N Reef (21-195),Mackay/Capricorn,3,10,1,1.043786268,3.132992933,2.221544727,0.288709046
3341,1053,-21.0334,152.076,21196100104,21-196,U/N Reef,U/N Reef (21-196),Mackay/Capricorn,3,10,0,1.225581537,3.392947808,2.429950457,0.292171482
3342,1082,-21.0419,152.0953,21197100104,21-197,U/N Reef,U/N Reef (21-197),Mackay/Capricorn,3,10,0,3.472061999,5.786529028,3.922753212,0.29718941
3343,1074,-21.0515,152.2025,21198100104,21-198,U/N Reef,U/N Reef (21-198),Mackay/Capricorn,3,10,1,5.178363203,6.382995498,3.734035613,0.290940473
3344,1074,-21.0667,152.1894,21199100104,21-199,U/N Reef,U/N Reef (21-199),Mackay/Capricorn,3,10,1,2.877869142,1.055820111,0.739395339,0.291569617
3345,1075,-21.0627,152.2314,21200100104,21-200,U/N Reef,U/N Reef (21-200),Mackay/Capricorn,3,10,1,3.739362387,7.916564746,4.931099235,0.314749942
3346,1087,-21.1018,152.6571,21282100104,21-282,U/N Reef,U/N Reef (21-282),Mackay/Capricorn,3,10,0,2.735545877,1.51860247,0.985700022,0.298727905
3347,1096,-21.1391,152.5004,21283100104,21-283,U/N Reef,U/N Reef (21-283),Mackay/Capricorn,2,10,1,1.139651385,2.427482018,1.649665657,0.247847074
3348,1086,-21.1374,152.5279,21284100104,21-284,Ron Taylor Reef,U/N Reef (21-284),Mackay/Capricorn,2,10,1,1.570985715,3.630429966,1.929107874,0.284795645
3349,1086,-21.139,152.5445,21285100104,21-285,U/N Reef,U/N Reef (21-285),Mackay/Capricorn,2,10,1,2.530126091,6.15568343,2.243566446,0.255529378
3350,1106,-21.1756,152.512,21286100104,21-286,U/N Reef,U/N Reef (21-286),Mackay/Capricorn,2,10,0,5.292531092,6.195460539,3.664393579,0.247736839
3351,1102,-21.1724,152.585,21287100104,21-287,U/N Reef,U/N Reef (21-287),Mackay/Capricorn,3,10,0,0.668877342,2.281082939,0.765220515,0.290749001
3352,1102,-21.1629,152.6057,21288100104,21-288,U/N Reef,U/N Reef (21-288),Mackay/Capricorn,3,10,0,0.147128294,0.25845362,0.055675118,0.289488269
3353,1229,-21.6527,150.22,21391100104,21-391,Pine Islets Reef,Pine Islets Reef (21-391),Mackay/Capricorn,1,9,0,0.219916746,0.206924754,0.102305066,0.251116139
3354,1229,-21.6577,150.2243,21391104104,21-391d,Pine Islets (No 4),Pine Islets (No 4) (21-391d),Mackay/Capricorn,1,9,0,0.008298663,0.082497831,0.015658617,0.251116139
3355,1229,-21.6507,150.3405,21392100104,21-392,Walter Reef,Walter Reef (21-392),Mackay/Capricorn,1,9,0,0.215984556,0.384876115,6.32975e-4,0.273867268
3356,1229,-21.6645,150.3301,21394100104,21-394,North East Reef,North East Reef (21-394),Mackay/Capricorn,1,9,0,1.135092704,2.307280295,0.503192265,0.268857128
3357,1091,-21.1937,151.2127,21117100104,21-117,U/N Reef,U/N Reef (21-117),Mackay/Capricorn,2,9,0,15.66322602,25.96550943,11.58356184,0.286022962
3358,1091,-21.2016,151.2748,21118100104,21-118,U/N Reef,U/N Reef (21-118),Mackay/Capricorn,2,9,0,4.569575038,9.056566383,6.337947522,0.272613028
3359,1091,-21.2164,151.1948,21119100104,21-119,U/N Reef,U/N Reef (21-119),Mackay/Capricorn,2,9,0,5.510989021,8.741678692,5.949907687,0.270426357
3360,1109,-21.2125,151.4172,21120100104,21-120,U/N Reef,U/N Reef (21-120),Mackay/Capricorn,2,9,0,0.797160072,3.115037583,1.51193797,0.237220617
3361,1109,-21.2404,151.3989,21121100104,21-121,U/N Reef,U/N Reef (21-121),Mackay/Capricorn,2,9,0,3.317703939,7.751377761,4.671016963,0.266724075
3362,1130,-21.2481,151.2982,21122100104,21-122,U/N Reef,U/N Reef (21-122),Mackay/Capricorn,2,9,0,1.292960375,4.112396793,3.109816485,0.224302664
3363,1115,-21.2559,151.182,21123100104,21-123,U/N Reef,U/N Reef (21-123),Mackay/Capricorn,2,9,0,4.418543109,10.76655629,7.63101581,0.24789608
3364,1096,-21.0642,152.4644,21201100104,21-201,U/N Reef,U/N Reef (21-201),Mackay/Capricorn,3,10,1,1.133956354,2.21124666,1.69845825,0.287363586
3365,1074,-21.0751,152.2014,21202100104,21-202,U/N Reef,U/N Reef (21-202),Mackay/Capricorn,3,10,1,3.909428812,2.336038887,1.692176067,0.294696941
3366,1075,-21.0863,152.2377,21203100104,21-203,U/N Reef,U/N Reef (21-203),Mackay/Capricorn,2,10,1,0.896904897,3.067649297,1.744630233,0.243090826
3367,1084,-21.0861,152.2812,21204100104,21-204,U/N Reef,U/N Reef (21-204),Mackay/Capricorn,3,10,1,1.385148006,3.744874443,2.663895729,0.294322737
3368,1086,-21.0863,152.5011,21205100104,21-205,U/N Reef,U/N Reef (21-205),Mackay/Capricorn,3,10,1,1.021302626,2.60740126,1.912757238,0.28811641
3369,1096,-21.1012,152.4883,21206100104,21-206,U/N Reef,U/N Reef (21-206),Mackay/Capricorn,3,10,1,2.003518509,3.44609127,2.552983677,0.314878398
3370,1083,-21.0894,152.1433,21207100104,21-207,U/N Reef,U/N Reef (21-207),Mackay/Capricorn,2,10,1,0.809908497,2.793517316,1.838077303,0.223939681
3371,1102,-21.186,152.5951,21289101104,21-289a,U/N Reef,U/N Reef (21-289a),Mackay/Capricorn,3,10,0,13.36180101,21.37749511,14.39938016,0.299639683
3372,1106,-21.1842,152.5473,21289102104,21-289b,U/N Reef,U/N Reef (21-289b),Mackay/Capricorn,2,10,0,0.411932838,1.689257935,0.520726382,0.231894845
3373,1106,-21.2007,152.5226,21290100104,21-290,U/N Reef,U/N Reef (21-290),Mackay/Capricorn,2,10,0,4.801265287,8.449975637,3.17310095,0.229991476
3374,1106,-21.2047,152.5464,21291100104,21-291,U/N Reef,U/N Reef (21-291),Mackay/Capricorn,2,10,0,0.122498758,0.490826801,0.312343404,0.218589338
3375,1106,-21.2277,152.5427,21292100104,21-292,U/N Reef,U/N Reef (21-292),Mackay/Capricorn,2,10,0,0.587730461,1.564107756,0.930204991,0.218578029
3376,1106,-21.2225,152.5616,21293100104,21-293,U/N Reef,U/N Reef (21-293),Mackay/Capricorn,3,10,0,1.128824258,3.431574272,2.450160239,0.294861384
3377,23,-10.5431,143.5166,99464100104,99-464,U/N Reef,U/N Reef (99-464),out,2,1,0,6.305080968,10.4568978,0.431077963,0.237745432
3378,27,-10.5432,143.9121,99465100104,99-465,U/N Reef,U/N Reef (99-465),out,3,1,0,3.159534662,6.364405181,0.250253139,0.296671358
3379,38,-10.5439,143.7011,99466100104,99-466,U/N Reef,U/N Reef (99-466),out,2,1,0,3.200308367,6.076797164,0.297903301,0.237745433
3380,27,-10.5446,143.7392,99467100104,99-467,U/N Reef,U/N Reef (99-467),out,2,1,0,1.147310156,2.674485227,0.150804273,0.237745432
3381,16,-10.5493,142.3474,99469100104,99-469,U/N Reef,U/N Reef (99-469),out,1,1,0,1.562530364,3.988784862,0.052273758,0.267194682
3382,16,-10.5524,142.3766,99470100104,99-470,U/N Reef,U/N Reef (99-470),out,1,1,0,0.270929037,0.981827018,0.010798945,0.267194305
3383,23,-10.5539,143.4877,99472100104,99-472,U/N Reef,U/N Reef (99-472),out,2,1,0,0.313705786,0.948176181,0.05404234,0.237745432
3384,16,-10.5567,142.3288,99473100104,99-473,U/N Reef,U/N Reef (99-473),out,1,1,0,0.449440785,1.472090323,0.017031953,0.267194682
3385,27,-10.5555,143.9211,99474100104,99-474,U/N Reef,U/N Reef (99-474),out,3,1,0,3.541202876,6.972271311,0.277298832,0.296671358
3386,21,-10.5602,143.2515,99475100104,99-475,Bayag Reef,Bayag Reef (99-475),out,2,1,0,8.208645865,12.92007475,0.489465861,0.237745432
3387,23,-10.5638,143.4629,99477100104,99-477,U/N Reef,U/N Reef (99-477),out,2,1,0,2.234874532,4.561328217,0.238676589,0.237745432
3388,22,-10.5658,143.414,99478100104,99-478,U/N Reef,U/N Reef (99-478),out,2,1,0,5.462118482,9.324230864,0.400845337,0.237745432
3389,27,-10.5726,143.9151,99480100104,99-480,U/N Reef,U/N Reef (99-480),out,3,1,0,5.804680688,10.3533282,0.432630337,0.296671358
3390,27,-10.5883,143.9254,99482100104,99-482,U/N Reef,U/N Reef (99-482),out,3,1,0,1.4188246900000001,3.35424334,0.121743525,0.296671358
3391,23,-10.5954,143.4885,99484100104,99-484,U/N Reef,U/N Reef (99-484),out,2,1,0,0.832853296,2.070736182,0.11872482,0.237745432
3392,28,-10.5963,142.6195,99486100104,99-486,U/N Reef,U/N Reef (99-486),out,1,1,0,1.615031716,4.093258249,0.053816547,0.267194681
3393,27,-10.5962,143.909,99488100104,99-488,U/N Reef,U/N Reef (99-488),out,3,1,0,0.70826965,1.924065615,0.06514774,0.296671358
3394,19,-10.5984,143.0898,99491100104,99-491,U/N Reef,U/N Reef (99-491),out,2,1,0,3.766318995,6.929605493,0.327708473,0.237745432
3395,27,-10.5991,143.9323,99492100104,99-492,U/N Reef,U/N Reef (99-492),out,3,1,0,3.116324551,6.294483386,0.247162219,0.296671358
3396,16,-10.6034,142.2942,99495100104,99-495,U/N Reef,U/N Reef (99-495),out,1,1,0,6.484600969,12.45477426,0.188187549,0.267194682
3397,38,-10.6066,143.6825,99496100104,99-496,U/N Reef,U/N Reef (99-496),out,2,1,0,13.1071728,18.77329596,0.599834689,0.237745432
3398,28,-10.61,142.6124,99497100104,99-497,U/N Reef,U/N Reef (99-497),out,1,1,0,1.008346274,2.808132925,0.035221504,0.267194681
3399,21,-10.6113,143.2972,99498100104,99-498,U/N Reef,U/N Reef (99-498),out,2,1,0,1.050696836,2.494560643,0.141456967,0.237745432
3400,28,-10.6123,142.5192,99300101100,99-300,Alpha Reef,Alpha Reef (99-300),out,1,1,0,0.103525225,0.454623981,0.00454173,0.267192376
3401,25,-10.5995,142.9127,99302100104,99-302,Kagar Reef,Kagar Reef (99-302),out,1,1,0,34.60630465,47.48895953,0.848212705,0.267194682
3402,28,-10.6229,142.6458,99303101104,99-303a,Mount Adolphus (Mori) Island Reef (No 1),Mount Adolphus (Mori) Island Reef (No 1) (99-303a),out,1,1,0,1.02050723,2.835001266,0.035600858,0.267194681
3403,28,-10.6502,142.6534,99303102104,99-303b,Mount Adolphus (Mori) Island Reef (No 2),Mount Adolphus (Mori) Island Reef (No 2) (99-303b),out,1,1,0,2.047090064,4.94769684,0.066610313,0.267194684
3404,28,-10.6381,142.6446,99303103104,99-303c,Mount Adolphus (Mori) Island Reef (No 3),Mount Adolphus (Mori) Island Reef (No 3) (99-303c),out,1,1,0,1.449559264,3.753965641,0.048824705,0.267194682
3405,27,-10.6116,143.9102,99499100104,99-499,U/N Reef,U/N Reef (99-499),out,3,1,0,2.459183636,5.208260715,0.199724476,0.296671358
3406,28,-10.6125,142.6264,99500100104,99-500,U/N Reef,U/N Reef (99-500),out,1,1,0,0.468224495,1.52013174,0.017658525,0.267194686
3407,27,-10.6135,143.9238,99501100104,99-501,U/N Reef,U/N Reef (99-501),out,3,1,0,0.448138355,1.33407376,0.043149847,0.296671358
3408,27,-10.6175,143.9446,99503100104,99-503,U/N Reef,U/N Reef (99-503),out,3,1,0,2.994845469,6.097303901,0.238469071,0.296671358
3409,27,-10.6201,143.7629,99504100104,99-504,U/N Reef,U/N Reef (99-504),out,2,1,0,0.338894828,1.008163773,0.057626249,0.237745432
3410,27,-10.6212,143.9128,99505100104,99-505,U/N Reef,U/N Reef (99-505),out,3,1,0,0.029360252,0.150753131,0.003712377,0.29667165
3411,16,-10.6213,142.3726,99506100104,99-506,Asp Shoals,Asp Shoals (99-506),out,1,1,0,0.364508477,1.244856543,0.014104161,0.267194675
3412,27,-10.623,143.9012,99507100104,99-507,U/N Reef,U/N Reef (99-507),out,3,1,0,0.364197966,1.130149705,0.035803871,0.296671358
3413,23,-10.6235,143.4383,99508100104,99-508,U/N Reef,U/N Reef (99-508),out,2,1,0,3.554018298,6.611228192,0.316846058,0.237745432
3414,23,-10.6241,143.4717,99509100104,99-509,U/N Reef,U/N Reef (99-509),out,2,1,0,0.362671513,1.064860541,0.061005594,0.237745433
3415,27,-10.6242,143.9083,99510100104,99-510,U/N Reef,U/N Reef (99-510),out,3,1,0,0.138111276,0.52028902,0.014959855,0.296671358
3416,30,-10.6364,143.9326,99511100104,99-511,U/N Reef,U/N Reef (99-511),out,3,1,0,0.014425504,0.085378925,0.001958686,0.296674251
3417,28,-10.6434,142.6821,99304100104,99-304,Morilug Reef,Morilug Reef (99-304),out,1,1,0,0.485626056,1.564981719,0.018245714,0.267194685
3418,29,-10.6522,142.8498,99305100104,99-305,Kai-Damun Reef,Kai-Damun Reef (99-305),out,1,1,0,25.68471263,37.41632988,0.648682036,0.267194682
3419,32,-10.6594,142.7543,99306100104,99-306,U/N Reef,U/N Reef (99-306),out,1,1,0,0.536685618,1.695040297,0.019960228,0.267194677
3420,28,-10.6678,142.6699,99311100104,99-311,Akone Reef,Akone Reef (99-311),out,1,1,0,0.284621852,1.020687612,0.011280675,0.267195381
3421,28,-10.6678,142.684,99312100104,99-312,U/N Reef,U/N Reef (99-312),out,1,1,0,0.614059419,1.888139349,0.022535971,0.267194687
3422,22,-10.6232,143.3748,99345100104,99-345,U/N Reef,U/N Reef (99-345),out,2,1,0,2.043213298,4.246238032,0.225197409,0.237745432
3423,20,-10.6366,143.2228,99346100104,99-346,U/N Reef,U/N Reef (99-346),out,2,1,0,7.217527089,11.65683247,0.460658932,0.237745432
3424,30,-10.6371,143.9412,99512100104,99-512,U/N Reef,U/N Reef (99-512),out,3,1,0,6.526094164,11.3700681,0.480712517,0.296671358
3425,30,-10.6394,143.9283,99513100104,99-513,U/N Reef,U/N Reef (99-513),out,3,1,0,0.007132325,0.048599662,0.00103893,0.296668186
3426,30,-10.6531,143.9503,99514100104,99-514,U/N Reef,U/N Reef (99-514),out,3,1,0,7.871778363,13.20969586,0.569057834,0.296671358
3427,24,-10.6903,142.2813,99515100104,99-515,U/N Reef,U/N Reef (99-515),out,1,1,0,0.510892073,1.631186247,0.019116324,0.267194688
3428,24,-10.7032,142.3814,99517100104,99-517,U/N Reef,U/N Reef (99-517),out,1,1,0,0.826099747,2.395354672,0.029452967,0.267194683
3429,24,-10.7087,142.3519,99518100104,99-518,U/N Reef,U/N Reef (99-518),out,1,1,0,2.152409692,5.153615277,0.069737123,0.267194682
3430,26,-10.6473,143.0378,99347100104,99-347,U/N Reef,U/N Reef (99-347),out,2,1,0,4.350784285,7.778050172,0.355248355,0.237745433
3431,33,-10.6211,143.5646,99379100104,99-379,U/N Reef,U/N Reef (99-379),out,2,1,0,18.53299058,24.77261869,0.686733947,0.237745432
3432,38,-10.6338,143.6513,99380100104,99-380,U/N Reef,U/N Reef (99-380),out,2,1,0,5.080930229,8.796487312,0.385888469,0.237745432
3433,30,-10.6728,143.948,99383100104,99-383,U/N Reef,U/N Reef (99-383),out,3,1,0,6.531009326,11.37679956,0.481032703,0.296671358
3434,30,-10.6716,143.8884,99388100104,99-388,U/N Reef,U/N Reef (99-388),out,3,1,0,0.213885236,0.738275428,0.022176745,0.296671358
3435,28,-10.7097,142.4387,99519100104,99-519,U/N Reef,U/N Reef (99-519),out,1,1,0,0.559219948,1.752892727,0.020728258,0.267194678
3436,24,-10.7133,142.3695,99520100104,99-520,U/N Reef,U/N Reef (99-520),out,1,1,0,0.259378541,0.94820505,0.010383752,0.267194563
3437,28,-10.7405,142.3908,99521101104,99-521a,U/N Reef,U/N Reef (99-521a),out,1,1,0,2.591635647,5.978518472,0.082414911,0.267194681
3438,28,-10.7136,142.4148,99521102104,99-521b,U/N Reef,U/N Reef (99-521b),out,1,1,0,0.347229817,1.197307328,0.013499558,0.267194676
3439,24,-10.7223,142.2949,99522100104,99-522,U/N Reef,U/N Reef (99-522),out,1,1,0,3.21365171,7.102736706,0.100044216,0.267194681
3440,3,-10.3526,143.94,99395100104,99-395,U/N Reef,U/N Reef (99-395),out,3,1,0,2.21869229,4.796454405,0.182048601,0.296671358
3441,25,-10.357,142.9019,99396100104,99-396,U/N Reef,U/N Reef (99-396),out,1,1,0,0.183631383,0.718518374,0.007600303,0.267194657
3442,3,-10.363,143.9333,99398100104,99-398,U/N Reef,U/N Reef (99-398),out,3,1,0,2.789958798,5.761364747,0.223739688,0.296671358
3443,16,-10.3683,142.3627,99399100104,99-399,U/N Reef,U/N Reef (99-399),out,1,1,0,0.458275236,1.495090851,0.017331618,0.267194678
3444,28,-10.729,142.4132,99523100104,99-523,U/N Reef,U/N Reef (99-523),out,1,1,0,0.650027297,1.97723606,0.023735798,0.267194685
3445,28,-10.7362,142.4203,99524100104,99-524,U/N Reef,U/N Reef (99-524),out,1,1,0,0.266200125,0.967995375,0.010627934,0.267194363
3446,31,-10.7375,142.2569,99525100104,99-525,U/N Reef,U/N Reef (99-525),out,1,1,0,0.083136206,0.381676777,0.003730234,0.267196323
3447,28,-10.7441,142.409,99526100104,99-526,U/N Reef,U/N Reef (99-526),out,1,1,0,0.720075105,2.145948651,0.026026137,0.267194683
3448,31,-10.7421,142.2511,99527100104,99-527,U/N Reef,U/N Reef (99-527),out,1,1,0,0.027071608,0.155553819,0.001359542,0.267190987
3449,28,-10.76,142.3952,99529100104,99-529,U/N Reef,U/N Reef (99-529),out,1,1,0,0.111910869,0.48398035,0.004872513,0.267196207
3450,23,-10.3718,143.584,99401100104,99-401,U/N Reef,U/N Reef (99-401),out,2,1,0,13.13971748,18.81362002,0.60049204,0.237745433
3451,3,-10.374,143.9322,99402100104,99-402,U/N Reef,U/N Reef (99-402),out,3,1,0,0.268291241,0.884981156,0.027192728,0.296671359
3452,23,-10.3768,143.5581,99403100104,99-403,U/N Reef,U/N Reef (99-403),out,2,1,0,1.193647981,2.76135977,0.155253318,0.237745432
3453,23,-10.378,143.541,99404100104,99-404,U/N Reef,U/N Reef (99-404),out,2,1,0,2.861226471,5.557456721,0.278578098,0.237745432
3454,8,-10.3863,143.9269,99405100104,99-405,U/N Reef,U/N Reef (99-405),out,3,1,0,1.749764057,3.966746086,0.147024832,0.296671358
3455,7,-10.3875,143.32,99406100104,99-406,Gubmarau Reef,Gubmarau Reef (99-406),out,2,1,0,7.07874572,11.47524433,0.456329474,0.237745433
3456,10,-10.3916,144.4248,99407100104,99-407,U/N Reef,U/N Reef (99-407),out,3,1,0,137.7452839,130.3177388,7.473619152,0.296671358
3457,24,-10.7592,142.3722,99530101104,99-530a,U/N Reef,U/N Reef (99-530a),out,1,1,0,0.056710323,0.280984035,0.002642788,0.267200292
3458,24,-10.7644,142.3745,99530102104,99-530b,U/N Reef,U/N Reef (99-530b),out,1,1,0,0.30903734,1.090832168,0.012156912,0.267193967
3459,28,-10.7682,142.3863,99532100104,99-532,U/N Reef,U/N Reef (99-532),out,1,1,0,0.217701171,0.82418864,0.008869069,0.267193739
3460,28,-10.7723,142.3977,99533100104,99-533,U/N Reef,U/N Reef (99-533),out,1,1,0,0.085073541,0.388653947,0.003807399,0.267191677
3461,31,-10.839,142.3177,99535100104,99-535,U/N Reef,U/N Reef (99-535),out,1,1,0,0.341076566,1.180549464,0.013287177,0.267194681
3462,31,-10.8425,142.3584,99536100104,99-536,U/N Reef,U/N Reef (99-536),out,1,1,0,0.188090886,0.733258278,0.007776034,0.267194128
3463,31,-10.8447,142.3482,99537100104,99-537,U/N Reef,U/N Reef (99-537),out,1,1,0,0.069816439,0.33184832,0.0031872,0.267191985
3464,8,-10.3959,143.9397,99408100104,99-408,U/N Reef,U/N Reef (99-408),out,3,1,0,7.054359961,12.10065601,0.515598936,0.296671358
3465,14,-10.4043,143.6803,99411100104,99-411,U/N Reef,U/N Reef (99-411),out,2,1,0,10.41332008,15.61737397,0.544409174,0.237745432
3466,7,-10.4064,143.4901,99413100104,99-413,U/N Reef,U/N Reef (99-413),out,2,1,0,6.165173129,10.27132942,0.426287961,0.237745432
3467,23,-10.4088,143.5504,99414100104,99-414,U/N Reef,U/N Reef (99-414),out,2,1,0,10.52893926,15.75922689,0.547085992,0.237745432
3468,7,-10.413,143.2476,99415100104,99-415,Susur Reef,Susur Reef (99-415),out,2,1,0,1.7953419880000001,3.829745371,0.206686523,0.237745432
3469,13,-10.4215,142.1942,99416100104,99-416,U/N Reef,U/N Reef (99-416),out,1,1,0,35.32624814,48.35126948,0.865559449,0.267194682
3470,14,-10.4265,143.933,99417100104,99-417,U/N Reef,U/N Reef (99-417),out,3,1,0,11.56600822,17.97188822,0.80458125,0.296671358
3471,14,-10.4279,143.7419,99418100104,99-418,U/N Reef,U/N Reef (99-418),out,2,1,0,1.745214394,3.740874605,0.202629998,0.237745432
3472,14,-10.4352,143.9098,99419100104,99-419,U/N Reef,U/N Reef (99-419),out,3,1,0,0.121412073,0.469322095,0.013321615,0.29667136
3473,23,-10.4399,143.5912,99420100104,99-420,U/N Reef,U/N Reef (99-420),out,2,1,0,3.457611604,6.465753681,0.311779981,0.237745432
3474,31,-10.8869,142.3403,99540100104,99-540,U/N Reef,U/N Reef (99-540),out,1,1,0,1.546705965,3.956453474,0.051797329,0.267194682
3475,34,-10.6816,143.9584,99809100104,99-809,U/N Reef,U/N Reef (99-809),out,3,1,0,0.384078817,1.179140279,0.037554597,0.296671357
3476,14,-10.4401,143.9127,99421100104,99-421,U/N Reef,U/N Reef (99-421),out,3,1,0,0.190167922,0.672000472,0.01994999,0.296671358
3477,18,-10.4415,143.3813,99422100104,99-422,U/N Reef,U/N Reef (99-422),out,2,1,0,2.605943232,5.158483579,0.263066845,0.237745433
3478,14,-10.4473,143.9202,99423100104,99-423,U/N Reef,U/N Reef (99-423),out,3,1,0,1.167529486,2.869916273,0.102153874,0.296671358
3479,23,-10.4508,143.4753,99424100104,99-424,U/N Reef,U/N Reef (99-424),out,2,1,0,5.319100405,9.127483991,0.395338059,0.237745432
3480,16,-10.451,142.3469,99425100104,99-425,Beresford Shoals,Beresford Shoals (99-425),out,1,1,0,8.129634458,14.92237006,0.23062457,0.267194681
3481,23,-10.4515,143.4364,99426100104,99-426,U/N Reef,U/N Reef (99-426),out,2,1,0,0.35881414700000003,1.055856371,0.060469487,0.237745431
3482,13,-10.4519,142.2048,99427100104,99-427,U/N Reef,U/N Reef (99-427),out,1,1,0,10.69592957,18.59062286,0.295320586,0.267194682
3483,23,-10.4527,143.6483,99428100104,99-428,U/N Reef,U/N Reef (99-428),out,2,1,0,12.11388493,17.62727392,0.5806494,0.237745432
3484,14,-10.4594,143.9217,99429100104,99-429,U/N Reef,U/N Reef (99-429),out,3,1,0,5.394751916,9.76407786,0.405029936,0.296671358
3485,16,-10.4616,142.4434,99430100104,99-430,U/N Reef,U/N Reef (99-430),out,1,1,0,1.086755962,2.982594986,0.037692645,0.267194684
3486,557,-16.317,145.648,16118100104,16-118,U/N Reef,U/N Reef (16-118),Cairns/Cooktown,1,4,1,3.018976556,6.723800694,0.094059943,0.267194682
3487,920,-20.065,148.4413,20006100104,20-006,Passage Islet Reef,Passage Islet Reef (20-006),Townsville/Whitsunday,1,8,0,3.450694053,2.842117518,1.375215583,0.273867268
3488,163,-11.7643,143.5056,11222101104,11-222a,Middle Banks,Middle Banks (11-222a),Far Northern,2,1,1,192.0110456,136.5593847,14.63983372,0.220686493
3489,14,-10.4696,143.9091,99432100104,99-432,U/N Reef,U/N Reef (99-432),out,3,1,0,1.000605487,2.5367191,0.088911596,0.296671358
3490,19,-10.4736,143.1385,99434100104,99-434,U/N Reef,U/N Reef (99-434),out,2,1,0,0.828507043,2.063356642,0.118320149,0.237745432
3491,23,-10.4747,143.5556,99435100104,99-435,U/N Reef,U/N Reef (99-435),out,2,1,0,1.287778364,2.934241333,0.163983873,0.237745432
3492,17,-10.4761,143.2913,99436100104,99-436,Au-Masig Reef,Au-Masig Reef (99-436),out,2,1,0,13.73721221,19.5045915,0.611579215,0.237745433
3493,14,-10.478,143.9074,99437100104,99-437,U/N Reef,U/N Reef (99-437),out,3,1,0,2.687256908,5.591260725,0.216321882,0.296671358
3494,16,-10.478,142.2596,99438100104,99-438,U/N Reef,U/N Reef (99-438),out,1,1,0,0.07519512,0.352221884,0.003408108,0.267192351
3495,16,-10.485,142.3535,99439100104,99-439,Alert Patches,Alert Patches (99-439),out,1,1,0,4.127960381,8.676842009,0.125312657,0.267194683
3496,23,-10.485,143.6718,99440100104,99-440,U/N Reef,U/N Reef (99-440),out,2,1,0,2.517131665,5.014949332,0.257336692,0.237745432
3497,16,-10.4851,142.2057,99441100104,99-441,U/N Reef,U/N Reef (99-441),out,1,1,0,20.37107178,31.12637406,0.527360547,0.267194682
3498,14,-10.4914,143.9171,99442100104,99-442,U/N Reef,U/N Reef (99-442),out,3,1,0,3.817123648,7.40363619,0.296672775,0.296671358
3499,16,-10.4941,142.2497,99443100104,99-443,U/N Reef,U/N Reef (99-443),out,1,1,0,0.247753076,0.914301593,0.009966935,0.2671949
3500,23,-10.4951,143.4793,99444100104,99-444,U/N Reef,U/N Reef (99-444),out,2,1,0,4.739237699,8.322324259,0.371928614,0.237745433
3501,16,-10.4974,142.4464,99445100104,99-445,U/N Reef,U/N Reef (99-445),out,1,1,0,0.659041935,1.999013793,0.024030112,0.267194685
3502,14,-10.4964,143.726,99446100104,99-446,U/N Reef,U/N Reef (99-446),out,2,1,0,4.420941055,7.868952992,0.358085321,0.237745432
3503,22,-10.5009,143.4166,99447100104,99-447,U/N Reef,U/N Reef (99-447),out,2,1,0,6.239354157,10.37134594,0.428877215,0.237745433
3504,14,-10.5034,143.8903,99448100104,99-448,U/N Reef,U/N Reef (99-448),out,3,1,0,0.989420999,2.514076526,0.088019276,0.296671358
3505,16,-10.5124,142.2952,99450100104,99-450,U/N Reef,U/N Reef (99-450),out,1,1,0,0.700525963,2.099757681,0.025396761,0.267194684
3506,16,-10.5276,142.4454,99453100104,99-453,Reeves Shoal,Reeves Shoal (99-453),out,1,1,0,0.135506698,0.563967825,0.005787326,0.267196673
3507,28,-10.5168,142.6176,99455101104,99-455a,Bungaree Shoals (No 1),Bungaree Shoals (No 1) (99-455a),out,1,1,0,0.940821585,2.656641873,0.03309121,0.267194681
3508,28,-10.5334,142.6082,99455102104,99-455b,Bungaree Shoals (No 2),Bungaree Shoals (No 2) (99-455b),out,1,1,0,0.833855992,2.412172502,0.029685711,0.267194682
3509,28,-10.5338,142.5919,99455103104,99-455c,Bungaree Shoals (No 3),Bungaree Shoals (No 3) (99-455c),out,1,1,0,0.761189501,2.242562259,0.027348007,0.267194681
3510,14,-10.5183,143.9165,99456100104,99-456,U/N Reef,U/N Reef (99-456),out,3,1,0,9.441200794,15.27842162,0.670255345,0.296671358
3511,19,-10.526,143.1054,99457100104,99-457,U/N Reef,U/N Reef (99-457),out,2,1,0,3.829568743,7.022359628,0.330816692,0.237745432
3512,16,-10.5369,142.3052,99458101104,99-458a,U/N Reef,U/N Reef (99-458a),out,1,1,0,6.007395314,11.71571587,0.175672171,0.267194682
3513,16,-10.5202,142.2965,99458102104,99-458b,U/N Reef,U/N Reef (99-458b),out,1,1,0,2.1205857,5.093220128,0.068818396,0.267194683
3514,16,-10.5281,142.2723,99459100104,99-459,U/N Reef,U/N Reef (99-459),out,1,1,0,0.105172296,0.460651621,0.004609501,0.267192634
3515,27,-10.5376,143.8925,99460100104,99-460,U/N Reef,U/N Reef (99-460),out,3,1,0,0.116841079,0.455143451,0.012869713,0.296671358
3516,22,-10.5397,143.3545,99461100104,99-461,Wap Reef,Wap Reef (99-461),out,2,1,0,6.673617186,10.94607222,0.443419948,0.237745432
3517,1273,-23.2905,151.8903,23050100104,23-050,Wilson Island Reef,Wilson Island Reef (23-050),Mackay/Capricorn,3,11,0,46.93483966,77.91662034,52.63332625,0.297523444
3518,1281,-23.3304,151.9654,23051100104,23-051,Wreck Island Reef,Wreck Island Reef (23-051),Mackay/Capricorn,3,11,1,10.75685996,20.21371309,16.9595139,0.399853016
3519,1301,-24.0055,151.7355,24003100104,24-003,U/N Reef,U/N Reef (24-003),Mackay/Capricorn,1,11,0,1.070849816,3.890176369,1.706209563,0.270127175
3520,1309,-24.2617,151.9508,24006100104,24-006,Red Rocks Reef,Red Rocks Reef (24-006),Mackay/Capricorn,1,11,1,0.733373781,2.443650108,1.464677049,0.241165241
3521,1260,-22.4483,150.7635,22082100104,22-082,Delcomyn Reef,Delcomyn Reef (22-082),Mackay/Capricorn,1,9,0,0.098094394,0.434661747,0.004317748,0.267194814
3522,1260,-22.4793,150.7738,22083100104,22-083,Entrance Island Reef,Entrance Island Reef (22-083),Mackay/Capricorn,1,9,1,0.191801537,0.01763469,1.17353e-4,0.267184249
3523,1233,-21.9997,152.465,22084100104,22-084,U/N Reef,U/N Reef (22-084),Mackay/Capricorn,2,10,1,1.507965442,4.265930868,2.222781441,0.23026758
3524,1239,-22.0167,152.3462,22085100104,22-085,U/N Reef,U/N Reef (22-085),Mackay/Capricorn,2,10,0,4.307802052,9.932363287,5.133961683,0.28346059
3525,1240,-22.0174,152.4484,22086100104,22-086,Wilson Reef,Wilson Reef (22-086),Mackay/Capricorn,2,10,1,3.066673205,4.762657903,2.620305148,0.246390705
3526,1255,-22.3266,150.4049,22167100104,22-167,Earl Banks,Earl Banks (22-167),Mackay/Capricorn,1,9,1,2.031808988,2.260533823,1.741106845,0.273867268
3527,1286,-23.4461,151.971,23052101104,23-052a,Heron Reef,Heron Reef (23-052a),Mackay/Capricorn,3,11,0,62.83184095,68.92447609,37.36092347,0.391829551
3528,1286,-23.4762,151.9936,23052102104,23-052b,U/N Reef,U/N Reef (23-052b),Mackay/Capricorn,3,11,0,0.137187902,0.518994612,0.014917987,0.296671357
3529,1289,-23.4699,151.8767,23053100104,23-053,Wistari Reef,Wistari Reef (23-053),Mackay/Capricorn,3,11,0,36.90026388,43.44411393,30.80033159,0.431697455
3530,1311,-24.1137,152.715,24008100104,24-008,Lady Elliot Island Reef,Lady Elliot Island Reef (24-008),Mackay/Capricorn,3,11,1,2.516844344,6.981473009,6.009345365,0.296329302
3531,1311,-24.2096,152.6673,24009101104,24-009a,Herald Patches (No 1),Herald Patches (No 1) (24-009a),Mackay/Capricorn,3,11,0,14.78918349,21.97244363,1.008707246,0.296671358
3532,1311,-24.2057,152.742,24009102104,24-009b,Herald Patches (No 2),Herald Patches (No 2) (24-009b),Mackay/Capricorn,3,11,0,2.178407862,0.28711428,0.17086365,0.292999814
3533,1311,-24.2154,152.7513,24009103104,24-009c,Herald Patches (No 3),Herald Patches (No 3) (24-009c),Mackay/Capricorn,3,11,0,2.799534164,0.158026574,0.069549201,0.292999814
3534,1312,-24.3882,153.1037,24010100104,24-010,U/N Reef,U/N Reef (24-010),Mackay/Capricorn,3,11,1,16.63776233,21.88729491,13.30125412,0.292999814
3535,1312,-24.6428,153.1491,24011100104,24-011,Porpoise Shoal,Porpoise Shoal (24-011),out,3,11,0,2.517200234,5.335097701,0.205204633,0.296671358
3536,1312,-24.5252,153.1251,24012100104,24-012,Long Shoal,Long Shoal (24-012),out,3,11,1,20.16976433,28.19327594,1.335259633,0.296671358
3537,1238,-22.0204,152.2783,22087100104,22-087,U/N Reef,U/N Reef (22-087),Mackay/Capricorn,2,10,0,5.956962452,10.13057592,5.076993357,0.289035653
3538,1237,-22.0258,152.1577,22088101104,22-088a,U/N Reef,U/N Reef (22-088a),Mackay/Capricorn,2,10,0,16.48321524,25.02721963,13.15191371,0.241239432
3539,1237,-22.0152,152.1398,22088102104,22-088b,U/N Reef,U/N Reef (22-088b),Mackay/Capricorn,2,10,0,0.165510265,0.570005533,0.031392517,0.237745429
3540,1221,-22.0332,152.0734,22089100104,22-089,U/N Reef,U/N Reef (22-089),Mackay/Capricorn,2,10,0,0.875713644,2.160956807,0.123647839,0.237745432
3541,1248,-22.1731,152.474,22816100104,22-816,U/N Reef,U/N Reef (22-816),Mackay/Capricorn,2,10,0,0.623273012,1.647709097,0.095050152,0.237745432
3542,1256,-22.2387,152.4973,22817100104,22-817,U/N Reef,U/N Reef (22-817),Mackay/Capricorn,2,10,0,1.818278723,0.737311997,0.180703983,0.228214562
3543,1287,-23.4332,152.0337,23054100104,23-054,Sykes Reef,Sykes Reef (23-054),Mackay/Capricorn,3,11,0,18.69312181,34.09438739,22.80603865,0.33910557
3544,1291,-23.4957,152.0612,23055101104,23-055a,One Tree Island Reef,One Tree Island Reef (23-055a),Mackay/Capricorn,3,11,1,28.44147194,28.3400062,23.34093978,0.365378091
3545,1287,-23.4759,152.0472,23055102104,23-055b,U/N Reef,U/N Reef (23-055b),Mackay/Capricorn,3,11,0,0.067416395,0.294015957,0.00787171,0.296671358
3546,1291,-23.4732,152.0793,23055103104,23-055c,U/N Reef,U/N Reef (23-055c),Mackay/Capricorn,3,11,0,0.058262757,0.261638461,0.006903447,0.296671359
3547,1292,-23.534300000000002,151.2753,23056100104,23-056,Rundle Reef,Rundle Reef (23-056),Mackay/Capricorn,1,11,0,3.154573923,5.653560523,3.738696344,0.25045211
3548,1240,-22.0401,152.4287,22090100104,22-090,Chesterman Reef,Chesterman Reef (22-090),Mackay/Capricorn,2,10,0,9.789283799,9.497005772,4.833995978,0.250359419
3549,1239,-22.0578,152.3309,22091100104,22-091,U/N Reef,U/N Reef (22-091),Mackay/Capricorn,2,10,0,1.045756105,2.803702248,2.056889059,0.22660035
3550,1248,-22.0773,152.4774,22092100104,22-092,U/N Reef,U/N Reef (22-092),Mackay/Capricorn,2,10,0,2.61036898,4.6613308,2.984213136,0.246445492
3551,1248,-22.1008,152.4875,22093100104,22-093,Abrahams Reef,Abrahams Reef (22-093),Mackay/Capricorn,2,10,0,13.04392308,13.27929532,6.667014182,0.246459139
3552,1238,-22.0948,152.2555,22094100104,22-094,Herald No 1,Herald No 1 (22-094),Mackay/Capricorn,2,10,0,3.174856107,5.644645588,3.620924762,0.2292303
3553,1253,-22.1995,152.5359,22818100104,22-818,U/N Reef,U/N Reef (22-818),Mackay/Capricorn,2,10,0,0.058662727,0.248822148,0.012634186,0.23774544
3554,1253,-22.2144,152.5414,22819100104,22-819,U/N Reef,U/N Reef (22-819),Mackay/Capricorn,2,10,0,0.113321655,0.421360882,0.0225881,0.237745431
3555,1253,-22.2182,152.5534,22820100104,22-820,U/N Reef,U/N Reef (22-820),Mackay/Capricorn,2,10,0,0.138151277,0.493740214,0.026858498,0.23774543
3556,1256,-22.2352,152.5831,22821100104,22-821,U/N Reef,U/N Reef (22-821),Mackay/Capricorn,2,10,0,0.952264137,2.313403497,0.131863251,0.237745432
3557,1256,-22.2754,152.5703,22822100104,22-822,U/N Reef,U/N Reef (22-822),Mackay/Capricorn,2,10,0,2.387141216,1.34423558,0.04070331,0.228214562
3558,1256,-22.2767,152.6233,22823100104,22-823,U/N Reef,U/N Reef (22-823),Mackay/Capricorn,2,10,0,0.745752201,1.902660615,0.109433771,0.237745432
3559,1254,-22.2139,152.6499,22824100104,22-824,U/N Reef,U/N Reef (22-824),Mackay/Capricorn,2,10,0,0.617694189,1.63656829,0.094413906,0.237745432
3560,1254,-22.2234,152.6645,22825100104,22-825,U/N Reef,U/N Reef (22-825),Mackay/Capricorn,2,10,0,0.497518765,1.376503686,0.079389704,0.237745432
3561,1254,-22.215,152.6761,22826100104,22-826,U/N Reef,U/N Reef (22-826),Mackay/Capricorn,2,10,0,0.155772734,0.22016708,0.12674606,0.228214562
3562,1257,-22.259,152.7081,22827100104,22-827,U/N Reef,U/N Reef (22-827),Mackay/Capricorn,3,10,0,0.776948903,2.569759087,0.810424199,0.298800902
3563,1306,-23.5573,151.2715,23057100104,23-057,Bass Shoals,Bass Shoals (23-057),Mackay/Capricorn,1,11,0,0.769240493,2.259590724,0.027581735,0.267194683
3564,1283,-23.4301,151.0497,23058100104,23-058,Keppel Rocks Reef,Keppel Rocks Reef (23-058),Mackay/Capricorn,1,11,0,0.258738606,0.944728334,0.010340639,0.267195726
3565,1283,-23.4504,151.0203,23059101104,23-059a,Curtis Island Reef (No 1),Curtis Island Reef (No 1) (23-059a),out,1,11,1,0.249529686,0.917686067,0.010008238,0.267195757
3566,1283,-23.4491,151.0624,23059102104,23-059b,Curtis Island Reef (No 2),Curtis Island Reef (No 2) (23-059b),Mackay/Capricorn,1,11,0,0.427942777,1.749156172,0.698454766,0.272244596
3567,1306,-23.6757,151.2811,23059103104,23-059c,Curtis Island Reef (No 3),Curtis Island Reef (No 3) (23-059c),Mackay/Capricorn,1,11,1,1.663147391,5.914539316,3.97883051,0.267801271
3568,1247,-22.1038,152.3601,22095100104,22-095,U/N Reef,U/N Reef (22-095),Mackay/Capricorn,2,10,0,2.379622832,5.316590784,4.043512631,0.22227298
3569,1247,-22.1092,152.2866,22096100104,22-096,U/N Reef,U/N Reef (22-096),Mackay/Capricorn,2,10,0,0.891963073,1.841469338,0.811529216,0.227988161
3570,1248,-22.169,152.4495,22097100104,22-097,U/N Reef,U/N Reef (22-097),Mackay/Capricorn,2,10,0,3.640736571,2.537236663,1.92015919,0.259110774
3571,1248,-22.2003,152.4951,22098100104,22-098,U/N Reef,U/N Reef (22-098),Mackay/Capricorn,2,10,0,8.172486002,8.262105569,6.343192442,0.235955421
3572,1238,-22.0043,152.287,22828100104,22-828,U/N Reef,U/N Reef (22-828),Mackay/Capricorn,2,10,0,0.261295831,0.821611082,0.046460809,0.237745432
3573,1238,-22.0719,152.2992,22829100104,22-829,U/N Reef,U/N Reef (22-829),Mackay/Capricorn,2,10,0,0.445114494,1.258191729,0.072453607,0.237745432
3574,1247,-22.1242,152.3139,22830100104,22-830,U/N Reef,U/N Reef (22-830),Mackay/Capricorn,2,10,0,0.866233121,2.143332875,0.122689714,0.237745432
3575,1247,-22.1356,152.3475,22831100104,22-831,U/N Reef,U/N Reef (22-831),Mackay/Capricorn,2,10,0,0.903579655,0.39129635,0.240320412,0.228214562
3576,1247,-22.0805,152.3325,22832100104,22-832,U/N Reef,U/N Reef (22-832),Mackay/Capricorn,2,10,0,0.792686981,0.498697654,0.302048529,0.228214562
3577,1247,-22.1243,152.3693,22833100104,22-833,U/N Reef,U/N Reef (22-833),Mackay/Capricorn,2,10,0,0.09038256,0.351481924,0.018509092,0.237745431
3578,1247,-22.062,152.3748,22834100104,22-834,U/N Reef,U/N Reef (22-834),Mackay/Capricorn,2,10,0,4.070769697,2.817128785,1.047585282,0.228214562
3579,1247,-22.0937,152.3763,22835100104,22-835,U/N Reef,U/N Reef (22-835),Mackay/Capricorn,2,10,0,0.127867513,0.463929646,0.025095064,0.23774543
3580,1240,-22.0584,152.403,22836100104,22-836,U/N Reef,U/N Reef (22-836),Mackay/Capricorn,2,10,0,0.123782432,0.452063017,0.024394794,0.237745432
3581,1240,-22.0571,152.4098,22837100104,22-837,U/N Reef,U/N Reef (22-837),Mackay/Capricorn,2,10,0,0.057852005,0.245998778,0.012475244,0.237745432
3582,1247,-22.1367,152.4007,22838100104,22-838,U/N Reef,U/N Reef (22-838),Mackay/Capricorn,2,10,0,0.932225094,0.785436203,0.530075604,0.228214562
3583,1306,-23.7481,151.3078,23059104104,23-059d,Curtis Island Reef (No 4),Curtis Island Reef (No 4) (23-059d),Mackay/Capricorn,1,11,0,1.597225723,4.867055217,1.644449924,0.266715273
3584,1306,-23.7648,151.3179,23060100104,23-060,Rat Reef,Rat Reef (23-060),out,1,11,0,0.158125598,0.637400524,0.006641948,0.267195326
3585,1306,-23.7542,151.3343,23061101104,23-061a,North Point Reef (Facing Island Reef),North Point Reef (Facing Island Reef) (23-061a),Mackay/Capricorn,1,11,0,0.580799783,2.230587885,1.336174695,0.258447047
3586,1306,-23.7652,151.3267,23061102104,23-061b,Facing Island Reef (No 2),Facing Island Reef (No 2) (23-061b),out,1,11,0,0.306883645,1.083418723,0.01206384,0.267194534
3587,1306,-23.8014,151.3637,23061103104,23-061c,Pearl Ledge (Facing Island Reef No 3),Pearl Ledge (Facing Island Reef No 3) (23-061c),Mackay/Capricorn,1,11,0,1.040068004,3.584350264,1.925349308,0.263706334
3588,1306,-23.8303,151.3817,23061104104,23-061d,Facing Island Reef (No 4),Facing Island Reef (No 4) (23-061d),Mackay/Capricorn,1,11,0,0.510604439,1.908370665,0.964001879,0.259776568
3589,1229,-22.0133,150.3852,22031100104,22-031,Alnwick Reef,Alnwick Reef (22-031),Mackay/Capricorn,1,9,0,0.25015557,0.006917249,4.1e-5,0.267196103
3590,1229,-22.0181,150.3672,22032100104,22-032,Hexham Reef,Hexham Reef (22-032),Mackay/Capricorn,1,9,0,0.563775016,0.182309485,0.068451952,0.251116139
3591,1228,-22.0099,150.1618,22033100104,22-033,Danger Reef,Danger Reef (22-033),Mackay/Capricorn,1,9,0,0.121055643,0.192502155,0.001727193,0.267192669
3592,1256,-22.2619,152.4143,22099100104,22-099,Hackie Reef,Hackie Reef (22-099),Mackay/Capricorn,3,10,0,25.34967378,17.90232132,14.14678706,0.299520407
3593,1256,-22.2994,152.5031,22100100104,22-100,U/N Reef,U/N Reef (22-100),Mackay/Capricorn,2,10,0,3.97165569,1.8708899430000001,1.161027821,0.228214562
3594,1243,-22.0029,152.6271,22101100104,22-101,U/N Reef,U/N Reef (22-101),Mackay/Capricorn,2,10,0,6.053259262,9.063242894,7.218801357,0.271681077
3595,1241,-22.054,152.4785,22839100104,22-839,U/N Reef,U/N Reef (22-839),Mackay/Capricorn,2,10,0,2.624541819,1.136315449,0.388355583,0.23225842
3596,1248,-22.0775,152.4998,22840100104,22-840,U/N Reef,U/N Reef (22-840),Mackay/Capricorn,2,10,0,1.223283614,2.826111583,0.15854242,0.237745432
3597,1242,-22.02,152.5183,22841100104,22-841,U/N Reef,U/N Reef (22-841),Mackay/Capricorn,2,10,1,2.2328209,4.573742221,0.239198746,0.237745433
3598,1242,-22.02,152.5407,22842100104,22-842,U/N Reef,U/N Reef (22-842),Mackay/Capricorn,2,10,1,0.102749599,0.389614474,0.020728681,0.237745433
3599,1242,-22.0094,152.5439,22843100104,22-843,U/N Reef,U/N Reef (22-843),Mackay/Capricorn,2,10,1,0.103722078,0.392565445,0.02090111,0.237745435
3600,1242,-22.0157,152.5522,22844100104,22-844,U/N Reef,U/N Reef (22-844),Mackay/Capricorn,2,10,1,0.073070325,0.296630506,0.01534893,0.237745431
3601,1243,-22.0825,152.5641,22845100104,22-845,U/N Reef,U/N Reef (22-845),Mackay/Capricorn,2,10,0,0.206556424,0.681182896,0.038039892,0.237745433
3602,1251,-22.1134,152.5716,22846100104,22-846,U/N Reef,U/N Reef (22-846),Mackay/Capricorn,2,10,0,0.072750358,0.295601928,0.015290091,0.237745431
3603,1246,-22.0464,152.6549,22848100104,22-848,U/N Reef,U/N Reef (22-848),Mackay/Capricorn,2,10,0,0.325841857,0.370199919,0.227420126,0.228214562
3604,1249,-22.1121,152.7034,22849100104,22-849,U/N Reef,U/N Reef (22-849),Mackay/Capricorn,2,10,0,0.181354522,0.374064334,0.121620108,0.228214562
3605,1306,-23.8571,151.3933,23061105104,23-061e,East Point Ledge (Facing Island Reef),East Point Ledge (Facing Island Reef) (23-061e),Mackay/Capricorn,1,11,0,0.70057982,2.414750831,1.640023851,0.263643824
3606,1306,-23.8797,151.3785,23061106104,23-061f,Facing Island Reef (No 6),Facing Island Reef (No 6) (23-061f),out,1,11,0,0.66538777,2.012404439,0.024211275,0.26719468
3607,1306,-23.8557,151.3561,23062100104,23-062,Manning Reef,Manning Reef (23-062),out,1,11,0,0.39107089,1.315352786,0.015005844,0.267194688
3608,1306,-23.8138,151.3882,23064100104,23-064,Sable Chief Rocks Reef,Sable Chief Rocks Reef (23-064),Mackay/Capricorn,1,11,0,0.047088248,0.350432104,0.179573564,0.263837962
3609,1306,-23.9006,151.3934,23065101104,23-065a,East Banks (East),East Banks (East) (23-065a),out,1,11,0,0.244202708,0.902539269,0.009822603,0.267195685
3610,1306,-23.8966,151.4153,23065102104,23-065b,East Banks (West),East Banks (West) (23-065b),out,1,11,0,0.291731381,1.04056567,0.011528498,0.267194084
3611,1306,-23.9328,151.4813,23066100104,23-066,Curtis Rock Reef,Curtis Rock Reef (23-066),out,1,11,0,0.043986844,0.229082809,0.002100283,0.267195735
3612,1306,-23.9501,151.4942,23067101104,23-067a,Seal Rocks Reef (No 1),Seal Rocks Reef (No 1) (23-067a),Mackay/Capricorn,1,11,0,0.453497601,2.145526325,0.545663617,0.263837962
3613,1306,-23.9621,151.4851,23067102104,23-067b,Seal Rocks Reef (No 2),Seal Rocks Reef (No 2) (23-067b),Mackay/Capricorn,1,11,0,1.796827448,6.454742948,1.618780059,0.265838992
3614,1306,-23.9742,151.4822,23067103104,23-067c,Seal Rocks Reef (No 3),Seal Rocks Reef (No 3) (23-067c),Mackay/Capricorn,1,11,0,0.347386891,1.733502985,0.020470484,0.267194681
3615,1229,-22.0242,150.2877,22034100104,22-034,Otterbourne Reef,Otterbourne Reef (22-034),Mackay/Capricorn,1,9,0,0.428470176,0.075237583,6.00103e-4,0.267198025
3616,1228,-22.0309,150.0978,22035100104,22-035,Two Round Rocks Reef,Two Round Rocks Reef (22-035),Mackay/Capricorn,1,9,0,0.601766734,1.853396999,0.02207001,0.267194679
3617,1255,-22.0362,150.4505,22036100104,22-036,Steep Reef,Steep Reef (22-036),Mackay/Capricorn,1,9,0,0.263799865,0.050878275,3.86442e-4,0.267185322
3618,1228,-22.0464,150.0983,22037100104,22-037,Low Island Reef,Low Island Reef (22-037),Mackay/Capricorn,1,9,0,0.079144777,0.099650658,8.2395e-4,0.26720113
3619,1255,-22.3072,150.2289,22038100104,22-038,Clara Island Reef,Clara Island Reef (22-038),Mackay/Capricorn,1,9,1,0.139912995,0.409746955,0.254928411,0.273867268
3620,1235,-22.0052,152.6583,22102100104,22-102,Chinaman Reef,Chinaman Reef (22-102),Mackay/Capricorn,2,10,0,3.353070766,7.503745762,4.156968071,0.22023746
3621,1244,-22.0113,152.7261,22103100104,22-103,Half Moon Reef,Half Moon Reef (22-103),Mackay/Capricorn,3,10,0,3.798273059,9.153992764,6.607050825,0.2875187
3622,1243,-22.0425,152.5804,22104101104,22-104a,Horseshoe Reef (No 1),Horseshoe Reef (No 1) (22-104a),Mackay/Capricorn,2,10,0,20.99070585,19.28687173,8.306643566,0.239793635
3623,1243,-22.0443,152.5645,22104102104,22-104b,Horseshoe Reef (No 2),Horseshoe Reef (No 2) (22-104b),Mackay/Capricorn,2,10,0,1.35601609,0.154969694,0.001353849,0.237749262
3624,1243,-22.0581,152.5724,22104103104,22-104c,Horseshoe Reef (No 3),Horseshoe Reef (No 3) (22-104c),Mackay/Capricorn,2,10,0,0.283894561,0.579717944,0.351678447,0.217900435
3625,1244,-22.0079,152.7098,22850100104,22-850,U/N Reef,U/N Reef (22-850),Mackay/Capricorn,3,10,0,0.117250175,0.458514775,0.012977006,0.296671357
3626,1244,-22.0374,152.7404,22851100104,22-851,U/N Reef,U/N Reef (22-851),Mackay/Capricorn,3,10,0,0.846820759,1.13768067,0.41960874,0.292999814
3627,1262,-23.0363,150.8769,23001100104,23-001,Conical Rocks Reef,Conical Rocks Reef (23-001),Mackay/Capricorn,1,11,0,0.574188192,1.179623237,0.342559256,0.251116139
3628,1262,-23.047,150.8795,23002100104,23-002,Corroboree (Te-ri-mul) Reef,Corroboree (Te-ri-mul) Reef (23-002),Mackay/Capricorn,1,11,0,1.115439818,2.92492164,0.533400281,0.2619553
3629,1295,-23.5019,151.7737,23068100104,23-068,Erskine Reef,Erskine Reef (23-068),Mackay/Capricorn,2,11,1,4.998439273,10.60579945,7.964630311,0.233880864
3630,1294,-23.527,151.7267,23069100104,23-069,Mast Head Reef,Mast Head Reef (23-069),Mackay/Capricorn,2,11,0,37.73106391,32.09275687,27.69146146,0.33763169
3631,1292,-23.5389,151.6273,23070100104,23-070,Irving Reef,Irving Reef (23-070),Mackay/Capricorn,2,11,1,21.06391261,17.50291166,12.75580101,0.23912035
3632,1255,-22.1556,150.2752,22040100104,22-040,Donovan Shoal,Donovan Shoal (22-040),Mackay/Capricorn,1,9,0,2.155199392,0.134887533,0.001156753,0.267195385
3633,1255,-22.1799,150.3559,22041100104,22-041,North Rock Reef,North Rock Reef (22-041),Mackay/Capricorn,1,9,0,0.156183376,0.630208203,0.006558001,0.267193378
3634,1255,-22.1924,150.3612,22042100104,22-042,Mumford Reef,Mumford Reef (22-042),Mackay/Capricorn,1,9,0,1.549160254,1.728759576,0.746020455,0.273867268
3635,1255,-22.2028,150.2512,22043100104,22-043,White Rocks Reef,White Rocks Reef (22-043),Mackay/Capricorn,1,9,0,0.405984376,0.874814936,0.408089162,0.273867268
3636,1255,-22.2047,150.3521,22044100104,22-044,Ten Pin Reef,Ten Pin Reef (22-044),Mackay/Capricorn,1,9,0,1.304508427,0.988934944,0.230117259,0.273867268
3637,1255,-22.2074,150.3743,22045100104,22-045,Holt Island Reef,Holt Island Reef (22-045),Mackay/Capricorn,1,9,0,0.666731019,0.699880059,0.442613375,0.273867268
3638,1242,-22.0587,152.5045,22105100104,22-105,U/N Reef,U/N Reef (22-105),Mackay/Capricorn,2,10,0,2.690571206,2.056167507,1.151005394,0.218335219
3639,1246,-22.0566,152.7378,22106100104,22-106,U/N Reef,U/N Reef (22-106),Mackay/Capricorn,3,10,0,1.335245161,4.492389867,3.674868461,0.289496026
3640,1249,-22.0535,152.776,22107100104,22-107,U/N Reef,U/N Reef (22-107),Mackay/Capricorn,3,10,0,0.16144754,0.592319562,0.017309223,0.296671358
3641,1243,-22.0657,152.631,22108100104,22-108,Ron Isbel Reef,Ron Isbel Reef (22-108),Mackay/Capricorn,2,10,0,5.265140612,7.999091294,5.098069584,0.22759855
3642,1246,-22.0668,152.6757,22109100104,22-109,Sanctuary Reef,Sanctuary Reef (22-109),Mackay/Capricorn,2,10,0,7.771741139,12.54334744,6.173541832,0.228138577
3643,1243,-22.0659,152.5965,22110100104,22-110,U/N Reef,U/N Reef (22-110),Mackay/Capricorn,2,10,0,0.664338739,1.301202537,0.935354093,0.239557456
3644,1248,-22.0733,152.5221,22111100104,22-111,U/N Reef,U/N Reef (22-111),Mackay/Capricorn,2,10,0,1.728631576,1.068388456,0.319162601,0.246301391
3645,1251,-22.0845,152.5959,22112100104,22-112,U/N Reef,U/N Reef (22-112),Mackay/Capricorn,2,10,0,1.308719216,3.033949105,1.825778325,0.233071174
3646,1262,-23.0635,150.9005,23004101104,23-004a,North Keppel (Ko-no-mie) Island Reef (No 1),North Keppel (Ko-no-mie) Island Rf (No 1) 23-004a,Mackay/Capricorn,1,11,1,1.708887292,2.962394144,0.892750173,0.263120789
3647,1262,-23.0824,150.8929,23004102104,23-004b,North Keppel (Ko-no-mie) Island Reef (No 2),North Keppel (Ko-no-mie) Island Rf (No 2) 23-004b,Mackay/Capricorn,1,11,0,1.318103759,4.798849154,3.488850806,0.272233299
3648,1262,-23.0947,150.8987,23005100104,23-005,Pumpkin Reef,Pumpkin Reef (23-005),Mackay/Capricorn,1,11,0,0.209495416,0.895896603,0.388610414,0.256569196
3649,1262,-23.096800000000002,150.8847,23006100104,23-006,Square Rocks Reef,Square Rocks Reef (23-006),Mackay/Capricorn,1,11,0,0.431663316,1.815450841,0.292156286,0.251116139
3650,1262,-23.0982,150.8972,23007100104,23-007,Sloping Reef,Sloping Reef (23-007),Mackay/Capricorn,1,11,0,0.237104602,1.04001339,0.354687199,0.251116139
3651,1297,-23.5559,151.6779,23071100104,23-071,Polmaise Reef,Polmaise Reef (23-071),Mackay/Capricorn,2,11,1,25.20242132,37.26124728,28.20836965,0.29678523
3652,1301,-23.6743,151.6178,23072100104,23-072,Rock Cod Shoal,Rock Cod Shoal (23-072),Mackay/Capricorn,2,11,0,25.50087174,16.02697287,11.4942145,0.228214562
3653,1306,-23.9725,151.6249,23074101104,23-074a,U/N Reef,U/N Reef (23-074a),Mackay/Capricorn,1,11,0,0.297080774,0.709122108,0.30265433,0.270043579
3654,1306,-23.9755,151.6441,23074102104,23-074b,U/N Reef,U/N Reef (23-074b),Mackay/Capricorn,1,11,0,0.491002641,1.155335422,0.43527861,0.270812025
3655,1301,-23.9813,151.6575,23074103104,23-074c,U/N Reef,U/N Reef (23-074c),Mackay/Capricorn,1,11,1,0.313384747,0.954157728,0.465586937,0.273782577
3656,1301,-23.9882,151.6749,23074104104,23-074d,U/N Reef,U/N Reef (23-074d),Mackay/Capricorn,1,11,1,0.537348551,1.495216534,0.76233408,0.272904678
3657,1255,-22.2171,150.3709,22046100104,22-046,U/N Reef,U/N Reef (22-046),Mackay/Capricorn,1,9,0,0.48940037,0.947559035,0.654001489,0.273867268
3658,1255,-22.2046,150.4388,22047101104,22-047a,Ripple Island Reef (No 1),Ripple Island Reef (No 1) (22-047a),Mackay/Capricorn,1,9,0,0.573917906,0.243244396,0.00224678,0.267196556
3659,1255,-22.2178,150.4225,22047102104,22-047b,Ripple Island Reef (No 2),Ripple Island Reef (No 2) (22-047b),Mackay/Capricorn,1,9,0,0.804906166,0.46461725,0.244679569,0.273867268
3660,1255,-22.2145,150.438,22047103104,22-047c,Ripple Island Reef (No 3),Ripple Island Reef (No 3) (22-047c),Mackay/Capricorn,1,9,0,0.105037427,0.458882682,0.004589261,0.267195536
3661,1255,-22.2175,150.4118,22048100104,22-048,Harrison Reef,Harrison Reef (22-048),Mackay/Capricorn,1,9,0,0.583726289,0.698762896,0.407838463,0.257235909
3662,1246,-22.0946,152.6471,22113100104,22-113,U/N Reef,U/N Reef (22-113),Mackay/Capricorn,2,10,0,1.715252194,5.337991034,3.386784377,0.26632752
3663,1251,-22.1039,152.6245,22114100104,22-114,U/N Reef,U/N Reef (22-114),Mackay/Capricorn,2,10,0,1.203228336,3.21889109,1.678282973,0.221783095
3664,1248,-22.1058,152.5336,22115100104,22-115,U/N Reef,U/N Reef (22-115),Mackay/Capricorn,2,10,0,4.946843992,8.201783702,4.054094576,0.245897529
3665,1249,-22.0959,152.7417,22116100104,22-116,Hook Reef,Hook Reef (22-116),Mackay/Capricorn,3,10,0,4.499163255,10.23288188,6.355174742,0.287734898
3666,1251,-22.1237,152.6093,22117100104,22-117,U/N Reef,U/N Reef (22-117),Mackay/Capricorn,2,10,0,1.439816208,2.619162292,1.832507963,0.246162365
3667,1251,-22.1254,152.6289,22118100104,22-118,U/N Reef,U/N Reef (22-118),Mackay/Capricorn,2,10,0,2.80310762,6.602317422,3.531944982,0.227599871
3668,1249,-22.121,152.6764,22119100104,22-119,U/N Reef,U/N Reef (22-119),Mackay/Capricorn,2,10,0,0.928080073,3.721529955,2.84641616,0.225751215
3669,1249,-22.115,152.8012,22120100104,22-120,U/N Reef,U/N Reef (22-120),Mackay/Capricorn,3,10,0,0.112972398,0.44517733,0.012553116,0.296671358
3670,1263,-23.1175,150.9917,23008100104,23-008,Man And Wife (Ban-ka-boo-la-re) Rocks Reef,Man and Wife (Ban-ka-boo-la-re) Rcks Rf 23-008,Mackay/Capricorn,1,11,0,0.056456461,0.353179348,0.215691361,0.251116139
3671,1263,-23.1496,150.9054,23009100104,23-009,Miall (Ma-ma-lon-bi) Reef,Miall (Ma-ma-lon-bi) Reef (23-009),Mackay/Capricorn,1,11,0,0.817640262,0.912163447,0.469627344,0.251116139
3672,1263,-23.1678,150.9158,23010100104,23-010,Middle (Ba-la-ba) Island Reef,Middle (Ba-la-ba) Island Reef (23-010),Mackay/Capricorn,1,11,1,0.669857481,2.112136199,0.748995012,0.273688045
3673,1267,-23.1729,150.8042,23011100104,23-011,Bluff Rock Reef,Bluff Rock Reef (23-011),Mackay/Capricorn,1,11,0,0.04920168,0.056420317,4.34105e-4,0.267191561
3674,1263,-23.1575,150.9577,23012101104,23-012a,Great Keppel (Wop-pa) Island Reef (No 1),Great Keppel (Wop-pa) Island Reef (No 1) (23-012a),Mackay/Capricorn,1,11,0,0.907701581,3.128427893,0.291149978,0.273867268
3675,1298,-23.5987,152.0274,23076100104,23-076,Lamont Reef,Lamont Reef (23-076),Mackay/Capricorn,3,11,0,15.15881592,14.2435735,10.47773047,0.304551614
3676,1300,-23.6331,152.1474,23077100104,23-077,Fitzroy Reef,Fitzroy Reef (23-077),Mackay/Capricorn,3,11,0,36.4642867,39.51663016,29.88460589,0.314125271
3677,1255,-22.2289,150.2699,22049100104,22-049,Lingham Reef,Lingham Reef (22-049),Mackay/Capricorn,1,9,0,1.656887896,4.408492972,3.234964275,0.272031721
3678,1255,-22.2096,150.2327,22050100104,22-050,Turn Shoal,Turn Shoal (22-050),Mackay/Capricorn,1,9,0,0.196998548,0.758703195,0.008080222,0.267194273
3679,1255,-22.2369,150.3093,22052100104,22-052,Collins Reef,Collins Reef (22-052),Mackay/Capricorn,1,9,0,5.820265562,9.31463863,7.767717811,0.273857575
3680,1249,-22.117,152.7462,22121100104,22-121,Sinker Reef,Sinker Reef (22-121),Mackay/Capricorn,3,10,0,1.604186195,4.894380353,3.85985525,0.289557995
3681,1248,-22.1482,152.5318,22122100104,22-122,Junior Reef,Junior Reef (22-122),Mackay/Capricorn,2,10,0,5.052586862,8.326474412,4.295460197,0.238263548
3682,1251,-22.1498,152.5976,22123100104,22-123,U/N Reef,U/N Reef (22-123),Mackay/Capricorn,2,10,0,5.269479523,7.898949296,2.974001806,0.216901354
3683,1249,-22.1502,152.7606,22124100104,22-124,Taiwan Reef,Taiwan Reef (22-124),Mackay/Capricorn,3,10,0,4.841508828,11.62768325,7.068284362,0.290981183
3684,1251,-22.1554,152.553,22125100104,22-125,U/N Reef,U/N Reef (22-125),Mackay/Capricorn,2,10,0,1.425765179,2.982419252,1.980127558,0.229679153
3685,1254,-22.1617,152.6525,22126100104,22-126,U/N Reef,U/N Reef (22-126),Mackay/Capricorn,2,10,0,4.989425562,4.34018305,2.425928487,0.223186366
3686,1265,-23.1511,150.9756,23012102104,23-012b,Great Keppel (Wop-pa) Island Reef (No 2),Great Keppel (Wop-pa) Island Reef (No 2) (23-012b),Mackay/Capricorn,1,11,0,0.879366323,1.509283756,0.175954219,0.263837962
3687,1265,-23.1725,150.9861,23012103104,23-012c,Great Keppel (Wop-pa) Island Reef (No 3),Great Keppel (Wop-pa) Island Reef (No 3) (23-012c),Mackay/Capricorn,1,11,0,1.471473219,3.465456018,1.036736892,0.257131176
3688,1265,-23.1892,150.966,23012104104,23-012d,Great Keppel (Wop-pa) Island Reef (No 4),Great Keppel (Wop-pa) Island Reef (No 4) (23-012d),Mackay/Capricorn,1,11,0,0.516188237,2.165289051,1.082797956,0.253821809
3689,1263,-23.1886,150.9347,23012105104,23-012e,Great Keppel (Wop-pa) Island Reef (No 5),Great Keppel (Wop-pa) Island Reef (No 5) (23-012e),Mackay/Capricorn,1,11,0,0.611268328,1.475143747,0.646634021,0.272633406
3690,1302,-23.6946,152.1809,23078100104,23-078,Llewellyn Reef,Llewellyn Reef (23-078),Mackay/Capricorn,3,11,1,22.57618151,23.94230245,22.29930694,0.345797328
3691,1303,-23.7575,152.2719,23079100104,23-079,Boult Reef,Boult Reef (23-079),Mackay/Capricorn,3,11,0,10.02453316,16.15702503,13.61067002,0.34017309
3692,1304,-23.8081,152.2868,23080100104,23-080,Hoskyn Islands Reef,Hoskyn Islands Reef (23-080),Mackay/Capricorn,3,11,1,8.792620963,12.21337609,10.33264147,0.337741424
3693,1255,-22.2501,150.4333,22053101104,22-053a,Leicester Island Reef (No 1),Leicester Island Reef (No 1) (22-053a),Mackay/Capricorn,1,9,0,4.758325644,8.723805903,7.290880265,0.273867268
3694,1255,-22.2917,150.4192,22053102104,22-053b,Leicester Island Reef (No 2),Leicester Island Reef (No 2) (22-053b),Mackay/Capricorn,1,9,0,0.511766244,1.144287421,0.809450045,0.273867268
3695,1255,-22.2066,150.4741,22054100104,22-054,Cape Island Reef,Cape Island Reef (22-054),Mackay/Capricorn,1,9,0,0.189460399,0.461656778,0.216562468,0.273867268
3696,1255,-22.1948,150.2845,22055100104,22-055,White Shoal,White Shoal (22-055),Mackay/Capricorn,1,9,0,0.484581403,1.558927399,0.018166329,0.267194685
3697,1253,-22.1793,152.5234,22127100104,22-127,U/N Reef,U/N Reef (22-127),Mackay/Capricorn,2,10,0,2.343682748,3.494410278,2.640785277,0.248027175
3698,1253,-22.1871,152.6045,22128100104,22-128,U/N Reef,U/N Reef (22-128),Mackay/Capricorn,2,10,0,3.108894887,7.140520398,3.026558284,0.225616081
3699,1253,-22.1847,152.6269,22129100104,22-129,U/N Reef,U/N Reef (22-129),Mackay/Capricorn,2,10,0,5.145556722,6.223315389,2.444452854,0.220846686
3700,1254,-22.1705,152.6982,22130100104,22-130,Gater Reef,Gater Reef (22-130),Mackay/Capricorn,2,10,0,25.65657275,38.747145,18.41023496,0.230210273
3701,1254,-22.1834,152.7613,22131100104,22-131,Sunray Reef,Sunray Reef (22-131),Mackay/Capricorn,3,10,0,2.49932017,7.556790429,5.872558325,0.287645582
3702,1265,-23.2001,150.9699,23014100104,23-014,Halfway Island Reef,Halfway Island Reef (23-014),Mackay/Capricorn,1,11,0,0.294423133,1.392428179,0.420978417,0.268439735
3703,1269,-23.2112,150.9677,23016100104,23-016,Humpy (Bur-ye-Bur-ye) Reef,Humpy (Bur-ye-Bur-ye) Reef (23-016),Mackay/Capricorn,1,11,0,0.431976293,2.053245776,1.02939361,0.259299695
3704,1267,-23.2436,150.8735,23017100104,23-017,Pelican Island Reef,Pelican Island Reef (23-017),Mackay/Capricorn,1,11,0,0.908103108,2.42429822,0.431104878,0.253285123
3705,1267,-23.178,150.7983,23018100104,23-018,U/N Reef,U/N Reef (23-018),Mackay/Capricorn,1,11,0,0.62812849,1.351094531,0.725061416,0.273867268
3706,1307,-23.8663,152.3612,23081100104,23-081,Fairfax Islands Reef,Fairfax Islands Reef (23-081),Mackay/Capricorn,3,11,1,12.96101955,13.55886878,11.38355464,0.353458149
3707,1255,-22.2856,150.2288,22056100104,22-056,Osborn Reef,Osborn Reef (22-056),Mackay/Capricorn,1,9,0,0.54189923,1.055520256,0.652111556,0.273527877
3708,1255,-22.2817,150.2921,22057100104,22-057,Blind Reef,Blind Reef (22-057),Mackay/Capricorn,1,9,0,0.34021287,0.374925961,0.003656886,0.26719049
3709,1255,-22.337,150.2839,22058100104,22-058,Master Rocks Reef,Master Rocks Reef (22-058),Mackay/Capricorn,1,9,1,0.073435373,0.344551737,0.00332503,0.267192653
3710,1255,-22.3083,150.3018,22060100104,22-060,Edward Island Reef,Edward Island Reef (22-060),Mackay/Capricorn,1,9,1,0.082064508,0.104398599,8.6838e-4,0.267188082
3711,1255,-22.3094,150.24,22061100104,22-061,Sun Reef,Sun Reef (22-061),Mackay/Capricorn,1,9,1,0.075702382,0.474559814,0.300722114,0.273867268
3712,1253,-22.203,152.5549,22132100104,22-132,U/N Reef,U/N Reef (22-132),Mackay/Capricorn,2,10,0,2.972436612,1.529546626,1.104817721,0.250080667
3713,1254,-22.209,152.757,22133100104,22-133,Sandshoe Reef,Sandshoe Reef (22-133),Mackay/Capricorn,3,10,0,6.36432978,14.51471556,10.4128305,0.28686931
3714,1253,-22.2228,152.6187,22134100104,22-134,U/N Reef,U/N Reef (22-134),Mackay/Capricorn,2,10,0,1.718707051,3.769012213,2.85498144,0.22234759
3715,1256,-22.2403,152.5274,22135100104,22-135,U/N Reef,U/N Reef (22-135),Mackay/Capricorn,2,10,0,1.930119443,2.608279433,0.695224333,0.23225842
3716,1256,-22.2453,152.6537,22136100104,22-136,U/N Reef,U/N Reef (22-136),Mackay/Capricorn,2,10,0,1.721572308,5.312414271,3.64461718,0.23847937
3717,1268,-23.2777,150.8865,23019100104,23-019,Wedge Island Reef,Wedge Island Reef (23-019),Mackay/Capricorn,1,11,0,1.189982083,1.383610959,0.508551284,0.273638725
3718,1267,-23.2846,150.8263,23020100104,23-020,Mother Macgregor Reef,Mother Macgregor Reef (23-020),Mackay/Capricorn,1,11,0,0.78231591599999994,2.835375566,2.131093852,0.273677235
3719,1282,-23.3009,150.8305,23022100104,23-022,Round Rock Reef,Round Rock Reef (23-022),Mackay/Capricorn,1,11,0,0.275684355,1.19483939,0.835822145,0.271226126
3720,1283,-23.3031,150.9222,23023100104,23-023,Divided Reef,Divided Reef (23-023),Mackay/Capricorn,1,11,0,0.876184652,0.345090645,0.179223748,0.273867268
3721,1282,-23.3142,150.8487,23024100104,23-024,Flat Rock Reef,Flat Rock Reef (23-024),Mackay/Capricorn,1,11,0,0.108883207,0.055891172,4.29871e-4,0.267200344
3722,1283,-23.3321,150.9298,23025100104,23-025,Split Rock Reef,Split Rock Reef (23-025),Mackay/Capricorn,1,11,1,0.024045235,0.001112901,5.24e-6,0.267196315
3723,1310,-23.9019,152.3871,23082101104,23-082a,Lady Musgrave Reef,Lady Musgrave Reef (23-082a),Mackay/Capricorn,3,11,0,29.32649758,24.79713374,20.09522242,0.309873871
3724,1310,-23.9211,152.3968,23082102104,23-082b,U/N Reef,U/N Reef (23-082b),Mackay/Capricorn,3,11,0,0.058044861,0.261024058,0.006885216,0.296671352
3725,1267,-23.2234,150.8159,23083101104,23-083a,U/N Reef,U/N Reef (23-083a),out,1,11,0,0.555458077,1.72612146,1.160888713,0.272426635
3726,1267,-23.2347,150.8251,23083102104,23-083b,U/N Reef,U/N Reef (23-083b),Mackay/Capricorn,1,11,0,0.372559572,1.201737761,0.615787485,0.272888227
3727,1306,-23.7718,151.3181,23084100104,23-084,Farmers Reef,Farmers Reef (23-084),out,1,11,0,0.062144018,0.301946653,0.002865947,0.267195082
3728,1306,-23.7988,151.2649,23085100104,23-085,Turtle Island Reef,Turtle Island Reef (23-085),out,1,11,0,0.202715707,0.777461612,0.008305405,0.267193851
3729,1255,-22.3202,150.2046,22062100104,22-062,Swan Reef,Swan Reef (22-062),Mackay/Capricorn,1,9,1,0.286589961,0.708402957,0.471958105,0.273867268
3730,1255,-22.3084,150.4523,22063100104,22-063,Marquis Reef,Marquis Reef (22-063),Mackay/Capricorn,1,9,1,3.476206563,5.109703653,4.097663695,0.273478853
3731,1255,-22.3276,150.3137,22064100104,22-064,Bay Island Reef,Bay Island Reef (22-064),Mackay/Capricorn,1,9,1,0.108472453,0.163190199,0.001434718,0.267190779
3732,1255,-22.35,150.4591,22065100104,22-065,Round Rock Ledges,Round Rock Ledges (22-065),Mackay/Capricorn,1,9,1,1.597570578,2.807883538,2.222104681,0.273060025
3733,1257,-22.2437,152.6822,22137100104,22-137,U/N Reef,U/N Reef (22-137),Mackay/Capricorn,2,10,0,0.962026372,3.290667531,1.980443103,0.276355497
3734,1256,-22.2568,152.5608,22138100104,22-138,U/N Reef,U/N Reef (22-138),Mackay/Capricorn,2,10,0,2.784706289,2.133359788,1.142839022,0.253813482
3735,1256,-22.2644,152.6047,22139100104,22-139,U/N Reef,U/N Reef (22-139),Mackay/Capricorn,2,10,0,6.27891313,11.70394482,5.952582075,0.225436065
3736,1257,-22.2707,152.7373,22140100104,22-140,Sweetlip Reef,Sweetlip Reef (22-140),Mackay/Capricorn,3,10,0,21.63753468,37.06475581,19.90719353,0.293245218
3737,1258,-22.3079,152.6628,22141100104,22-141,Dicks Reef,Dicks Reef (22-141),Mackay/Capricorn,2,10,0,5.086037316,12.15146215,5.790935749,0.225750393
3738,1283,-23.349,150.9377,23026100104,23-026,Peak Reef,Peak Reef (23-026),Mackay/Capricorn,1,11,1,1.185921893,0.43044569,0.126421403,0.273867268
3739,1283,-23.3607,150.9432,23027100104,23-027,Arch Reef,Arch Reef (23-027),Mackay/Capricorn,1,11,1,0.02651346,0.152656812,0.00133059,0.267197639
3740,1282,-23.3578,150.8137,23028100104,23-028,Girt Reef,Girt Reef (23-028),Mackay/Capricorn,1,11,0,0.873625469,0.81800779,0.55486861,0.273867268
3741,1282,-23.4221,150.858,23029100104,23-029,Quartz Reef,Quartz Reef (23-029),Mackay/Capricorn,1,11,0,0.019052856,0.117179189,9.87678e-4,0.267188076
3742,1264,-23.1547,151.085,23030100104,23-030,The Child Reef,The Child Reef (23-030),Mackay/Capricorn,1,11,0,0.104768278,0.191157041,0.108119026,0.263837962
3743,1306,-23.8343,151.338,23086100104,23-086,Bushy Island Reef,Bushy Island Reef (23-086),out,1,11,0,0.020890872,0.126237851,0.001074463,0.267189367
3744,1292,-23.4273,151.5954,23087100104,23-087,U/N Reef,U/N Reef (23-087),Mackay/Capricorn,2,11,0,2.540223253,5.060475096,0.259162991,0.237745432
3745,1289,-23.4999,151.8163,23088101104,23-088a,U/N Reef,U/N Reef (23-088a),Mackay/Capricorn,2,11,0,1.008595388,1.56305315,0.538088024,0.228214562
3746,1289,-23.5095,151.8166,23088102104,23-088b,U/N Reef,U/N Reef (23-088b),Mackay/Capricorn,2,11,0,0.363459006,1.688930289,0.859106574,0.228214562
3747,1300,-23.6795,152.0872,23089100104,23-089,U/N Reef,U/N Reef (23-089),Mackay/Capricorn,3,11,0,1.083627492,2.712021718,0.095853238,0.296671358
3748,1311,-23.871,152.4646,23090100104,23-090,Stuart Shoal,Stuart Shoal (23-090),Mackay/Capricorn,3,11,0,0.655915659,1.816416985,0.061061782,0.296671358
3749,1255,-22.356,150.3274,22066100104,22-066,Connor Rock Reef,Connor Rock Reef (22-066),Mackay/Capricorn,1,9,1,0.350012471,0.350218656,0.047044024,0.263837962
3750,1255,-22.3576,150.2679,22067100104,22-067,Akens Reef,Akens Reef (22-067),Mackay/Capricorn,1,9,1,1.158052518,2.419911455,1.660364112,0.273867268
3751,1255,-22.4337,150.3386,22068100104,22-068,U/N Reef,U/N Reef (22-068),Mackay/Capricorn,1,9,1,1.077993667,3.45369955,2.774503446,0.273867268
3752,1255,-22.0066,150.645,22069100104,22-069,Tweed Reef,Tweed Reef (22-069),Mackay/Capricorn,1,9,0,0.316346239,0.253768615,0.067419868,0.251116139
3753,1258,-22.2989,152.7365,22142100104,22-142,U/N Reef,U/N Reef (22-142),Mackay/Capricorn,3,10,0,0.874578671,3.193394954,1.988346916,0.287420646
3754,1258,-22.325,152.729,22143100104,22-143,U/N Reef,U/N Reef (22-143),Mackay/Capricorn,3,10,0,8.429806313,17.08444393,8.064529408,0.28714281
3755,1258,-22.332,152.6803,22144100104,22-144,U/N Reef,U/N Reef (22-144),Mackay/Capricorn,3,10,0,4.775681583,12.01893657,9.267247816,0.312802833
3756,1258,-22.3435,152.7306,22145100104,22-145,Hixson Cay Reef,Hixson Cay Reef (22-145),Mackay/Capricorn,3,10,0,1.297973511,4.851174174,3.479112772,0.295723645
3757,1259,-22.367,152.5445,22146101104,22-146a,Twins Reef (West),Twins Reef (West) (22-146a),Mackay/Capricorn,3,10,0,7.265140381,7.29580964,3.743182841,0.307843276
3758,1259,-22.3799,152.5605,22146102104,22-146b,Twins Reef (East),Twins Reef (East) (22-146b),Mackay/Capricorn,3,10,0,2.635933535,5.292875651,3.146518259,0.292443746
3759,1264,-23.1627,151.0707,23031101104,23-031a,Barren (A-rum-mi) (First Lump) Reef (No 1),Barren (A-rum-mi) (First Lump) Rf (No 1) 23-031a,Mackay/Capricorn,1,11,0,0.080651157,0.116358175,0.061225894,0.263837962
3760,1264,-23.1633,151.079,23031102104,23-031b,Barren (A-rum-mi) (First Lump) Reef (No 2),Barren (A-rum-mi) (First Lump) Rf (No 2) 23-031b,Mackay/Capricorn,1,11,0,0.100961084,0.192319613,0.107082905,0.251116139
3761,1264,-23.1978,151.1004,23033100104,23-033,Egg Reef,Egg Reef (23-033),Mackay/Capricorn,1,11,1,0.135159635,0.055240617,0.026753393,0.263837962
3762,1269,-23.2911,151.0857,23034100104,23-034,Lisa Jane Shoals,Lisa Jane Shoals (23-034),Mackay/Capricorn,1,11,0,0.594582791,1.838303928,0.021867919,0.267194687
3763,1283,-23.3467,151.0691,23035100104,23-035,Jabiru Shoals,Jabiru Shoals (23-035),Mackay/Capricorn,1,11,1,3.881370122,8.245593079,0.118328039,0.267194683
3764,1283,-23.4001,151.1541,23036100104,23-036,Hummocky Reef,Hummocky Reef (23-036),Mackay/Capricorn,1,11,0,0.59153906,1.232075675,0.148814016,0.273867268
3765,1255,-22.0294,150.6496,22070100104,22-070,Rothbury Reef,Rothbury Reef (22-070),Mackay/Capricorn,1,9,0,0.529433734,0.408812979,0.204101164,0.251116139
3766,1260,-22.0888,150.6723,22071100104,22-071,Cheviot Reef,Cheviot Reef (22-071),Mackay/Capricorn,1,9,0,0.479994709,0.871706266,0.013671199,0.251116139
3767,1255,-22.2661,150.5409,22073100104,22-073,Raynham Reef,Raynham Reef (22-073),Mackay/Capricorn,1,9,1,0.14495191,0.218535132,0.001992732,0.267184672
3768,1255,-22.3418,150.2588,22074100104,22-074,Pelican Rock Reef,Pelican Rock Reef (22-074),Mackay/Capricorn,1,9,1,0.390329311,0.916125452,0.628022394,0.273867268
3769,1258,-22.3608,152.7063,22147101104,22-147a,U/N Reef,U/N Reef (22-147a),Mackay/Capricorn,3,10,1,2.970818382,8.389673069,6.412810222,0.28697541
3770,1258,-22.3562,152.7199,22147102104,22-147b,South Hixson Reef,South Hixson Reef (22-147b),Mackay/Capricorn,3,10,1,1.932826723,5.00502702,3.841780566,0.296305276
3771,1259,-22.3953,152.5969,22148101104,22-148a,Howard Patch (No 1),Howard Patch (No 1) (22-148a),Mackay/Capricorn,3,10,1,1.733533889,4.602146915,2.81839487,0.294564094
3772,1259,-22.3807,152.6529,22148102104,22-148b,Howard Patch (No 2),Howard Patch (No 2) (22-148b),Mackay/Capricorn,3,10,1,12.98431276,22.18618106,14.24445305,0.291689959
3773,1259,-22.3769,152.6128,22148103104,22-148c,Howard Patch (No 3),Howard Patch (No 3) (22-148c),Mackay/Capricorn,3,10,1,4.311396197,8.396394349,3.914730023,0.292682063
3774,1283,-23.4079,151.1836,23037100104,23-037,Ship Rock Reef,Ship Rock Reef (23-037),Mackay/Capricorn,1,11,0,0.112136819,0.484078691,0.004873577,0.267196652
3775,1283,-23.4172,151.1689,23038100104,23-038,Fairway Rock Reef,Fairway Rock Reef (23-038),Mackay/Capricorn,1,11,0,0.204562019,0.020679908,1.40407e-4,0.267193843
3776,1283,-23.4293,151.0245,23039100104,23-039,Timandra Bank,Timandra Bank (23-039),out,1,11,0,0.998373178,2.782486478,0.034859826,0.26719468
3777,1261,-23.0055,151.8334,23041100104,23-041,Innamincka Shoal,Innamincka Shoal (23-041),Mackay/Capricorn,3,11,0,2.73565585,5.849375012,3.281256386,0.292999814
3778,1266,-23.0322,151.778,23042101104,23-042a,Haberfield Shoal,Haberfield Shoal (23-042a),Mackay/Capricorn,3,11,0,14.60467246,8.396493635,6.246871228,0.292999814
3779,1260,-22.3379,150.7155,22075100104,22-075,Clara Group Reef,Clara Group Reef (22-075),Mackay/Capricorn,1,9,0,1.161460937,0.025120335,1.74884e-4,0.267207677
3780,1260,-22.3581,150.682,22076100104,22-076,Brown Reef,Brown Reef (22-076),Mackay/Capricorn,1,9,0,0.02594945,0.149997867,0.00130419,0.267197939
3781,1260,-22.3827,150.5076,22077100104,22-077,Triangular Reef,Triangular Reef (22-077),Mackay/Capricorn,1,9,0,0.639956755,0.527858615,0.005372476,0.267194273
3782,1260,-22.5639,150.798,22149100104,22-149,Quoin Reef,Quoin Reef (22-149),Mackay/Capricorn,1,11,0,0.167826496,0.100483228,8.31903e-4,0.267192294
3783,1260,-22.6563,150.9595,22152100104,22-152,Perforated (Peak) Reef,Perforated (Peak) Reef (22-152),Mackay/Capricorn,1,11,0,0.180103035,0.017489355,1.16261e-4,0.267187831
3784,1260,-22.7307,150.9943,22153100104,22-153,Flat Island Reef,Flat Island Reef (22-153),Mackay/Capricorn,1,11,0,0.343575533,0.67344157,0.342755462,0.251116139
3785,1262,-22.7978,150.8116,22154100104,22-154,Five Rocks Reef,Five Rocks Reef (22-154),Mackay/Capricorn,1,11,0,0.056439678,0.274814245,0.069682235,0.273867268
3786,1262,-22.9337,150.7921,22155100104,22-155,U/N Reef,U/N Reef (22-155),out,1,11,0,2.332911224,2.013393487,1.115389767,0.266244121
3787,1266,-23.0494,151.8433,23042102104,23-042b,Guthrie Shoal,Guthrie Shoal (23-042b),Mackay/Capricorn,3,11,0,3.527539954,3.907918744,1.511692436,0.292999814
3788,1275,-23.0777,151.5966,23043100104,23-043,Johnson Patch,Johnson Patch (23-043),Mackay/Capricorn,3,11,0,0.311959944,0.276659562,0.163880369,0.292999814
3789,1266,-23.0914,151.6671,23044100104,23-044,Douglas Shoal,Douglas Shoal (23-044),Mackay/Capricorn,3,11,0,8.930463448,5.273124941,2.078152919,0.292999814
3790,1266,-23.1854,151.9039,23045101104,23-045a,North Reef (North),North Reef (North) (23-045a),Mackay/Capricorn,3,11,1,5.529020645,15.46192187,12.16196223,0.341883308
3791,1260,-22.334,150.6599,22078100104,22-078,Island Head Reef,Island Head Reef (22-078),Mackay/Capricorn,1,9,0,0.341889574,0.688567713,0.360510148,0.273867268
3792,1260,-22.4049,150.7418,22079100104,22-079,Split Island Reef,Split Island Reef (22-079),Mackay/Capricorn,1,9,0,0.135402301,0.026859292,1.8843e-4,0.267198251
3793,1260,-22.4115,150.7465,22080100104,22-080,Dome Reef,Dome Reef (22-080),Mackay/Capricorn,1,9,0,0.26658859,0.084751695,6.85957e-4,0.267191521
3794,1260,-22.4309,150.7305,22081100104,22-081,U/N Reef,U/N Reef (22-081),Mackay/Capricorn,1,9,0,2.268700331,0.876174466,0.009500409,0.267195656
3795,1261,-22.6443,151.5401,22156100104,22-156,Karamea Bank,Karamea Bank (22-156),Mackay/Capricorn,3,11,0,6.686930223,11.61792629,0.492517517,0.296671358
3796,1261,-22.8559,151.6588,22157100104,22-157,Barcoo Bank,Barcoo Bank (22-157),Mackay/Capricorn,3,11,1,3.62181077,7.115093747,0.283697295,0.296671358
3797,1261,-22.8469,151.7713,22158100104,22-158,Moresby Bank,Moresby Bank (22-158),Mackay/Capricorn,3,11,0,2.502648989,5.294883589,0.203465349,0.296671358
3798,1261,-22.8831,151.7753,22159100104,22-159,Edgell Bank,Edgell Bank (22-159),Mackay/Capricorn,3,11,0,2.734128958,5.68321441,0.2203283,0.296671358
3799,1261,-22.9107,151.7238,22160100104,22-160,Goodwin Shoal,Goodwin Shoal (22-160),Mackay/Capricorn,3,11,0,1.253024588,3.133984586,0.690137796,0.292999814
3800,1259,-22.6134,152.6738,22161100104,22-161,Archer Shoal,Archer Shoal (22-161),Mackay/Capricorn,3,10,1,3.048612273,6.212721854,0.243553368,0.296671358
3801,1260,-22.5181,150.7706,22163100104,22-163,Round Island Reef,Round Island Reef (22-163),Mackay/Capricorn,1,9,1,0.087407162,0.102437583,8.49371e-4,0.26718788
3802,1266,-23.2053,151.8877,23045102104,23-045b,North Reef (South),North Reef (South) (23-045b),Mackay/Capricorn,3,11,1,0.308733631,0.992873232,0.030949776,0.296671358
3803,1271,-23.2461,151.7826,23046100104,23-046,Tryon Reef,Tryon Reef (23-046),Mackay/Capricorn,3,11,1,3.533202985,10.57013442,8.611977206,0.358890751
3804,1271,-23.2572,151.7618,23047100104,23-047,Brew Shoal,Brew Shoal (23-047),Mackay/Capricorn,3,11,1,4.270397071,6.847838599,2.891225217,0.292999814
3805,1274,-23.2695,151.9403,23048100104,23-048,Broomfield Reef,Broomfield Reef (23-048),Mackay/Capricorn,3,11,0,15.16548087,28.54400863,23.15808758,0.405687656
3806,1276,-23.2954,151.7703,23049100104,23-049,North West Island Reef,North West Island Reef (23-049),Mackay/Capricorn,3,11,0,88.92211302,107.3192885,89.99662011,0.42926049
